Timestamp,sensorFilter.baroAge0,sensorFilter.baroLag0,sensorFilter.baroSeen0,sensorFilter.tofAge0,sensorFilter.vz0
5603701,0,0,0,0,0.0
5603721,0,0,0,0,0.0
5603741,0,0,0,0,0.0
5603761,0,0,0,0,0.0
5603781,0,0,0,0,0.0
5603801,0,0,0,0,0.0
5603821,0,0,0,0,0.0
5603841,0,0,0,0,0.0
5603861,0,0,0,0,0.0
5603881,0,0,0,0,0.0
5603901,0,0,0,0,0.0
5603921,0,0,0,0,0.0
5603941,0,0,0,0,0.0
5603961,0,0,0,0,0.0
5603981,0,0,0,0,0.0
5604001,0,0,0,0,0.0
5604021,0,0,0,0,0.0
5604041,0,0,0,0,0.0
5604061,0,0,0,0,0.0
5604081,0,0,0,0,0.0
5604101,0,0,0,0,0.0
5604121,0,0,0,0,0.0
5604141,0,0,0,0,0.0
5604161,0,0,0,0,0.0
5604181,0,0,0,0,0.0
5604201,0,0,0,0,0.0
5604221,0,0,0,0,0.0
5604241,0,0,0,0,0.0
5604261,0,0,0,0,0.0
5604281,0,0,0,0,0.0
5604301,0,0,0,0,0.0
5604321,0,0,0,0,0.0
5604341,0,0,0,0,0.0
5604361,0,0,0,0,0.0
5604381,0,0,0,0,0.0
5604401,0,0,0,0,0.0
5604421,0,0,0,0,0.0
5604441,0,0,0,0,0.0
5604461,0,0,0,0,0.0
5604481,0,0,0,0,0.0
5604501,0,0,0,0,0.0
5604521,0,0,0,0,0.0
5604541,0,0,0,0,0.0
5604561,0,0,0,0,0.0
5604581,0,0,0,0,0.0
5604601,0,0,0,0,0.0
5604621,0,0,0,0,0.0
5604641,0,0,0,0,0.0
5604661,0,0,0,0,0.0
5604681,0,0,0,0,0.0
5604701,0,0,0,0,0.0
5604721,0,0,0,0,0.0
5604741,0,0,0,0,0.0
5604761,0,0,0,0,0.0
5604781,0,0,0,0,0.0
5604801,0,0,0,0,0.0
5604821,0,0,0,0,0.0
5604841,0,0,0,0,0.0
5604861,0,0,0,0,0.0
5604881,0,0,0,0,0.0
5604901,0,0,0,0,0.0
5604921,0,0,0,0,0.0
5604941,0,0,0,0,0.0
5604961,0,0,0,0,0.0
5604981,0,0,0,0,0.0
5605001,0,0,0,0,0.0
5605021,0,0,0,0,0.0
5605041,0,0,0,0,0.0
5605061,0,0,0,0,0.0
5605081,0,0,0,0,0.0
5605101,0,0,0,0,0.0
5605121,0,0,0,0,0.0
5605141,0,0,0,0,0.0
5605161,0,0,0,0,0.0
5605181,0,0,0,0,0.0
5605201,0,0,0,0,0.0
5605221,0,0,0,0,0.0
5605241,0,0,0,0,0.0
5605261,0,0,0,0,0.0
5605281,0,0,0,0,0.0
5605301,0,0,0,0,0.0
5605321,0,0,0,0,0.0
5605341,0,0,0,0,0.0
5605361,0,0,0,0,0.0
5605381,0,0,0,0,0.0
5605401,0,0,0,0,0.0
5605421,0,0,0,0,0.0
5605441,0,0,0,0,0.0
5605461,0,0,0,0,0.0
5605481,0,0,0,0,0.0
5605501,0,0,0,0,0.0
5605521,0,0,0,0,0.0
5605541,0,0,0,0,0.0
5605561,0,0,0,0,0.0
5605581,0,0,0,0,0.0
5605601,0,0,0,0,0.0
5605621,0,0,0,0,0.0
5605641,0,0,0,0,0.0
5605661,0,0,0,0,0.0
5605681,0,0,0,0,0.0
5605701,0,0,0,0,0.0
5605721,0,0,0,0,0.0
5605741,0,0,0,0,0.0
5605761,0,0,0,0,0.0
5605781,0,0,0,0,0.0
5605801,0,0,0,0,0.0
5605821,0,0,0,0,0.0
5605841,0,0,0,0,0.0
5605861,0,0,0,0,0.0
5605881,0,0,0,0,0.0
5605901,0,0,0,0,0.0
5605921,0,0,0,0,0.0
5605941,0,0,0,0,0.0
5605961,0,0,0,0,0.0
5605981,0,0,0,0,0.0
5606001,0,0,0,0,0.0
5606021,0,0,0,0,0.0
5606041,0,0,0,0,0.0
5606061,0,0,0,0,0.0
5606081,0,0,0,0,0.0
5606101,0,0,0,0,0.0
5606121,0,0,0,0,0.0
5606141,0,0,0,0,0.0
5606161,0,0,0,0,0.0
5606181,0,0,0,0,0.0
5606201,0,0,0,0,0.0
5606221,0,0,0,0,0.0
5606241,0,0,0,0,0.0
5606261,0,0,0,0,0.0
5606281,0,0,0,0,0.0
5606301,0,0,0,0,0.0
5606321,0,0,0,0,0.0
5606341,0,0,0,0,0.0
5606361,0,0,0,0,0.0
5606381,0,0,0,0,0.0
5606401,0,0,0,0,0.0
5606421,0,0,0,0,0.0
5606441,0,0,0,0,0.0
5606461,0,0,0,0,0.0
5606481,0,0,0,0,0.0
5606501,0,0,0,0,0.0
5606521,0,0,0,0,0.0
5606541,0,0,0,0,0.0
5606561,0,0,0,0,0.0
5606581,0,0,0,0,0.0
5606601,0,0,0,0,0.0
5606621,0,0,0,0,0.0
5606641,0,0,0,0,0.0
5606661,0,0,0,0,0.0
5606681,0,0,0,0,0.0
5606701,0,0,0,0,0.0
5606721,0,0,0,0,0.0
5606741,0,0,0,0,0.0
5606761,0,0,0,0,0.0
5606781,0,0,0,0,0.0
5606801,0,0,0,0,0.0
5606821,0,0,0,0,0.0
5606841,0,0,0,0,0.0
5606861,0,0,0,0,0.0
5606881,0,0,0,0,0.0
5606901,0,0,0,0,0.0
5606921,0,0,0,0,0.0
5606941,0,0,0,0,0.0
5606961,0,0,0,0,0.0
5606981,0,0,0,0,0.0
5607001,0,0,0,0,0.0
5607021,0,0,0,0,0.0
5607041,0,0,0,0,0.0
5607061,0,0,0,0,0.0
5607081,0,0,0,0,0.0
5607101,0,0,0,0,0.0
5607121,0,0,0,0,0.0
5607141,0,0,0,0,0.0
5607161,0,0,0,0,0.0
5607181,0,0,0,0,0.0
5607201,0,0,0,0,0.0
5607221,0,0,0,0,0.0
5607241,0,0,0,0,0.0
5607261,0,0,0,0,0.0
5607281,0,0,0,0,0.0
5607301,0,0,0,0,0.0
5607321,0,0,0,0,0.0
5607341,0,0,0,0,0.0
5607361,0,0,0,0,0.0
5607381,0,0,0,0,0.0
5607401,0,0,0,0,0.0
5607421,0,0,0,0,0.0
5607441,0,0,0,0,0.0
5607461,0,0,0,0,0.0
5607481,0,0,0,0,0.0
5607501,0,0,0,0,0.0
5607521,0,0,0,0,0.0
5607541,0,0,0,0,0.0
5607561,0,0,0,0,0.0
5607581,0,0,0,0,0.0
5607601,0,0,0,0,0.0
5607621,0,0,0,0,0.0
5607641,0,0,0,0,0.0
5607661,0,0,0,0,0.0
5607681,0,0,0,0,0.0
5607701,0,0,0,0,0.0
5607721,0,0,0,0,0.0
5607741,0,0,0,0,0.0
5607761,0,0,0,0,0.0
5607781,0,0,0,0,0.0
5607801,0,0,0,0,0.0
5607821,0,0,0,0,0.0
5607841,0,0,0,0,0.0
5607861,0,0,0,0,0.0
5607881,0,0,0,0,0.0
5607901,0,0,0,0,0.0
5607921,0,0,0,0,0.0
5607941,0,0,0,0,0.0
5607961,0,0,0,0,0.0
5607981,0,0,0,0,0.0
5608001,0,0,0,0,0.0
5608021,0,0,0,0,0.0
5608041,0,0,0,0,0.0
5608061,0,0,0,0,0.0
5608081,0,0,0,0,0.0
5608101,16,31,1,0,-0.08670057356357574
5608121,16,31,1,0,-0.08670057356357574
5608141,16,31,1,0,-0.08670057356357574
5608161,16,31,1,0,-0.08670057356357574
5608181,16,31,1,0,-0.08670057356357574
5608201,16,31,1,0,-0.08670057356357574
5608221,16,31,1,0,-0.08670057356357574
5608241,16,31,1,0,-0.08670057356357574
5608261,16,31,1,0,-0.08670057356357574
5608281,16,31,1,0,-0.08670057356357574
5608301,16,31,1,0,-0.08670057356357574
5608321,16,31,1,0,-0.08670057356357574
5608341,16,31,1,0,-0.08670057356357574
5608361,16,31,1,0,-0.08670057356357574
5608381,16,31,1,0,-0.08670057356357574
5608401,16,31,1,0,-0.08670057356357574
5608421,16,31,1,0,-0.08670057356357574
5608441,16,31,1,0,-0.08670057356357574
5608461,16,31,1,0,-0.08670057356357574
5608481,16,31,1,0,-0.08670057356357574
5608501,16,31,1,0,-0.08670057356357574
5608521,16,31,1,0,-0.08670057356357574
5608541,16,31,1,0,-0.08670057356357574
5608561,16,31,1,0,-0.08670057356357574
5608581,16,31,1,0,-0.08670057356357574
5608601,16,31,1,0,-0.08670057356357574
5608621,16,31,1,0,-0.08670057356357574
5608641,16,31,1,0,-0.08670057356357574
5608661,16,31,1,0,-0.08670057356357574
5608681,16,31,1,0,-0.08670057356357574
5608701,16,31,1,0,-0.08670057356357574
5608721,16,31,1,0,-0.08670057356357574
5608741,16,31,1,0,-0.08670057356357574
5608761,16,31,1,0,-0.08670057356357574
5608781,16,31,1,0,-0.08670057356357574
5608801,16,31,1,0,-0.08670057356357574
5608821,16,31,1,0,-0.08670057356357574
5608841,16,31,1,0,-0.08670057356357574
5608861,16,31,1,0,-0.08670057356357574
5608881,16,31,1,0,-0.08670057356357574
5608901,16,31,1,0,-0.08670057356357574
5608921,16,31,1,0,-0.08670057356357574
5608941,16,31,1,0,-0.08670057356357574
5608961,16,31,1,0,-0.08670057356357574
5608981,16,31,1,0,-0.08670057356357574
5609001,16,31,1,0,-0.08670057356357574
5609021,7,13,1,0,-0.14441728591918945
5609041,7,13,1,0,-0.14441728591918945
5609061,7,13,1,0,-0.14441728591918945
5609081,7,13,1,0,-0.14441728591918945
5609101,7,13,1,0,-0.14441728591918945
5609121,7,13,1,0,-0.14441728591918945
5609141,7,13,1,0,-0.14441728591918945
5609161,7,13,1,0,-0.14441728591918945
5609181,7,13,1,0,-0.14441728591918945
5609201,7,13,1,0,-0.14441728591918945
5609221,7,13,1,0,-0.14441728591918945
5609241,7,13,1,0,-0.14441728591918945
5609261,7,13,1,0,-0.14441728591918945
5609281,7,13,1,0,-0.14441728591918945
5609301,7,13,1,0,-0.14441728591918945
5609321,7,13,1,0,-0.14441728591918945
5609341,7,13,1,0,-0.14441728591918945
5609361,7,13,1,0,-0.14441728591918945
5609381,7,13,1,0,-0.14441728591918945
5609401,7,13,1,0,-0.14441728591918945
5609421,7,13,1,0,-0.14441728591918945
5609441,7,13,1,0,-0.14441728591918945
5609461,7,13,1,0,-0.14441728591918945
5609481,7,13,1,0,-0.14441728591918945
5609501,7,13,1,0,-0.14441728591918945
5609521,7,13,1,0,-0.14441728591918945
5609541,7,13,1,0,-0.14441728591918945
5609561,7,13,1,0,-0.14441728591918945
5609581,7,13,1,0,-0.14441728591918945
5609601,7,13,1,0,-0.14441728591918945
5609621,7,13,1,0,-0.14441728591918945
5609641,7,13,1,0,-0.14441728591918945
5609661,7,13,1,0,-0.14441728591918945
5609681,7,13,1,0,-0.14441728591918945
5609701,7,13,1,0,-0.14441728591918945
5609721,7,13,1,0,-0.14441728591918945
5609741,7,13,1,0,-0.14441728591918945
5609761,7,13,1,0,-0.14441728591918945
5609781,7,13,1,0,-0.14441728591918945
5609801,7,13,1,0,-0.14441728591918945
5609821,7,13,1,0,-0.14441728591918945
5609841,7,13,1,0,-0.14441728591918945
5609861,7,13,1,0,-0.14441728591918945
5609881,7,13,1,0,-0.14441728591918945
5609901,7,13,1,0,-0.14441728591918945
5609921,7,13,1,0,-0.14441728591918945
5609941,7,13,1,0,-0.14441728591918945
5609961,7,13,1,0,-0.14441728591918945
5609981,7,13,1,0,-0.14441728591918945
5610001,7,13,1,0,-0.14441728591918945
5610021,7,13,1,0,-0.14441728591918945
5610041,7,13,1,0,-0.14441728591918945
5610061,7,13,1,0,-0.14441728591918945
5610081,7,13,1,0,-0.14441728591918945
5610101,7,13,1,0,-0.14441728591918945
5610121,7,13,1,0,-0.14441728591918945
5610141,7,13,1,0,-0.14441728591918945
5610161,7,13,1,0,-0.14441728591918945
5610181,7,13,1,0,-0.14441728591918945
5610201,7,13,1,0,-0.14441728591918945
5610221,7,13,1,0,-0.14441728591918945
5610241,7,13,1,0,-0.14441728591918945
5610261,7,13,1,0,-0.14441728591918945
5610281,7,13,1,0,-0.14441728591918945
5610301,7,13,1,0,-0.14441728591918945
5610321,7,13,1,0,-0.14441728591918945
5610341,7,13,1,0,-0.14441728591918945
5610361,7,13,1,0,-0.14441728591918945
5610381,7,13,1,0,-0.14441728591918945
5610401,7,13,1,0,-0.14441728591918945
5610421,7,13,1,0,-0.14441728591918945
5610441,7,13,1,0,-0.14441728591918945
5610461,7,13,1,0,-0.14441728591918945
5610481,7,13,1,0,-0.14441728591918945
5610501,7,13,1,0,-0.14441728591918945
5610521,7,13,1,0,-0.14441728591918945
5610541,7,13,1,0,-0.14441728591918945
5610561,7,13,1,0,-0.14441728591918945
5610581,7,13,1,0,-0.14441728591918945
5610601,7,13,1,0,-0.14441728591918945
5610621,7,13,1,0,-0.14441728591918945
5610641,7,13,1,0,-0.14441728591918945
5610661,7,13,1,0,-0.14441728591918945
5610681,7,13,1,0,-0.14441728591918945
5610701,7,13,1,0,-0.14441728591918945
5610721,7,13,1,0,-0.14441728591918945
5610741,7,13,1,0,-0.14441728591918945
5610761,7,13,1,0,-0.14441728591918945
5610781,7,13,1,0,-0.14441728591918945
5610801,7,13,1,0,-0.14441728591918945
5610821,7,13,1,0,-0.14441728591918945
5610841,7,13,1,0,-0.14441728591918945
5610861,7,13,1,0,-0.14441728591918945
5610881,7,13,1,0,-0.14441728591918945
5610901,7,13,1,0,-0.14441728591918945
5610921,7,13,1,0,-0.14441728591918945
5610941,7,13,1,0,-0.14441728591918945
5610961,7,13,1,0,-0.14441728591918945
5610981,7,13,1,0,-0.14441728591918945
5611001,7,13,1,0,-0.14441728591918945
5611021,7,13,1,0,-0.14441728591918945
5611041,7,13,1,0,-0.14441728591918945
5611061,7,13,1,0,-0.14441728591918945
5611081,7,13,1,0,-0.14441728591918945
5611101,7,13,1,0,-0.14441728591918945
5611121,7,13,1,0,-0.14441728591918945
5611141,7,13,1,0,-0.14441728591918945
5611161,7,13,1,0,-0.14441728591918945
5611181,7,13,1,0,-0.14441728591918945
5611201,7,13,1,0,-0.14441728591918945
5611221,7,13,1,0,-0.14441728591918945
5611241,7,13,1,0,-0.14441728591918945
5611261,7,13,1,0,-0.14441728591918945
5611281,7,13,1,0,-0.14441728591918945
5611301,7,13,1,0,-0.14441728591918945
5611321,7,13,1,0,-0.14441728591918945
5611341,7,13,1,0,-0.14441728591918945
5611361,7,13,1,0,-0.14441728591918945
5611381,7,13,1,0,-0.14441728591918945
5611401,7,13,1,0,-0.14441728591918945
5611421,7,13,1,0,-0.14441728591918945
5611441,7,13,1,0,-0.14441728591918945
5611461,7,13,1,0,-0.14441728591918945
5611481,7,13,1,0,-0.14441728591918945
5611501,7,13,1,0,-0.14441728591918945
5611521,7,13,1,0,-0.14441728591918945
5611541,7,13,1,0,-0.14441728591918945
5611561,7,13,1,0,-0.14441728591918945
5611581,7,13,1,0,-0.14441728591918945
5611601,7,13,1,0,-0.14441728591918945
5611621,7,13,1,0,-0.14441728591918945
5611641,7,13,1,0,-0.14441728591918945
5611661,7,13,1,0,-0.14441728591918945
5611681,7,13,1,0,-0.14441728591918945
5611701,7,13,1,0,-0.14441728591918945
5611721,7,13,1,0,-0.14441728591918945
5611741,7,13,1,0,-0.14441728591918945
5611761,7,13,1,0,-0.14441728591918945
5611781,7,13,1,0,-0.14441728591918945
5611801,7,13,1,0,-0.14441728591918945
5611821,7,13,1,0,-0.14441728591918945
5611841,7,13,1,0,-0.14441728591918945
5611861,7,13,1,0,-0.14441728591918945
5611881,7,13,1,0,-0.14441728591918945
5611901,7,13,1,0,-0.14441728591918945
5611921,7,13,1,0,-0.14441728591918945
5611941,7,13,1,0,-0.14441728591918945
5611961,7,13,1,0,-0.14441728591918945
5611981,7,13,1,0,-0.14441728591918945
5612001,7,13,1,0,-0.14441728591918945
5612021,7,13,1,0,-0.14441728591918945
5612041,7,13,1,0,-0.14441728591918945
5612061,7,13,1,0,-0.14441728591918945
5612081,7,13,1,0,-0.14441728591918945
5612101,7,13,1,0,-0.14441728591918945
5612121,7,13,1,0,-0.14441728591918945
5612141,7,13,1,0,-0.14441728591918945
5612161,7,13,1,0,-0.14441728591918945
5612181,7,13,1,0,-0.14441728591918945
5612201,7,13,1,0,-0.14441728591918945
5612221,7,13,1,0,-0.14441728591918945
5612241,7,13,1,0,-0.14441728591918945
5612261,7,13,1,0,-0.14441728591918945
5612281,7,13,1,0,-0.14441728591918945
5612301,7,13,1,0,-0.14441728591918945
5612321,7,13,1,0,-0.14441728591918945
5612341,7,13,1,0,-0.14441728591918945
5612361,7,13,1,0,-0.14441728591918945
5612381,7,13,1,0,-0.14441728591918945
5612401,7,13,1,0,-0.14441728591918945
5612421,7,13,1,0,-0.14441728591918945
5612441,7,13,1,0,-0.14441728591918945
5612461,7,13,1,0,-0.14441728591918945
5612481,7,13,1,0,-0.14441728591918945
5612501,7,13,1,0,-0.14441728591918945
5612521,7,13,1,0,-0.14441728591918945
5612541,7,13,1,0,-0.14441728591918945
5612561,7,13,1,0,-0.14441728591918945
5612581,7,13,1,0,-0.14441728591918945
5612601,7,13,1,0,-0.14441728591918945
5612621,7,13,1,0,-0.14441728591918945
5612641,7,13,1,0,-0.14441728591918945
5612661,7,13,1,0,-0.14441728591918945
5612681,7,13,1,0,-0.14441728591918945
5612701,7,13,1,0,-0.14441728591918945
5612721,7,13,1,0,-0.14441728591918945
5612741,7,13,1,0,-0.14441728591918945
5612761,7,13,1,0,-0.14441728591918945
5612781,7,13,1,0,-0.14441728591918945
5612801,7,13,1,0,-0.14441728591918945
5612821,7,13,1,0,-0.14441728591918945
5612841,7,13,1,0,-0.14441728591918945
5612861,7,13,1,0,-0.14441728591918945
5612881,7,13,1,0,-0.14441728591918945
5612901,7,13,1,0,-0.14441728591918945
5612921,7,13,1,0,-0.14441728591918945
5612941,7,13,1,0,-0.14441728591918945
5612961,7,13,1,0,-0.14441728591918945
5612981,7,13,1,0,-0.14441728591918945
5613001,7,13,1,0,-0.14441728591918945
5613021,7,13,1,0,-0.14441728591918945
5613041,7,13,1,0,-0.14441728591918945
5613061,7,13,1,0,-0.14441728591918945
5613081,7,13,1,0,-0.14441728591918945
5613101,7,13,1,0,-0.14441728591918945
5613121,7,13,1,0,-0.14441728591918945
5613141,7,13,1,0,-0.14441728591918945
5613161,7,13,1,0,-0.14441728591918945
5613181,7,13,1,0,-0.14441728591918945
5613201,7,13,1,0,-0.14441728591918945
5613221,7,13,1,0,-0.14441728591918945
5613241,7,13,1,0,-0.14441728591918945
5613261,7,13,1,0,-0.14441728591918945
5613281,7,13,1,0,-0.14441728591918945
5613301,7,13,1,0,-0.14441728591918945
5613321,7,13,1,0,-0.14441728591918945
5613341,7,13,1,0,-0.14441728591918945
5613361,7,13,1,0,-0.14441728591918945
5613381,7,13,1,0,-0.14441728591918945
5613401,7,13,1,0,-0.14441728591918945
5613421,7,13,1,0,-0.14441728591918945
5613441,7,13,1,0,-0.14441728591918945
5613461,7,13,1,0,-0.14441728591918945
5613481,7,13,1,0,-0.14441728591918945
5613501,7,13,1,0,-0.14441728591918945
5613521,7,13,1,0,-0.14441728591918945
5613541,7,13,1,0,-0.14441728591918945
5613561,7,13,1,0,-0.14441728591918945
5613581,7,13,1,0,-0.14441728591918945
5613601,7,13,1,0,-0.14441728591918945
5613621,7,13,1,0,-0.14441728591918945
5613641,7,13,1,0,-0.14441728591918945
5613661,7,13,1,0,-0.14441728591918945
5613681,7,13,1,0,-0.14441728591918945
5613701,7,13,1,0,-0.14441728591918945
5613721,7,13,1,0,-0.14441728591918945
5613741,7,13,1,0,-0.14441728591918945
5613761,7,13,1,0,-0.14441728591918945
5613781,7,13,1,0,-0.14441728591918945
5613801,7,13,1,0,-0.14441728591918945
5613821,7,13,1,0,-0.14441728591918945
5613841,7,13,1,0,-0.14441728591918945
5613861,7,13,1,0,-0.14441728591918945
5613881,7,13,1,0,-0.14441728591918945
5613901,7,13,1,0,-0.14441728591918945
5613921,7,13,1,0,-0.14441728591918945
5613941,7,13,1,0,-0.14441728591918945
5613961,7,13,1,0,-0.14441728591918945
5613981,7,13,1,0,-0.14441728591918945
5614001,7,13,1,0,-0.14441728591918945
5614021,7,13,1,0,-0.14441728591918945
5614041,7,13,1,0,-0.14441728591918945
5614061,7,13,1,0,-0.14441728591918945
5614081,7,13,1,0,-0.14441728591918945
5614101,7,13,1,0,-0.14441728591918945
5614121,7,13,1,0,-0.14441728591918945
5614141,7,13,1,0,-0.14441728591918945
5614161,7,13,1,0,-0.14441728591918945
5614181,7,13,1,0,-0.14441728591918945
5614201,7,13,1,0,-0.14441728591918945
5614221,7,13,1,0,-0.14441728591918945
5614241,7,13,1,0,-0.14441728591918945
5614261,7,13,1,0,-0.14441728591918945
5614281,7,13,1,0,-0.14441728591918945
5614301,7,13,1,0,-0.14441728591918945
5614321,7,13,1,0,-0.14441728591918945
5614341,7,13,1,0,-0.14441728591918945
5614361,7,13,1,0,-0.14441728591918945
5614381,7,13,1,0,-0.14441728591918945
5614401,7,13,1,0,-0.14441728591918945
5614421,7,13,1,0,-0.14441728591918945
5614441,7,13,1,0,-0.14441728591918945
5614461,7,13,1,0,-0.14441728591918945
5614481,7,13,1,0,-0.14441728591918945
5614501,7,13,1,0,-0.14441728591918945
5614521,7,13,1,0,-0.14441728591918945
5614541,7,13,1,0,-0.14441728591918945
5614561,7,13,1,0,-0.14441728591918945
5614581,7,13,1,0,-0.14441728591918945
5614601,7,13,1,0,-0.14441728591918945
5614621,7,13,1,0,-0.14441728591918945
5614641,7,13,1,0,-0.14441728591918945
5614661,7,13,1,0,-0.14441728591918945
5614681,7,13,1,0,-0.14441728591918945
5614701,7,13,1,0,-0.14441728591918945
5614721,7,13,1,0,-0.14441728591918945
5614741,7,13,1,0,-0.14441728591918945
5614761,7,13,1,0,-0.14441728591918945
5614781,7,13,1,0,-0.14441728591918945
5614801,7,13,1,0,-0.14441728591918945
5614821,7,13,1,0,-0.14441728591918945
5614841,7,13,1,0,-0.14441728591918945
5614861,7,13,1,0,-0.14441728591918945
5614881,7,13,1,0,-0.14441728591918945
5614901,7,13,1,0,-0.14441728591918945
5614921,7,13,1,0,-0.14441728591918945
5614941,7,13,1,0,-0.14441728591918945
5614961,7,13,1,0,-0.14441728591918945
5614981,7,13,1,0,-0.14441728591918945
5615001,7,13,1,0,-0.14441728591918945
5615021,7,13,1,0,-0.14441728591918945
5615041,7,13,1,0,-0.14441728591918945
5615061,7,13,1,0,-0.14441728591918945
5615081,7,13,1,0,-0.14441728591918945
5615101,7,13,1,0,-0.14441728591918945
5615121,7,13,1,0,-0.14441728591918945
5615141,7,13,1,0,-0.14441728591918945
5615161,7,13,1,0,-0.14441728591918945
5615181,7,13,1,0,-0.14441728591918945
5615201,7,13,1,0,-0.14441728591918945
5615221,7,13,1,0,-0.14441728591918945
5615241,7,13,1,0,-0.14441728591918945
5615261,7,13,1,0,-0.14441728591918945
5615281,7,13,1,0,-0.14441728591918945
5615301,7,13,1,0,-0.14441728591918945
5615321,7,13,1,0,-0.14441728591918945
5615341,7,13,1,0,-0.14441728591918945
5615361,7,13,1,0,-0.14441728591918945
5615381,7,13,1,0,-0.14441728591918945
5615401,7,13,1,0,-0.14441728591918945
5615421,7,13,1,0,-0.14441728591918945
5615441,7,13,1,0,-0.14441728591918945
5615461,7,13,1,0,-0.14441728591918945
5615481,7,13,1,0,-0.14441728591918945
5615501,7,13,1,0,-0.14441728591918945
5615521,7,13,1,0,-0.14441728591918945
5615541,7,13,1,0,-0.14441728591918945
5615561,7,13,1,0,-0.14441728591918945
5615581,7,13,1,0,-0.14441728591918945
5615601,7,13,1,0,-0.14441728591918945
5615621,7,13,1,0,-0.14441728591918945
5615641,7,13,1,0,-0.14441728591918945
5615661,7,13,1,0,-0.14441728591918945
5615681,7,13,1,0,-0.14441728591918945
5615701,7,13,1,0,-0.14441728591918945
5615721,7,13,1,0,-0.14441728591918945
5615741,7,13,1,0,-0.14441728591918945
5615761,7,13,1,0,-0.14441728591918945
5615781,7,13,1,0,-0.14441728591918945
5615801,7,13,1,0,-0.14441728591918945
5615821,7,13,1,0,-0.14441728591918945
5615841,7,13,1,0,-0.14441728591918945
5615861,7,13,1,0,-0.14441728591918945
5615881,7,13,1,0,-0.14441728591918945
5615901,7,13,1,0,-0.14441728591918945
5615921,7,13,1,0,-0.14441728591918945
5615941,7,13,1,0,-0.14441728591918945
5615961,7,13,1,0,-0.14441728591918945
5615981,7,13,1,0,-0.14441728591918945
5616001,7,13,1,0,-0.14441728591918945
5616021,7,13,1,0,-0.14441728591918945
5616041,7,13,1,0,-0.14441728591918945
5616061,7,13,1,0,-0.14441728591918945
5616081,7,13,1,0,-0.14441728591918945
5616101,7,13,1,0,-0.14441728591918945
5616121,7,13,1,0,-0.14441728591918945
5616141,7,13,1,0,-0.14441728591918945
5616161,7,13,1,0,-0.14441728591918945
5616181,7,13,1,0,-0.14441728591918945
5616201,7,13,1,0,-0.14441728591918945
5616221,7,13,1,0,-0.14441728591918945
5616241,7,13,1,0,-0.14441728591918945
5616261,7,13,1,0,-0.14441728591918945
5616281,7,13,1,0,-0.14441728591918945
5616301,7,13,1,0,-0.14441728591918945
5616321,7,13,1,0,-0.14441728591918945
5616341,7,13,1,0,-0.14441728591918945
5616361,7,13,1,0,-0.14441728591918945
5616381,7,13,1,0,-0.14441728591918945
5616401,7,13,1,0,-0.14441728591918945
5616421,7,13,1,0,-0.14441728591918945
5616441,7,13,1,0,-0.14441728591918945
5616461,7,13,1,0,-0.14441728591918945
5616481,7,13,1,0,-0.14441728591918945
5616501,7,13,1,0,-0.14441728591918945
5616521,7,13,1,0,-0.14441728591918945
5616541,7,13,1,0,-0.14441728591918945
5616561,7,13,1,0,-0.14441728591918945
5616581,7,13,1,0,-0.14441728591918945
5616601,7,13,1,0,-0.14441728591918945
5616621,7,13,1,0,-0.14441728591918945
5616641,7,13,1,0,-0.14441728591918945
5616661,7,13,1,0,-0.14441728591918945
5616681,7,13,1,0,-0.14441728591918945
5616701,7,13,1,0,-0.14441728591918945
5616721,7,13,1,0,-0.14441728591918945
5616741,7,13,1,0,-0.14441728591918945
5616761,7,13,1,0,-0.14441728591918945
5616781,7,13,1,0,-0.14441728591918945
5616801,7,13,1,0,-0.14441728591918945
5616821,7,13,1,0,-0.14441728591918945
5616841,7,13,1,0,-0.14441728591918945
5616861,7,13,1,0,-0.14441728591918945
5616881,7,13,1,0,-0.14441728591918945
5616901,7,13,1,0,-0.14441728591918945
5616921,7,13,1,0,-0.14441728591918945
5616941,7,13,1,0,-0.14441728591918945
5616961,7,13,1,0,-0.14441728591918945
5616981,7,13,1,0,-0.14441728591918945
5617001,7,13,1,0,-0.14441728591918945
5617021,7,13,1,0,-0.14441728591918945
5617041,7,13,1,0,-0.14441728591918945
5617061,7,13,1,0,-0.14441728591918945
5617081,7,13,1,0,-0.14441728591918945
5617101,7,13,1,0,-0.14441728591918945
5617121,7,13,1,0,-0.14441728591918945
5617141,7,13,1,0,-0.14441728591918945
5617161,7,13,1,0,-0.14441728591918945
5617181,7,13,1,0,-0.14441728591918945
5617201,7,13,1,0,-0.14441728591918945
5617221,7,13,1,0,-0.14441728591918945
5617241,7,13,1,0,-0.14441728591918945
5617261,7,13,1,0,-0.14441728591918945
5617281,7,13,1,0,-0.14441728591918945
5617301,7,13,1,0,-0.14441728591918945
5617321,7,13,1,0,-0.14441728591918945
5617341,7,13,1,0,-0.14441728591918945
5617361,7,13,1,0,-0.14441728591918945
5617381,7,13,1,0,-0.14441728591918945
5617401,7,13,1,0,-0.14441728591918945
5617421,7,13,1,0,-0.14441728591918945
5617441,7,13,1,0,-0.14441728591918945
5617461,7,13,1,0,-0.14441728591918945
5617481,7,13,1,0,-0.14441728591918945
5617501,7,13,1,0,-0.14441728591918945
5617521,7,13,1,0,-0.14441728591918945
5617541,7,13,1,0,-0.14441728591918945
5617561,7,13,1,0,-0.14441728591918945
5617581,7,13,1,0,-0.14441728591918945
5617601,7,13,1,0,-0.14441728591918945
5617621,7,13,1,0,-0.14441728591918945
5617641,7,13,1,0,-0.14441728591918945
5617661,7,13,1,0,-0.14441728591918945
5617681,7,13,1,0,-0.14441728591918945
5617701,7,13,1,0,-0.14441728591918945
5617721,7,13,1,0,-0.14441728591918945
5617741,7,13,1,0,-0.14441728591918945
5617761,7,13,1,0,-0.14441728591918945
5617781,7,13,1,0,-0.14441728591918945
5617801,7,13,1,0,-0.14441728591918945
5617821,7,13,1,0,-0.14441728591918945
5617841,7,13,1,0,-0.14441728591918945
5617861,7,13,1,0,-0.14441728591918945
5617881,7,13,1,0,-0.14441728591918945
5617901,7,13,1,0,-0.14441728591918945
5617921,7,13,1,0,-0.14441728591918945
5617941,7,13,1,0,-0.14441728591918945
5617961,7,13,1,0,-0.14441728591918945
5617981,7,13,1,0,-0.14441728591918945
5618001,7,13,1,0,-0.14441728591918945
5618021,7,13,1,0,-0.14441728591918945
5618041,7,13,1,0,-0.14441728591918945
5618061,7,13,1,0,-0.14441728591918945
5618081,7,13,1,0,-0.14441728591918945
5618101,7,13,1,0,-0.14441728591918945
5618121,7,13,1,0,-0.14441728591918945
5618141,7,13,1,0,-0.14441728591918945
5618161,7,13,1,0,-0.14441728591918945
5618181,7,13,1,0,-0.14441728591918945
5618201,7,13,1,0,-0.14441728591918945
5618221,7,13,1,0,-0.14441728591918945
5618241,7,13,1,0,-0.14441728591918945
5618261,7,13,1,0,-0.14441728591918945
5618281,7,13,1,0,-0.14441728591918945
5618301,7,13,1,0,-0.14441728591918945
5618321,7,13,1,0,-0.14441728591918945
5618341,7,13,1,0,-0.14441728591918945
5618361,7,13,1,0,-0.14441728591918945
5618381,7,13,1,0,-0.14441728591918945
5618401,7,13,1,0,-0.14441728591918945
5618421,7,13,1,0,-0.14441728591918945
5618441,7,13,1,0,-0.14441728591918945
5618461,7,13,1,0,-0.14441728591918945
5618481,7,13,1,0,-0.14441728591918945
5618501,7,13,1,0,-0.14441728591918945
5618521,7,13,1,0,-0.14441728591918945
5618541,7,13,1,0,-0.14441728591918945
5618561,7,13,1,0,-0.14441728591918945
5618581,7,13,1,0,-0.14441728591918945
5618601,7,13,1,0,-0.14441728591918945
5618621,7,13,1,0,-0.14441728591918945
5618641,7,13,1,0,-0.14441728591918945
5618661,7,13,1,0,-0.14441728591918945
5618681,7,13,1,0,-0.14441728591918945
5618701,7,13,1,0,-0.14441728591918945
5618721,7,13,1,0,-0.14441728591918945
5618741,7,13,1,0,-0.14441728591918945
5618761,7,13,1,0,-0.14441728591918945
5618781,7,13,1,0,-0.14441728591918945
5618801,7,13,1,0,-0.14441728591918945
5618821,7,13,1,0,-0.14441728591918945
5618841,7,13,1,0,-0.14441728591918945
5618861,7,13,1,0,-0.14441728591918945
5618881,7,13,1,0,-0.14441728591918945
5618901,7,13,1,0,-0.14441728591918945
5618921,7,13,1,0,-0.14441728591918945
5618941,7,13,1,0,-0.14441728591918945
5618961,7,13,1,0,-0.14441728591918945
5618981,7,13,1,0,-0.14441728591918945
5619001,7,13,1,0,-0.14441728591918945
5619021,7,13,1,0,-0.14441728591918945
5619041,7,13,1,0,-0.14441728591918945
5619061,7,13,1,0,-0.14441728591918945
5619081,7,13,1,0,-0.14441728591918945
5619101,7,13,1,0,-0.14441728591918945
5619121,7,13,1,0,-0.14441728591918945
5619141,7,13,1,0,-0.14441728591918945
5619161,7,13,1,0,-0.14441728591918945
5619181,7,13,1,0,-0.14441728591918945
5619201,7,13,1,0,-0.14441728591918945
5619221,7,13,1,0,-0.14441728591918945
5619241,7,13,1,0,-0.14441728591918945
5619261,7,13,1,0,-0.14441728591918945
5619281,7,13,1,0,-0.14441728591918945
5619301,7,13,1,0,-0.14441728591918945
5619321,7,13,1,0,-0.14441728591918945
5619341,7,13,1,0,-0.14441728591918945
5619361,7,13,1,0,-0.14441728591918945
5619381,7,13,1,0,-0.14441728591918945
5619401,7,13,1,0,-0.14441728591918945
5619421,7,13,1,0,-0.14441728591918945
5619441,7,13,1,0,-0.14441728591918945
5619461,7,13,1,0,-0.14441728591918945
5619481,7,13,1,0,-0.14441728591918945
5619501,7,13,1,0,-0.14441728591918945
5619521,7,13,1,0,-0.14441728591918945
5619541,7,13,1,0,-0.14441728591918945
5619561,7,13,1,0,-0.14441728591918945
5619581,7,13,1,0,-0.14441728591918945
5619601,7,13,1,0,-0.14441728591918945
5619621,7,13,1,0,-0.14441728591918945
5619641,7,13,1,0,-0.14441728591918945
5619661,7,13,1,0,-0.14441728591918945
5619681,7,13,1,0,-0.14441728591918945
5619701,7,13,1,0,-0.14441728591918945
5619721,7,13,1,0,-0.14441728591918945
5619741,7,13,1,0,-0.14441728591918945
5619761,7,13,1,0,-0.14441728591918945
5619781,7,13,1,0,-0.14441728591918945
5619801,7,13,1,0,-0.14441728591918945
5619821,7,13,1,0,-0.14441728591918945
5619841,7,13,1,0,-0.14441728591918945
5619861,7,13,1,0,-0.14441728591918945
5619881,7,13,1,0,-0.14441728591918945
5619901,7,13,1,0,-0.14441728591918945
5619921,7,13,1,0,-0.14441728591918945
5619941,7,13,1,0,-0.14441728591918945
5619961,7,13,1,0,-0.14441728591918945
5619981,7,13,1,0,-0.14441728591918945
5620001,7,13,1,0,-0.14441728591918945
5620021,7,13,1,0,-0.14441728591918945
5620041,7,13,1,0,-0.14441728591918945
5620061,7,13,1,0,-0.14441728591918945
5620081,7,13,1,0,-0.14441728591918945
5620101,7,13,1,0,-0.14441728591918945
5620121,7,13,1,0,-0.14441728591918945
5620141,7,13,1,0,-0.14441728591918945
5620161,7,13,1,0,-0.14441728591918945
5620181,7,13,1,0,-0.14441728591918945
5620201,7,13,1,0,-0.14441728591918945
5620221,7,13,1,0,-0.14441728591918945
5620241,7,13,1,0,-0.14441728591918945
5620261,7,13,1,0,-0.14441728591918945
5620281,7,13,1,0,-0.14441728591918945
5620301,7,13,1,0,-0.14441728591918945
5620321,7,13,1,0,-0.14441728591918945
5620341,7,13,1,0,-0.14441728591918945
5620361,7,13,1,0,-0.14441728591918945
5620381,7,13,1,0,-0.14441728591918945
5620401,7,13,1,0,-0.14441728591918945
5620421,7,13,1,0,-0.14441728591918945
5620441,7,13,1,0,-0.14441728591918945
5620461,7,13,1,0,-0.14441728591918945
5620481,7,13,1,0,-0.14441728591918945
5620501,7,13,1,0,-0.14441728591918945
5620521,7,13,1,0,-0.14441728591918945
5620541,7,13,1,0,-0.14441728591918945
5620561,7,13,1,0,-0.14441728591918945
5620581,7,13,1,0,-0.14441728591918945
5620601,7,13,1,0,-0.14441728591918945
5620621,7,13,1,0,-0.14441728591918945
5620641,7,13,1,0,-0.14441728591918945
