Timestamp,sensorFilter.baroAge,sensorFilter.baroLag,sensorFilter.baroSeen,sensorFilter.lateElig,sensorFilter.tofAge
5604442,1,1,1,0,0
5604462,1,1,1,0,0
5604482,3,7,1,0,0
5604502,3,7,1,0,0
5604522,6,13,1,0,0
5604542,6,13,1,0,0
5604562,9,19,1,0,0
5604582,9,19,1,0,0
5604602,12,25,1,0,0
5604622,12,25,1,0,0
5604642,12,25,1,0,0
5604662,15,31,1,0,0
5604682,15,31,1,0,0
5604702,19,37,1,0,1
5604722,19,37,1,0,1
5604742,2,3,1,0,1
5604762,2,3,1,0,1
5604782,5,9,1,0,1
5604802,5,9,1,0,1
5604822,8,15,1,0,1
5604842,8,15,1,0,1
5604862,11,21,1,0,1
5604882,11,21,1,0,1
5604902,13,27,1,0,0
5604922,13,27,1,0,0
5604942,13,27,1,0,0
5604962,17,33,1,0,1
5604982,17,33,1,0,1
5605002,1,1,1,0,1
5605022,1,1,1,0,1
5605042,3,7,1,0,0
5605062,3,7,1,0,0
5605082,7,13,1,0,1
5605102,7,13,1,0,1
5605122,10,19,1,0,1
5605142,10,19,1,0,1
5605162,12,25,1,0,0
5605182,12,25,1,0,0
5605202,12,25,1,0,0
5605222,16,31,1,0,1
5605242,16,31,1,0,1
5605262,18,35,1,0,0
5605282,18,35,1,0,0
5605302,1,1,1,0,0
5605322,1,1,1,0,0
5605342,4,7,1,0,0
5605362,4,7,1,0,0
5605382,7,15,1,0,1
5605402,7,15,1,0,1
5605422,9,19,1,0,0
5605442,9,19,1,0,0
5605463,12,25,1,0,0
5605482,12,25,1,0,0
5605502,12,25,1,0,0
5605522,15,31,1,0,0
5605542,15,31,1,0,0
5605562,18,37,1,0,0
5605582,18,37,1,0,0
5605602,2,3,1,0,1
5605622,2,3,1,0,1
5605642,5,9,1,0,1
5605662,5,9,1,0,1
5605682,8,15,1,0,1
5605702,8,15,1,0,1
5605722,11,21,1,0,1
5605742,11,21,1,0,1
5605762,11,21,1,0,1
5605782,14,27,1,0,1
5605802,14,27,1,0,1
5605822,17,33,1,0,1
5605842,17,33,1,0,1
5605862,20,39,1,0,1
5605882,20,39,1,0,1
5605902,3,5,1,0,1
5605922,3,5,1,0,1
5605942,6,11,1,0,0
5605962,6,11,1,0,0
5605982,10,19,1,0,1
5606002,10,19,1,0,1
5606022,10,19,1,0,1
5606042,13,25,1,0,0
5606062,13,25,1,0,0
5606082,16,31,1,0,1
5606102,16,31,1,0,1
5606122,18,35,1,0,0
5606142,18,35,1,0,0
5606162,1,1,1,0,0
5606182,1,1,1,0,0
5606202,4,7,1,0,0
5606222,4,7,1,0,0
5606242,7,13,1,0,0
5606262,7,13,1,0,0
5606282,10,19,1,0,0
5606302,10,19,1,0,0
5606323,11,25,1,0,4294967295
5606342,11,25,1,0,4294967295
5606362,11,25,1,0,4294967295
5606382,15,31,1,0,0
5606402,15,31,1,0,0
5606423,18,39,1,0,0
5606443,18,39,1,0,0
5606462,2,5,1,0,0
5606483,2,5,1,0,0
5606503,6,11,1,0,1
5606522,6,11,1,0,1
5606542,10,19,1,0,1
5606562,10,19,1,0,1
5606583,12,25,1,0,0
5606603,12,25,1,0,0
5606623,12,25,1,0,0
5606643,16,31,1,0,1
5606663,16,31,1,0,1
5606682,20,39,1,0,1
5606702,20,39,1,0,1
5606723,2,5,1,0,0
5606743,2,5,1,0,0
5606763,6,11,1,0,0
5606782,6,11,1,0,0
5606802,10,19,1,0,1
5606822,10,19,1,0,1
5606843,12,25,1,0,0
5606862,12,25,1,0,0
5606883,12,25,1,0,0
5606902,16,31,1,0,0
5606922,16,31,1,0,0
5606942,20,39,1,0,1
5606962,20,39,1,0,1
5606982,2,5,1,0,0
5607002,2,5,1,0,0
5607022,6,11,1,0,1
5607042,6,11,1,0,1
5607062,9,19,1,0,0
5607082,9,19,1,0,0
5607102,9,19,1,0,0
5607122,12,23,1,0,0
5607142,12,23,1,0,0
5607162,15,29,1,0,0
5607182,15,29,1,0,0
5607202,18,35,1,0,0
5607222,18,35,1,0,0
5607242,0,1,1,0,0
5607262,0,1,1,0,0
5607282,3,7,1,0,0
5607302,3,7,1,0,0
5607322,6,15,1,0,0
5607342,6,15,1,0,0
5607362,9,19,1,0,0
5607382,9,19,1,0,0
5607402,9,19,1,0,0
5607422,12,25,1,0,0
5607442,12,25,1,0,0
5607462,16,31,1,0,1
5607482,16,31,1,0,1
5607502,19,37,1,0,1
5607522,19,37,1,0,1
5607542,2,3,1,0,1
5607562,2,3,1,0,1
5607582,5,9,1,0,1
5607602,5,9,1,0,1
5607622,8,15,1,0,1
5607642,8,15,1,0,1
5607662,11,21,1,0,1
5607682,11,21,1,0,1
5607702,11,21,1,0,1
5607722,14,27,1,0,1
5607742,14,27,1,0,1
5607762,17,33,1,0,1
5607782,17,33,1,0,1
5607802,20,39,1,0,1
5607822,20,39,1,0,1
5607842,3,5,1,0,1
5607862,3,5,1,0,1
5607882,6,11,1,0,1
5607902,6,11,1,0,1
5607922,9,17,1,0,1
5607942,9,17,1,0,1
5607962,10,19,1,0,0
5607982,10,19,1,0,0
5608002,10,19,1,0,0
5608022,12,23,1,0,0
5608042,12,23,1,0,0
5608062,14,27,1,0,0
5608082,14,27,1,0,0
5608102,16,31,1,0,0
5608122,16,31,1,0,0
5608142,18,35,1,0,0
5608162,18,35,1,0,0
5608182,20,39,1,0,1
5608202,20,39,1,0,1
5608222,1,3,1,0,0
5608242,1,3,1,0,0
5608262,3,7,1,0,0
5608282,3,7,1,0,0
5608302,6,13,1,0,0
5608322,6,13,1,0,0
5608342,10,19,1,0,1
5608362,10,19,1,0,1
5608382,10,19,1,0,1
5608402,12,23,1,0,1
5608422,12,23,1,0,1
5608442,14,27,1,0,1
5608462,14,27,1,0,1
5608482,17,33,1,0,1
5608502,17,33,1,0,1
5608522,20,39,1,0,1
5608542,20,39,1,0,1
5608562,2,5,1,0,0
5608582,2,5,1,0,0
5608602,5,9,1,0,1
5608622,5,9,1,0,1
5608642,8,15,1,0,1
5608662,8,15,1,0,1
5608682,10,19,1,0,1
5608702,10,19,1,0,1
5608722,10,19,1,0,1
5608742,12,25,1,0,0
5608762,12,25,1,0,0
5608782,15,29,1,0,1
5608802,15,29,1,0,1
5608822,18,35,1,0,1
5608842,18,35,1,0,1
5608862,19,39,1,0,0
5608882,19,39,1,0,0
5608902,1,1,1,0,0
5608922,1,1,1,0,0
5608942,3,5,1,0,0
5608962,3,5,1,0,0
5608982,5,9,1,0,0
5609002,5,9,1,0,0
5609022,7,13,1,0,0
5609042,7,13,1,0,0
5609062,8,17,1,0,0
5609082,8,17,1,0,0
5609102,8,17,1,0,0
5609122,10,21,1,0,0
5609142,10,21,1,0,0
5609162,12,25,1,0,0
5609182,12,25,1,0,0
5609202,14,29,1,0,0
5609222,14,29,1,0,0
5609242,16,33,1,0,0
5609262,16,33,1,0,0
5609282,19,39,1,0,0
5609302,19,39,1,0,0
5609322,2,3,1,0,1
5609342,2,3,1,0,1
5609362,4,7,1,0,1
5609382,4,7,1,0,1
5609402,7,13,1,0,1
5609422,7,13,1,0,1
5609442,9,17,1,0,1
5609462,9,17,1,0,1
5609482,9,17,1,0,1
5609502,11,21,1,0,1
5609522,11,21,1,0,1
5609542,14,27,1,0,1
5609562,14,27,1,0,1
5609582,16,31,1,0,0
5609602,16,31,1,0,0
5609622,19,37,1,0,1
5609642,19,37,1,0,1
5609662,1,1,1,0,1
5609682,1,1,1,0,1
5609702,3,5,1,0,1
5609722,3,5,1,0,1
5609742,6,11,1,0,0
5609762,6,11,1,0,0
5609782,8,17,1,0,0
5609802,8,17,1,0,0
5609822,8,17,1,0,0
5609842,10,19,1,0,0
5609862,10,19,1,0,0
5609882,12,23,1,0,0
5609902,12,23,1,0,0
5609922,14,27,1,0,0
5609942,14,27,1,0,0
5609962,16,31,1,0,0
5609982,16,31,1,0,0
5610002,18,37,1,0,0
5610022,18,37,1,0,0
5610042,0,1,1,0,0
5610062,0,1,1,0,0
5610082,2,5,1,0,0
5610102,2,5,1,0,0
5610122,4,9,1,0,0
5610142,4,9,1,0,0
5610162,8,15,1,0,1
5610182,8,15,1,0,1
5610202,8,15,1,0,1
5610222,10,19,1,0,1
5610242,10,19,1,0,1
5610262,12,23,1,0,1
5610282,12,23,1,0,1
5610302,14,27,1,0,1
5610322,14,27,1,0,1
5610342,16,31,1,0,1
5610362,16,31,1,0,1
5610382,19,37,1,0,1
5610402,19,37,1,0,1
5610422,0,1,1,0,0
5610442,0,1,1,0,0
5610462,4,7,1,0,1
5610482,4,7,1,0,1
5610502,6,11,1,0,1
5610522,6,11,1,0,1
5610542,6,11,1,0,1
5610562,9,17,1,0,1
5610582,9,17,1,0,1
5610602,11,21,1,0,1
5610622,11,21,1,0,1
5610642,13,27,1,0,0
5610662,13,27,1,0,0
5610682,15,31,1,0,0
5610702,15,31,1,0,0
5610722,17,35,1,0,0
5610742,17,35,1,0,0
5610762,19,37,1,0,0
5610782,19,37,1,0,0
5610802,2,3,1,0,1
5610822,2,3,1,0,1
5610842,4,9,1,0,0
5610862,4,9,1,0,0
5610882,6,13,1,0,0
5610902,6,13,1,0,0
5610922,6,13,1,0,0
5610942,8,17,1,0,0
5610962,8,17,1,0,0
5610982,10,21,1,0,0
5611002,10,21,1,0,0
5611022,12,25,1,0,0
5611042,12,25,1,0,0
5611062,14,29,1,0,0
5611082,14,29,1,0,0
5611102,16,33,1,0,0
5611122,16,33,1,0,0
5611142,19,37,1,0,1
5611162,19,37,1,0,1
5611182,2,3,1,0,1
5611202,2,3,1,0,1
5611222,4,7,1,0,1
5611242,4,7,1,0,1
5611262,7,13,1,0,1
5611282,7,13,1,0,1
5611302,7,13,1,0,1
5611322,10,19,1,0,1
5611342,10,19,1,0,1
5611362,12,25,1,0,0
5611382,12,25,1,0,0
5611402,15,29,1,0,1
5611422,15,29,1,0,1
5611442,17,33,1,0,1
5611462,17,33,1,0,1
5611482,19,37,1,0,1
5611502,19,37,1,0,1
5611522,0,1,1,0,0
5611542,0,1,1,0,0
5611562,4,7,1,0,1
5611582,4,7,1,0,1
5611602,6,13,1,0,0
5611622,6,13,1,0,0
5611642,6,13,1,0,0
5611662,8,15,1,0,0
5611682,8,15,1,0,0
5611702,10,19,1,0,0
5611722,10,19,1,0,0
5611742,12,23,1,0,0
5611762,12,23,1,0,0
5611782,14,27,1,0,0
5611802,14,27,1,0,0
5611822,15,31,1,0,0
5611842,15,31,1,0,0
5611862,18,37,1,0,0
5611882,18,37,1,0,0
5611902,0,1,1,0,0
5611922,0,1,1,0,0
5611942,2,5,1,0,0
5611962,2,5,1,0,0
5611982,5,11,1,0,0
5612002,5,11,1,0,0
5612022,5,11,1,0,0
5612042,9,17,1,0,1
5612062,9,17,1,0,1
5612082,11,21,1,0,1
5612102,11,21,1,0,1
5612122,13,25,1,0,1
5612142,13,25,1,0,1
5612162,16,31,1,0,1
5612182,16,31,1,0,1
5612202,19,37,1,0,1
5612222,19,37,1,0,1
5612242,1,1,1,0,1
5612262,1,1,1,0,1
5612282,4,7,1,0,1
5612302,4,7,1,0,1
5612322,6,11,1,0,1
5612342,6,11,1,0,1
5612362,6,11,1,0,1
5612382,9,17,1,0,1
5612402,9,17,1,0,1
5612422,11,21,1,0,1
5612442,11,21,1,0,1
5612462,14,27,1,0,1
5612482,14,27,1,0,1
5612502,16,33,1,0,0
5612522,16,33,1,0,0
5612542,18,37,1,0,0
5612562,18,37,1,0,0
5612582,20,39,1,0,0
5612602,20,39,1,0,0
5612622,2,5,1,0,4294967295
5612642,2,5,1,0,4294967295
5612662,5,9,1,0,0
5612682,5,9,1,0,0
5612702,5,9,1,0,0
5612722,7,13,1,0,0
5612742,7,13,1,0,0
5612762,8,19,1,0,0
5612782,8,19,1,0,0
5612802,11,23,1,0,0
5612822,11,23,1,0,0
5612842,14,29,1,0,0
5612862,14,29,1,0,0
5612882,16,33,1,0,0
5612902,16,33,1,0,0
5612922,18,37,1,0,0
5612942,18,37,1,0,0
5612962,2,3,1,0,1
5612982,2,3,1,0,1
5613002,4,7,1,0,1
5613022,4,7,1,0,1
5613042,4,7,1,0,1
5613062,7,13,1,0,1
5613082,7,13,1,0,1
5613102,10,19,1,0,1
5613122,10,19,1,0,1
5613142,12,23,1,0,1
5613162,12,23,1,0,1
5613182,15,29,1,0,1
5613202,15,29,1,0,1
5613222,18,35,1,0,1
5613242,18,35,1,0,1
5613262,0,1,1,0,0
5613282,0,1,1,0,0
5613302,4,7,1,0,1
5613322,4,7,1,0,1
5613342,4,7,1,0,1
5613362,7,13,1,0,1
5613382,7,13,1,0,1
5613402,10,19,1,0,1
5613422,10,19,1,0,1
5613442,12,25,1,0,0
5613462,12,25,1,0,0
5613482,15,31,1,0,0
5613502,15,31,1,0,0
5613522,18,35,1,0,0
5613542,18,35,1,0,0
5613562,1,3,1,0,0
5613582,1,3,1,0,0
5613602,4,7,1,0,0
5613622,4,7,1,0,0
5613642,4,7,1,0,0
5613662,6,13,1,0,0
5613682,6,13,1,0,0
5613702,9,19,1,0,0
5613722,9,19,1,0,0
5613742,12,25,1,0,0
5613762,12,25,1,0,0
5613782,15,31,1,0,0
5613802,15,31,1,0,0
5613822,18,37,1,0,0
5613842,18,37,1,0,0
5613862,2,3,1,0,1
5613882,2,3,1,0,1
5613902,2,3,1,0,1
5613922,5,9,1,0,1
5613942,5,9,1,0,1
5613962,8,15,1,0,1
5613982,8,15,1,0,1
5614002,11,21,1,0,1
5614022,11,21,1,0,1
5614042,14,27,1,0,1
5614062,14,27,1,0,1
5614082,17,33,1,0,1
5614102,17,33,1,0,1
5614122,20,39,1,0,1
5614142,20,39,1,0,1
5614162,2,5,1,0,0
5614182,2,5,1,0,0
5614202,2,5,1,0,0
5614222,6,11,1,0,1
5614242,6,11,1,0,1
5614262,10,19,1,0,1
5614282,10,19,1,0,1
5614302,13,25,1,0,1
5614322,13,25,1,0,1
5614342,16,31,1,0,1
5614362,16,31,1,0,1
5614382,18,35,1,0,0
5614402,18,35,1,0,0
5614422,1,3,1,0,0
5614442,1,3,1,0,0
5614462,1,3,1,0,0
5614482,4,7,1,0,0
5614502,4,7,1,0,0
5614522,7,13,1,0,0
5614542,7,13,1,0,0
5614562,10,19,1,0,0
5614582,10,19,1,0,0
5614602,12,25,1,0,0
5614622,12,25,1,0,0
5614642,15,31,1,0,0
5614662,15,31,1,0,0
5614682,18,37,1,0,0
5614702,18,37,1,0,0
5614722,1,3,1,0,0
5614742,1,3,1,0,0
5614762,1,3,1,0,0
5614782,4,9,1,0,0
5614802,4,9,1,0,0
5614822,8,15,1,0,1
5614842,8,15,1,0,1
5614862,11,21,1,0,1
5614882,11,21,1,0,1
5614902,14,27,1,0,1
5614922,14,27,1,0,1
5614942,17,33,1,0,1
5614962,17,33,1,0,1
5614982,20,39,1,0,1
5615002,20,39,1,0,1
5615022,3,5,1,0,1
5615042,3,5,1,0,1
5615062,3,5,1,0,1
5615082,6,11,1,0,1
5615102,6,11,1,0,1
5615122,10,19,1,0,1
5615142,10,19,1,0,1
5615162,13,25,1,0,1
5615182,13,25,1,0,1
5615202,16,31,1,0,0
5615222,16,31,1,0,0
5615242,20,39,1,0,1
5615262,20,39,1,0,1
5615282,2,5,1,0,0
5615302,2,5,1,0,0
5615322,2,5,1,0,0
5615342,6,11,1,0,1
5615362,6,11,1,0,1
5615382,8,15,1,0,0
5615402,8,15,1,0,0
5615422,11,21,1,0,0
5615442,11,21,1,0,0
5615462,14,27,1,0,0
5615482,14,27,1,0,0
5615502,16,33,1,0,0
5615522,16,33,1,0,0
5615542,20,39,1,0,1
5615562,20,39,1,0,1
5615583,1,5,1,0,4294967295
5615602,1,5,1,0,4294967295
5615623,1,5,1,0,4294967295
5615642,5,11,1,0,0
5615662,5,11,1,0,0
5615682,8,17,1,0,0
5615702,8,17,1,0,0
5615722,12,25,1,0,0
5615742,12,25,1,0,0
5615762,16,33,1,0,0
5615782,16,33,1,0,0
5615803,20,39,1,0,1
5615822,20,39,1,0,1
5615843,2,5,1,0,0
5615863,2,5,1,0,0
5615883,2,5,1,0,0
5615902,6,11,1,0,1
5615922,6,11,1,0,1
5615942,9,17,1,0,1
5615962,9,17,1,0,1
5615982,12,23,1,0,1
5616002,12,23,1,0,1
5616022,15,29,1,0,1
5616042,15,29,1,0,1
5616063,18,35,1,0,1
5616082,18,35,1,0,1
5616102,1,1,1,0,1
5616122,1,1,1,0,1
5616142,1,1,1,0,1
5616162,3,7,1,0,0
5616182,3,7,1,0,0
5616202,6,13,1,0,0
5616222,6,13,1,0,0
5616242,9,17,1,0,0
5616262,9,17,1,0,0
5616282,12,23,1,0,0
5616302,12,23,1,0,0
5616322,15,29,1,0,0
5616342,15,29,1,0,0
5616362,18,35,1,0,0
5616382,18,35,1,0,0
5616402,0,1,1,0,0
5616422,0,1,1,0,0
5616442,0,1,1,0,0
5616462,3,7,1,0,0
5616482,3,7,1,0,0
5616502,6,13,1,0,0
5616522,6,13,1,0,0
5616542,9,19,1,0,0
5616562,9,19,1,0,0
5616582,13,25,1,0,1
5616602,13,25,1,0,1
5616622,16,31,1,0,1
5616642,16,31,1,0,1
5616662,19,39,1,0,0
5616682,19,39,1,0,0
5616702,19,39,1,0,0
5616722,3,5,1,0,1
5616742,3,5,1,0,1
5616762,6,11,1,0,1
5616782,6,11,1,0,1
5616802,9,17,1,0,1
5616822,9,17,1,0,1
5616842,12,23,1,0,1
5616862,12,23,1,0,1
5616882,15,29,1,0,1
5616902,15,29,1,0,1
5616922,18,35,1,0,1
5616942,18,35,1,0,1
5616962,18,35,1,0,1
5616982,2,3,1,0,1
5617002,2,3,1,0,1
5617022,5,9,1,0,1
5617042,5,9,1,0,1
5617062,8,15,1,0,1
5617082,8,15,1,0,1
5617102,10,21,1,0,0
5617122,10,21,1,0,0
5617142,13,25,1,0,0
5617162,13,25,1,0,0
5617182,17,33,1,0,1
5617202,17,33,1,0,1
5617222,19,37,1,0,0
5617242,19,37,1,0,0
5617262,19,37,1,0,0
5617282,2,3,1,0,0
5617302,2,3,1,0,0
5617322,4,9,1,0,0
5617342,4,9,1,0,0
5617362,7,15,1,0,0
5617382,7,15,1,0,0
5617402,10,21,1,0,0
5617422,10,21,1,0,0
5617442,13,27,1,0,0
5617462,13,27,1,0,0
5617482,16,33,1,0,0
5617502,16,33,1,0,0
5617522,20,39,1,0,1
5617542,20,39,1,0,1
5617562,20,39,1,0,1
5617582,3,5,1,0,1
5617602,3,5,1,0,1
5617622,6,11,1,0,1
5617642,6,11,1,0,1
5617662,10,19,1,0,1
5617682,10,19,1,0,1
5617702,13,25,1,0,1
5617722,13,25,1,0,1
5617742,16,31,1,0,1
5617762,16,31,1,0,1
5617782,16,31,1,0,1
5617802,20,39,1,0,1
5617822,20,39,1,0,1
5617842,3,5,1,0,1
5617862,3,5,1,0,1
5617882,6,11,1,0,1
5617902,6,11,1,0,1
5617922,10,19,1,0,1
5617942,10,19,1,0,1
5617962,13,25,1,0,1
5617982,13,25,1,0,1
5618002,15,31,1,0,0
5618022,15,31,1,0,0
5618042,18,35,1,0,0
5618062,18,35,1,0,0
5618082,18,35,1,0,0
5618102,1,1,1,0,0
5618122,1,1,1,0,0
5618142,4,7,1,0,0
5618162,4,7,1,0,0
5618182,7,13,1,0,0
5618202,7,13,1,0,0
5618222,10,19,1,0,0
5618242,10,19,1,0,0
5618262,12,25,1,0,0
5618282,12,25,1,0,0
5618302,15,31,1,0,0
5618322,15,31,1,0,0
5618342,18,37,1,0,0
5618362,18,37,1,0,0
5618382,18,37,1,0,0
5618402,1,3,1,0,0
5618422,1,3,1,0,0
5618442,4,9,1,0,0
5618462,4,9,1,0,0
5618482,8,15,1,0,1
5618502,8,15,1,0,1
5618522,11,21,1,0,1
5618542,11,21,1,0,1
5618562,14,27,1,0,1
5618582,14,27,1,0,1
5618602,17,33,1,0,1
5618622,17,33,1,0,1
5618642,17,33,1,0,1
5618662,20,39,1,0,1
5618682,20,39,1,0,1
5618702,3,5,1,0,1
5618722,3,5,1,0,1
5618742,6,11,1,0,0
5618762,6,11,1,0,0
5618782,10,19,1,0,1
5618802,10,19,1,0,1
5618822,12,25,1,0,0
5618842,12,25,1,0,0
5618862,16,31,1,0,1
5618882,16,31,1,0,1
5618902,18,37,1,0,0
5618922,18,37,1,0,0
5618942,18,37,1,0,0
5618962,1,3,1,0,0
5618982,1,3,1,0,0
5619002,4,9,1,0,0
5619022,4,9,1,0,0
5619042,7,13,1,0,0
5619062,7,13,1,0,0
5619082,10,19,1,0,0
5619102,10,19,1,0,0
5619122,13,25,1,0,0
5619142,13,25,1,0,0
5619162,15,31,1,0,0
5619182,15,31,1,0,0
5619202,15,31,1,0,0
5619222,18,37,1,0,0
5619242,18,37,1,0,0
5619262,1,3,1,0,0
5619282,1,3,1,0,0
5619302,4,9,1,0,0
5619322,4,9,1,0,0
5619342,8,15,1,0,1
5619362,8,15,1,0,1
5619382,11,21,1,0,1
5619402,11,21,1,0,1
5619422,14,27,1,0,1
5619442,14,27,1,0,1
5619462,17,33,1,0,1
5619482,17,33,1,0,1
5619502,17,33,1,0,1
5619522,20,39,1,0,1
5619542,20,39,1,0,1
5619562,3,5,1,0,1
5619582,3,5,1,0,1
5619602,6,11,1,0,0
5619622,6,11,1,0,0
5619642,10,19,1,0,1
5619662,10,19,1,0,1
5619682,13,25,1,0,1
5619702,13,25,1,0,1
5619722,16,31,1,0,1
5619742,16,31,1,0,1
5619762,16,31,1,0,1
5619782,19,37,1,0,1
5619802,19,37,1,0,1
5619822,2,3,1,0,1
5619842,2,3,1,0,1
5619862,5,9,1,0,1
5619882,5,9,1,0,1
5619902,7,15,1,0,0
5619922,7,15,1,0,0
5619942,10,19,1,0,0
5619962,10,19,1,0,0
5619982,13,25,1,0,0
5620002,13,25,1,0,0
5620022,16,31,1,0,0
5620042,16,31,1,0,0
5620062,16,31,1,0,0
5620082,19,37,1,0,0
5620102,19,37,1,0,0
5620122,1,3,1,0,0
5620142,1,3,1,0,0
5620162,4,9,1,0,0
5620182,4,9,1,0,0
5620202,7,15,1,0,0
5620222,7,15,1,0,0
5620242,10,21,1,0,0
5620262,10,21,1,0,0
5620282,14,27,1,0,1
5620302,14,27,1,0,1
5620322,17,33,1,0,1
5620342,17,33,1,0,1
5620362,17,33,1,0,1
5620382,20,39,1,0,1
5620402,20,39,1,0,1
5620422,3,5,1,0,1
5620442,3,5,1,0,1
5620462,6,11,1,0,0
5620482,6,11,1,0,0
5620502,10,19,1,0,1
5620522,10,19,1,0,1
5620542,13,25,1,0,1
5620562,13,25,1,0,1
5620582,16,31,1,0,1
5620602,16,31,1,0,1
5620622,16,31,1,0,1
5620642,20,39,1,0,1
5620662,20,39,1,0,1
5620682,3,5,1,0,1
5620702,3,5,1,0,1
5620722,6,11,1,0,0
5620742,6,11,1,0,0
5620762,9,19,1,0,0
5620782,9,19,1,0,0
5620802,12,25,1,0,4294967295
5620822,12,25,1,0,4294967295
5620842,15,29,1,0,0
5620862,15,29,1,0,0
5620882,15,29,1,0,0
5620902,18,35,1,0,0
5620922,18,35,1,0,0
5620942,1,1,1,0,0
5620962,1,1,1,0,0
5620982,4,7,1,0,0
5621002,4,7,1,0,0
5621022,6,13,1,0,0
5621042,6,13,1,0,0
5621062,9,19,1,0,0
5621082,9,19,1,0,0
5621102,12,25,1,0,0
5621122,12,25,1,0,0
5621142,15,31,1,0,0
5621162,15,31,1,0,0
5621182,15,31,1,0,0
5621202,20,39,1,0,1
5621222,20,39,1,0,1
5621242,3,5,1,0,1
5621262,3,5,1,0,1
5621282,6,11,1,0,1
5621302,6,11,1,0,1
5621322,10,19,1,0,1
5621342,10,19,1,0,1
5621362,13,25,1,0,1
5621382,13,25,1,0,1
5621402,16,31,1,0,1
5621422,16,31,1,0,1
5621442,16,31,1,0,1
5621462,20,39,1,0,1
5621482,20,39,1,0,1
5621502,3,5,1,0,1
5621522,3,5,1,0,1
5621542,6,11,1,0,1
5621562,6,11,1,0,1
5621582,10,19,1,0,1
5621602,10,19,1,0,1
5621622,13,25,1,0,1
5621642,13,25,1,0,1
5621662,15,31,1,0,0
5621682,15,31,1,0,0
5621702,15,31,1,0,0
5621722,18,35,1,0,0
5621742,18,35,1,0,0
5621762,1,1,1,0,0
5621782,1,1,1,0,0
5621802,4,7,1,0,0
5621822,4,7,1,0,0
5621842,7,13,1,0,0
5621862,7,13,1,0,0
5621882,10,19,1,0,0
