Timestamp,sensorFilter.flowLocal,sensorFilter.surfBaroD,sensorFilter.surfCand,sensorFilter.surfOffset,sensorFilter.surfReason,sensorFilter.surfState
4978920,0,0.0,0.0,0.0,0,0
4978940,0,0.0,0.0,0.0,0,0
4978960,0,0.0,0.0,0.0,0,0
4978980,0,0.0,0.0,0.0,0,0
4979000,0,0.0,0.0,0.0,0,0
4979020,0,0.0,0.0,0.0,0,0
4979040,0,0.0,0.0,0.0,0,0
4979060,0,0.0,0.0,0.0,0,0
4979080,0,0.0,0.0,0.0,0,0
4979100,0,0.0,0.0,0.0,0,0
4979120,0,0.0,0.0,0.0,0,0
4979140,0,0.0,0.0,0.0,0,0
4979160,0,0.0,0.0,0.0,0,0
4979180,0,0.0,0.0,0.0,0,0
4979200,0,0.0,0.0,0.0,0,0
4979220,0,0.0,0.0,0.0,0,0
4979240,0,0.0,0.0,0.0,0,0
4979260,0,0.0,0.0,0.0,0,0
4979280,0,0.0,0.0,0.0,0,0
4979300,0,0.0,0.0,0.0,0,0
4979320,0,0.0,0.0,0.0,0,0
4979340,0,0.0,0.0,0.0,0,0
4979360,0,0.0,0.0,0.0,0,0
4979380,0,0.0,0.0,0.0,0,0
4979400,0,0.0,0.0,0.0,0,0
4979420,0,0.0,0.0,0.0,0,0
4979440,0,0.0,0.0,0.0,0,0
4979460,0,0.0,0.0,0.0,0,0
4979480,0,0.0,0.0,0.0,0,0
4979500,0,0.0,0.0,0.0,0,0
4979520,0,0.0,0.0,0.0,0,0
4979540,0,0.0,0.0,0.0,0,0
4979560,0,0.0,0.0,0.0,0,0
4979580,0,0.0,0.0,0.0,0,0
4979600,0,0.0,0.0,0.0,0,0
4979620,0,0.0,0.0,0.0,0,0
4979640,0,0.0,0.0,0.0,0,0
4979660,0,0.0,0.0,0.0,0,0
4979680,0,0.0,0.0,0.0,0,0
4979700,0,0.0,0.0,0.0,0,0
4979720,0,0.0,0.0,0.0,0,0
4979740,0,0.0,0.0,0.0,0,0
4979760,0,0.0,0.0,0.0,0,0
4979780,0,0.0,0.0,0.0,0,0
4979800,0,0.0,0.0,0.0,0,0
4979820,0,0.0,0.0,0.0,0,0
4979840,0,0.0,0.0,0.0,0,0
4979860,0,0.0,0.0,0.0,0,0
4979880,0,0.0,0.0,0.0,0,0
4979900,0,0.0,0.0,0.0,0,0
4979920,0,0.0,0.0,0.0,0,0
4979940,0,0.0,0.0,0.0,0,0
4979960,0,0.0,0.0,0.0,0,0
4979980,0,0.0,0.0,0.0,0,0
4980000,0,0.0,0.0,0.0,0,0
4980020,0,0.0,0.0,0.0,0,0
4980040,0,0.0,0.0,0.0,0,0
4980060,0,0.0,0.0,0.0,0,0
4980080,0,0.0,0.0,0.0,0,0
4980100,0,0.0,0.0,0.0,0,0
4980120,0,0.0,0.0,0.0,0,0
4980140,0,0.0,0.0,0.0,0,0
4980160,0,0.0,0.0,0.0,0,0
4980180,0,0.0,0.0,0.0,0,0
4980200,0,0.0,0.0,0.0,0,0
4980220,0,0.0,0.0,0.0,0,0
4980240,0,0.0,0.0,0.0,0,0
4980260,0,0.0,0.0,0.0,0,0
4980280,0,0.0,0.0,0.0,0,0
4980300,0,0.0,0.0,0.0,0,0
4980320,0,0.0,0.0,0.0,0,0
4980340,0,0.0,0.0,0.0,0,0
4980360,0,0.0,0.0,0.0,0,0
4980380,0,0.0,0.0,0.0,0,0
4980400,0,0.0,0.0,0.0,0,0
4980420,0,0.0,0.0,0.0,0,0
4980440,0,0.0,0.0,0.0,0,0
4980460,0,0.0,0.0,0.0,0,0
4980480,0,0.0,0.0,0.0,0,0
4980500,0,0.0,0.0,0.0,0,0
4980520,0,0.0,0.0,0.0,0,0
4980540,0,0.0,0.0,0.0,0,0
4980560,0,0.0,0.0,0.0,0,0
4980580,0,0.0,0.0,0.0,0,0
4980600,0,0.0,0.0,0.0,0,0
4980620,0,0.0,0.0,0.0,0,0
4980640,0,0.0,0.0,0.0,0,0
4980660,0,0.0,0.0,0.0,0,0
4980680,0,0.0,0.0,0.0,0,0
4980700,0,0.0,0.0,0.0,0,0
4980720,0,0.0,0.0,0.0,0,0
4980740,0,0.0,0.0,0.0,0,0
4980760,0,0.0,0.0,0.0,0,0
4980780,0,0.0,0.0,0.0,0,0
4980800,0,0.0,0.0,0.0,0,0
4980820,0,0.0,0.0,0.0,0,0
4980840,0,0.0,0.0,0.0,0,0
4980860,0,0.0,0.0,0.0,0,0
4980880,0,0.0,0.0,0.0,0,0
4980900,0,0.0,0.0,0.0,0,0
4980920,0,0.0,0.0,0.0,0,0
4980940,0,0.0,0.0,0.0,0,0
4980960,0,0.0,0.0,0.0,0,0
4980980,0,0.0,0.0,0.0,0,0
4981000,0,0.0,0.0,0.0,0,0
4981020,0,0.0,0.0,0.0,0,0
4981040,0,0.0,0.0,0.0,0,0
4981060,0,0.0,0.0,0.0,0,0
4981080,0,0.0,0.0,0.0,0,0
4981100,0,0.0,0.0,0.0,0,0
4981120,0,0.0,0.0,0.0,0,0
4981140,0,0.0,0.0,0.0,0,0
4981160,0,0.0,0.0,0.0,0,0
4981180,0,0.0,0.0,0.0,0,0
4981200,0,0.0,0.0,0.0,0,0
4981220,0,0.0,0.0,0.0,0,0
4981240,0,0.0,0.0,0.0,0,0
4981260,0,0.0,0.0,0.0,0,0
4981280,0,0.0,0.0,0.0,0,0
4981300,0,0.0,0.0,0.0,0,0
4981320,0,0.0,0.0,0.0,0,0
4981340,0,0.0,0.0,0.0,0,0
4981360,0,0.0,0.0,0.0,0,0
4981380,0,0.0,0.0,0.0,0,0
4981400,0,0.0,0.0,0.0,0,0
4981420,0,0.0,0.0,0.0,0,0
4981440,0,0.0,0.0,0.0,0,0
4981460,0,0.0,0.0,0.0,0,0
4981480,0,0.0,0.0,0.0,0,0
4981500,0,0.0,0.0,0.0,0,0
4981520,0,0.0,0.0,0.0,0,0
4981540,0,0.0,0.0,0.0,0,0
4981560,0,0.0,0.0,0.0,0,0
4981580,0,0.0,0.0,0.0,0,0
4981600,0,0.0,0.0,0.0,0,0
4981620,0,0.0,0.0,0.0,0,0
4981640,0,0.0,0.0,0.0,0,0
4981660,0,0.0,0.0,0.0,0,0
4981680,0,0.0,0.0,0.0,0,0
4981700,0,0.0,0.0,0.0,0,0
4981720,0,0.0,0.0,0.0,0,0
4981740,0,0.0,0.0,0.0,0,0
4981760,0,0.0,0.0,0.0,0,0
4981780,0,0.0,0.0,0.0,0,0
4981800,0,0.0,0.0,0.0,0,0
4981820,0,0.0,0.0,0.0,0,0
4981840,0,0.0,0.0,0.0,0,0
4981860,0,0.0,0.0,0.0,0,0
4981880,0,0.0,0.0,0.0,0,0
4981900,0,0.0,0.0,0.0,0,0
4981920,0,0.0,0.0,0.0,0,0
4981940,0,0.0,0.0,0.0,0,0
4981960,0,0.0,0.0,0.0,0,0
4981980,0,0.0,0.0,0.0,0,0
4982000,0,0.0,0.0,0.0,0,0
4982020,0,0.0,0.0,0.0,0,0
4982040,0,0.0,0.0,0.0,0,0
4982060,0,0.0,0.0,0.0,0,0
4982080,0,0.0,0.0,0.0,0,0
4982100,0,0.0,0.0,0.0,0,0
4982120,0,0.0,0.0,0.0,0,0
4982140,0,0.0,0.0,0.0,0,0
4982160,0,0.0,0.0,0.0,0,0
4982180,0,0.0,0.0,0.0,0,0
4982200,0,0.0,0.0,0.0,0,0
4982220,0,0.0,0.0,0.0,0,0
4982240,0,0.0,0.0,0.0,0,0
4982260,0,0.0,0.0,0.0,0,0
4982280,0,0.0,0.0,0.0,0,0
4982300,0,0.0,0.0,0.0,0,0
4982320,0,0.0,0.0,0.0,0,0
4982340,0,0.0,0.0,0.0,0,0
4982360,0,0.0,0.0,0.0,0,0
4982380,0,0.0,0.0,0.0,0,0
4982400,0,0.0,0.0,0.0,0,0
4982420,0,0.0,0.0,0.0,0,0
4982440,0,0.0,0.0,0.0,0,0
4982460,0,0.0,0.0,0.0,0,0
4982480,0,0.0,0.0,0.0,0,0
4982500,0,0.0,0.0,0.0,0,0
4982520,0,0.0,0.0,0.0,0,0
4982540,0,0.0,0.0,0.0,0,0
4982560,0,0.0,0.0,0.0,0,0
4982580,0,0.0,0.0,0.0,0,0
4982600,0,0.0,0.0,0.0,0,0
4982620,0,0.0,0.0,0.0,0,0
4982640,0,0.0,0.0,0.0,0,0
4982660,0,0.0,0.0,0.0,0,0
4982680,0,0.0,0.0,0.0,0,0
4982700,0,0.0,0.0,0.0,0,0
4982720,0,0.0,0.0,0.0,0,0
4982740,0,0.0,0.0,0.0,0,0
4982760,0,0.0,0.0,0.0,0,0
4982780,0,0.0,0.0,0.0,0,0
4982800,0,0.0,0.0,0.0,0,0
4982820,0,0.0,0.0,0.0,0,0
4982840,0,0.0,0.0,0.0,0,0
4982860,0,0.0,0.0,0.0,0,0
4982880,0,0.0,0.0,0.0,0,0
4982900,0,0.0,0.0,0.0,0,0
4982920,0,0.0,0.0,0.0,0,0
4982940,0,0.0,0.0,0.0,0,0
4982960,0,0.0,0.0,0.0,0,0
4982980,0,0.0,0.0,0.0,0,0
4983000,0,0.0,0.0,0.0,0,0
4983020,0,0.0,0.0,0.0,0,0
4983040,0,0.0,0.0,0.0,0,0
4983060,0,0.0,0.0,0.0,0,0
4983080,0,0.0,0.0,0.0,0,0
4983100,0,0.0,0.0,0.0,0,0
4983120,0,0.0,0.0,0.0,0,0
4983140,0,0.0,0.0,0.0,0,0
4983160,0,0.0,0.0,0.0,0,0
4983180,0,0.0,0.0,0.0,0,0
4983200,0,0.0,0.0,0.0,0,0
4983220,0,0.0,0.0,0.0,0,0
4983240,0,0.0,0.0,0.0,0,0
4983260,0,0.0,0.0,0.0,0,0
4983280,0,0.0,0.0,0.0,0,0
4983300,0,0.0,0.0,0.0,0,0
4983320,0,0.0,0.0,0.0,0,0
4983340,0,0.0,0.0,0.0,0,0
4983360,0,0.0,0.0,0.0,0,0
4983380,0,0.0,0.0,0.0,0,0
4983400,0,0.0,0.0,0.0,0,0
4983420,0,0.0,0.0,0.0,0,0
4983440,0,0.0,0.0,0.0,0,0
4983460,0,0.0,0.0,0.0,0,0
4983480,0,0.0,0.0,0.0,0,0
4983500,0,0.0,0.0,0.0,0,0
4983520,0,0.0,0.0,0.0,0,0
4983540,0,0.0,0.0,0.0,0,0
4983560,0,0.0,0.0,0.0,0,0
4983580,0,0.0,0.0,0.0,0,0
4983600,0,0.0,0.0,0.0,0,0
4983620,0,0.0,0.0,0.0,0,0
4983640,0,0.0,0.0,0.0,0,0
4983660,0,0.0,0.0,0.0,0,0
4983680,0,0.0,0.0,0.0,0,0
4983700,0,0.0,0.0,0.0,0,0
4983720,0,0.0,0.0,0.0,0,0
4983740,0,0.0,0.0,0.0,0,0
4983760,0,0.0,0.0,0.0,0,0
4983780,0,0.0,0.0,0.0,0,0
4983800,0,0.0,0.0,0.0,0,0
4983820,0,0.0,0.0,0.0,0,0
4983840,0,0.0,0.0,0.0,0,0
4983860,0,0.0,0.0,0.0,0,0
4983880,0,0.0,0.0,0.0,0,0
4983900,0,0.0,0.0,0.0,0,0
4983920,0,0.0,0.0,0.0,0,0
4983940,0,0.0,0.0,0.0,0,0
4983960,0,0.0,0.0,0.0,0,0
4983980,0,0.0,0.0,0.0,0,0
4984000,0,0.0,0.0,0.0,0,0
4984020,0,0.0,0.0,0.0,0,0
4984040,0,0.0,0.0,0.0,0,0
4984060,0,0.0,0.0,0.0,0,0
4984080,0,0.0,0.0,0.0,0,0
4984100,0,0.0,0.0,0.0,0,0
4984120,0,0.0,0.0,0.0,0,0
4984140,0,0.0,0.0,0.0,0,0
4984160,0,0.0,0.0,0.0,0,0
4984180,0,0.0,0.0,0.0,0,0
4984200,0,0.0,0.0,0.0,0,0
4984220,0,0.0,0.0,0.0,0,0
4984240,0,0.0,0.0,0.0,0,0
4984260,0,0.0,0.0,0.0,0,0
4984280,0,0.0,0.0,0.0,0,0
4984300,0,0.0,0.0,0.0,0,0
4984320,0,0.0,0.0,0.0,0,0
4984340,0,0.0,0.0,0.0,0,0
4984360,0,0.0,0.0,0.0,0,0
4984380,0,0.0,0.0,0.0,0,0
4984400,0,0.0,0.0,0.0,0,0
4984420,0,0.0,0.0,0.0,0,0
4984440,0,0.0,0.024097323417663574,0.0,2,1
4984460,0,0.0,0.024097323417663574,0.0,2,1
4984480,0,0.027339935302734375,0.03811269998550415,0.0,2,1
4984500,0,0.027339935302734375,0.03811269998550415,0.0,2,1
4984520,0,0.1257638931274414,0.047164738178253174,0.0,8,1
4984540,0,0.1257638931274414,0.047164738178253174,0.0,8,1
4984560,0,0.1257638931274414,0.047164738178253174,0.0,8,1
4984580,0,0.11482810974121094,0.06210893392562866,0.0,7,1
4984600,0,0.11482810974121094,0.06210893392562866,0.0,7,1
4984620,0,0.2515287399291992,0.06512308120727539,0.0,8,1
4984640,0,0.2515287399291992,0.06512308120727539,0.0,8,1
4984660,0,0.1722421646118164,0.07220524549484253,0.0,7,1
4984680,0,0.1722421646118164,0.07220524549484253,0.0,7,1
4984700,0,0.18044471740722656,0.08313661813735962,0.0,7,1
4984720,0,0.18044471740722656,0.08313661813735962,0.0,7,1
4984740,0,0.1695079803466797,0.08808651566505432,0.0,8,1
4984760,0,0.1695079803466797,0.08808651566505432,0.0,8,1
4984780,0,0.1531047821044922,0.08807533979415894,0.0,8,1
4984800,0,0.1531047821044922,0.08807533979415894,0.0,8,1
4984820,0,0.027339935302734375,0.09607437252998352,0.0,6,1
4984840,0,0.027339935302734375,0.09607437252998352,0.0,6,1
4984860,0,-0.1394357681274414,0.09608340263366699,0.0,8,1
4984880,0,-0.1394357681274414,0.09608340263366699,0.0,8,1
4984900,0,-0.016405105590820312,0.10209184885025024,0.0,6,1
4984920,0,-0.016405105590820312,0.10209184885025024,0.0,6,1
4984940,0,-0.016405105590820312,0.10209184885025024,0.0,6,1
4984960,0,0.01913738250732422,0.10522541403770447,0.0,6,1
4984980,0,0.01913738250732422,0.10522541403770447,0.0,6,1
4985000,0,0.19958209991455078,0.10325640439987183,0.0,8,1
4985020,0,0.19958209991455078,0.10325640439987183,0.0,8,1
4985040,0,0.17771053314208984,0.1032465398311615,0.0,8,1
4985060,0,0.17771053314208984,0.1032465398311615,0.0,8,1
4985080,0,0.22965621948242188,0.10326564311981201,0.0,8,1
4985100,0,0.22965621948242188,0.10326564311981201,0.0,8,1
4985120,0,0.15857219696044922,0.10326564311981201,0.0,8,1
4985140,0,0.15857219696044922,0.10326564311981201,0.0,8,1
4985160,0,0.008200645446777344,0.10326564311981201,0.0,6,1
4985180,0,0.008200645446777344,0.10326564311981201,0.0,6,1
4985200,0,-0.0765533447265625,0.10326564311981201,0.0,6,1
4985220,0,-0.0765533447265625,0.10326564311981201,0.0,6,1
4985240,0,0.0,0.0,0.0,0,0
4985260,0,0.0,0.0,0.0,0,0
4985280,0,0.0,0.0,0.0,0,0
4985300,0,0.0,0.0,0.0,0,0
4985320,0,0.0,0.0,0.0,0,0
4985340,0,0.0,0.0,0.0,0,0
4985360,0,0.0,0.0,0.0,0,0
4985380,0,0.0,0.0,0.0,0,0
4985400,0,0.0,0.0,0.0,0,0
4985420,0,0.0,0.0,0.0,0,0
4985440,0,0.0,0.0,0.0,0,0
4985460,0,0.0,0.0,0.0,0,0
4985480,0,0.0,0.0,0.0,0,0
4985500,0,0.0,-0.0012656748294830322,0.0,6,1
4985520,0,0.0,-0.0012656748294830322,0.0,6,1
4985540,0,-0.05194664001464844,0.000700831413269043,0.0,6,1
4985560,0,-0.05194664001464844,0.000700831413269043,0.0,6,1
4985580,0,-0.0628824234008789,-0.0001919269561767578,0.0,6,1
4985600,0,-0.0628824234008789,-0.0001919269561767578,0.0,6,1
4985620,0,0.00820159912109375,-0.00020131468772888184,0.0,6,1
4985640,0,0.00820159912109375,-0.00020131468772888184,0.0,6,1
4985660,0,0.00820159912109375,-0.00020131468772888184,0.0,6,1
4985680,0,-0.06834983825683594,0.0008974373340606689,0.0,6,1
4985700,0,-0.06834983825683594,0.0008974373340606689,0.0,6,1
4985720,0,-0.06834983825683594,-0.0030697286128997803,0.0,6,1
4985740,0,-0.06834983825683594,-0.0030697286128997803,0.0,6,1
4985760,0,-0.1257638931274414,-0.0010859370231628418,0.0,8,1
4985780,0,-0.1257638931274414,-0.0010859370231628418,0.0,8,1
4985800,0,-0.03280830383300781,0.0009465515613555908,0.0,6,1
4985820,0,-0.03280830383300781,0.0009465515613555908,0.0,6,1
4985840,0,0.0,-5.46574592590332e-05,0.0,6,1
4985860,0,0.0,-5.46574592590332e-05,0.0,6,1
4985880,0,0.07108497619628906,0.0008570253849029541,0.0,6,1
4985900,0,0.07108497619628906,0.0008570253849029541,0.0,6,1
4985920,0,0.1093606948852539,-0.0021678805351257324,0.0,8,1
4985940,0,0.1093606948852539,-0.0021678805351257324,0.0,8,1
4985960,0,0.18044567108154297,0.0007776021957397461,0.0,8,1
4985980,0,0.18044567108154297,0.0007776021957397461,0.0,8,1
4986000,0,0.18044567108154297,0.0007776021957397461,0.0,8,1
4986020,0,0.11756229400634766,0.00079345703125,0.0,8,1
4986040,0,0.11756229400634766,0.00079345703125,0.0,8,1
4986060,0,-0.019138336181640625,-0.003208756446838379,0.0,6,1
4986080,0,-0.019138336181640625,-0.003208756446838379,0.0,6,1
4986100,0,-0.03554248809814453,-0.0021893680095672607,0.0,6,1
4986120,0,-0.03554248809814453,-0.0021893680095672607,0.0,6,1
4986140,0,-0.038275718688964844,0.0018198490142822266,0.0,6,1
4986160,0,-0.038275718688964844,0.0018198490142822266,0.0,6,1
4986180,0,0.04101085662841797,-0.0031562745571136475,0.0,6,1
4986200,0,0.04101085662841797,-0.0031562745571136475,0.0,6,1
4986220,0,0.1230316162109375,-0.004144012928009033,0.0,8,1
4986240,0,0.1230316162109375,-0.004144012928009033,0.0,8,1
4986260,0,0.05194664001464844,-0.0021939873695373535,0.0,6,1
4986280,0,0.05194664001464844,-0.0021939873695373535,0.0,6,1
4986300,0,0.016404151916503906,0.0018154680728912354,0.0,6,1
4986320,0,0.016404151916503906,0.0018154680728912354,0.0,6,1
4986340,0,0.08202075958251953,-0.004210025072097778,0.0,8,1
4986360,0,0.08202075958251953,-0.004210025072097778,0.0,8,1
4986380,0,0.08202075958251953,-0.004210025072097778,0.0,8,1
4986400,0,0.15037155151367188,0.0008063912391662598,0.0,8,1
4986420,0,0.15037155151367188,0.0008063912391662598,0.0,8,1
4986440,0,0.016404151916503906,-0.002125978469848633,0.0,6,1
4986460,0,0.016404151916503906,-0.002125978469848633,0.0,6,1
4986480,0,-0.021872520446777344,0.005876660346984863,0.0,6,1
4986500,0,-0.021872520446777344,0.005876660346984863,0.0,6,1
4986520,0,-0.030073165893554688,-0.004150748252868652,0.0,6,1
4986540,0,-0.030073165893554688,-0.004150748252868652,0.0,6,1
4986560,0,-0.019138336181640625,-0.004185140132904053,0.0,6,1
4986580,0,-0.019138336181640625,-0.004185140132904053,0.0,6,1
4986600,0,0.0628824234008789,-0.0032795071601867676,0.0,6,1
4986620,0,0.0628824234008789,-0.0032795071601867676,0.0,6,1
4986640,0,0.1257648468017578,-0.0022804737091064453,0.0,8,1
4986660,0,0.1257648468017578,-0.0022804737091064453,0.0,8,1
4986680,0,0.02734088897705078,-0.004326999187469482,0.0,6,1
4986700,0,0.02734088897705078,-0.004326999187469482,0.0,6,1
4986720,0,0.02734088897705078,-0.004326999187469482,0.0,6,1
4986740,0,0.10115814208984375,-0.005283385515213013,0.0,8,1
4986760,0,0.10115814208984375,-0.005283385515213013,0.0,8,1
4986780,0,0.09569072723388672,-0.004190683364868164,0.0,8,1
4986800,0,0.09569072723388672,-0.004190683364868164,0.0,8,1
4986820,0,-0.09295654296875,-0.004194080829620361,0.0,8,1
4986840,0,-0.09295654296875,-0.004194080829620361,0.0,8,1
4986860,0,-0.05194664001464844,-0.005240917205810547,0.0,6,1
4986880,0,-0.05194664001464844,-0.005240917205810547,0.0,6,1
4986900,0,0.019138336181640625,-0.0052419304847717285,0.0,6,1
4986920,0,0.019138336181640625,-0.0052419304847717285,0.0,6,1
4986940,0,0.06014823913574219,-0.0033230483531951904,0.0,6,1
4986960,0,0.06014823913574219,-0.0033230483531951904,0.0,6,1
4986980,0,0.00820159912109375,-0.007343798875808716,0.0,6,1
4987000,0,0.00820159912109375,-0.007343798875808716,0.0,6,1
4987020,0,0.06014823913574219,-0.006313741207122803,0.0,6,1
4987040,0,0.06014823913574219,-0.006313741207122803,0.0,6,1
4987060,0,0.06014823913574219,-0.006313741207122803,0.0,6,1
4987080,0,0.05741405487060547,-0.002279728651046753,0.0,6,1
4987100,0,0.05741405487060547,-0.002279728651046753,0.0,6,1
4987120,0,0.0628824234008789,-0.004168272018432617,0.0,6,1
4987140,0,0.0628824234008789,-0.004168272018432617,0.0,6,1
4987160,0,-0.010935783386230469,-0.0011183619499206543,0.0,6,1
4987180,0,-0.010935783386230469,-0.0011183619499206543,0.0,6,1
4987200,0,0.019138336181640625,-0.0020852386951446533,0.0,6,1
4987220,0,0.019138336181640625,-0.0020852386951446533,0.0,6,1
4987240,0,0.06561660766601562,-0.006080359220504761,0.0,6,1
4987260,0,0.06561660766601562,-0.006080359220504761,0.0,6,1
4987280,0,-0.060149192810058594,-0.002085179090499878,0.0,6,1
4987300,0,-0.060149192810058594,-0.002085179090499878,0.0,6,1
4987320,0,-0.038275718688964844,-0.0010887384414672852,0.0,6,1
4987340,0,-0.038275718688964844,-0.0010887384414672852,0.0,6,1
4987360,0,0.05194664001464844,-0.0021560490131378174,0.0,6,1
4987380,0,0.05194664001464844,-0.0021560490131378174,0.0,6,1
4987400,0,0.05194664001464844,-0.001143336296081543,0.0,6,1
4987420,0,0.05194664001464844,-0.001143336296081543,0.0,6,1
4987440,0,0.013670921325683594,-0.002139657735824585,0.0,6,1
4987460,0,0.013670921325683594,-0.002139657735824585,0.0,6,1
4987480,0,0.013670921325683594,-0.002139657735824585,0.0,6,1
4987500,0,-0.046478271484375,-0.001129448413848877,0.0,6,1
4987520,0,-0.046478271484375,-0.001129448413848877,0.0,6,1
4987540,0,0.019138336181640625,-0.00212743878364563,0.0,6,1
4987560,0,0.019138336181640625,-0.00212743878364563,0.0,6,1
4987580,0,0.0929574966430664,-0.0030184686183929443,0.0,8,1
4987600,0,0.0929574966430664,-0.0030184686183929443,0.0,8,1
4987620,0,0.06561660766601562,-0.003989458084106445,0.0,6,1
4987640,0,0.06561660766601562,-0.003989458084106445,0.0,6,1
4987660,0,0.07381820678710938,-0.0009840726852416992,0.0,6,1
4987680,0,0.07381820678710938,-0.0009840726852416992,0.0,6,1
4987700,0,0.06014823913574219,0.0010375380516052246,0.0,6,1
4987720,0,0.06014823913574219,0.0010375380516052246,0.0,6,1
4987740,0,-0.0027332305908203125,-0.0010572075843811035,0.0,6,1
4987760,0,-0.0027332305908203125,-0.0010572075843811035,0.0,6,1
4987780,0,0.054680824279785156,0.0019679367542266846,0.0,6,1
4987800,0,0.054680824279785156,0.0019679367542266846,0.0,6,1
4987820,0,0.04374408721923828,0.0009506642818450928,0.0,6,1
4987840,0,0.04374408721923828,0.0009506642818450928,0.0,6,1
4987860,0,0.04374408721923828,0.0009506642818450928,0.0,6,1
4987880,0,0.13123226165771484,0.003975182771682739,0.0,8,1
4987900,0,0.13123226165771484,0.003975182771682739,0.0,8,1
4987920,0,0.12849903106689453,0.0010908842086791992,0.0,8,1
4987940,0,0.12849903106689453,0.0010908842086791992,0.0,8,1
4987960,0,0.1995830535888672,-0.001850038766860962,0.0,8,1
4987980,0,0.1995830535888672,-0.001850038766860962,0.0,8,1
4988000,0,0.22692298889160156,0.002114623785018921,0.0,8,1
4988020,0,0.22692298889160156,0.002114623785018921,0.0,8,1
4988040,0,0.22145557403564453,0.0011598765850067139,0.0,8,1
4988060,0,0.22145557403564453,0.0011598765850067139,0.0,8,1
4988080,0,0.14216899871826172,-0.0008172392845153809,0.0,8,1
4988100,0,0.14216899871826172,-0.0008172392845153809,0.0,8,1
4988120,0,0.13123226165771484,0.0031045079231262207,0.0,8,1
4988140,0,0.13123226165771484,0.0031045079231262207,0.0,8,1
4988160,0,0.12849903106689453,7.727742195129395e-05,0.0,8,1
4988180,0,0.12849903106689453,7.727742195129395e-05,0.0,8,1
4988200,0,0.12849903106689453,7.727742195129395e-05,0.0,8,1
4988220,0,0.14763736724853516,0.002058357000350952,0.0,8,1
4988240,0,0.14763736724853516,0.002058357000350952,0.0,8,1
4988260,0,0.0929574966430664,0.006055057048797607,0.0,8,1
4988280,0,0.0929574966430664,0.006055057048797607,0.0,8,1
4988300,0,0.1257648468017578,0.004151701927185059,0.0,8,1
4988320,0,0.1257648468017578,0.004151701927185059,0.0,8,1
4988340,0,0.06835079193115234,0.0011931061744689941,0.0,6,1
4988360,0,0.06835079193115234,0.0011931061744689941,0.0,6,1
4988380,0,0.13396739959716797,0.004183679819107056,0.0,8,1
4988400,0,0.13396739959716797,0.004183679819107056,0.0,8,1
4988420,0,0.1230316162109375,0.001265197992324829,0.0,8,1
4988440,0,0.1230316162109375,0.001265197992324829,0.0,8,1
4988460,0,0.1695089340209961,0.0021930932998657227,0.0,8,1
4988480,0,0.1695089340209961,0.0021930932998657227,0.0,8,1
4988500,0,0.20505142211914062,0.0021284818649291992,0.0,8,1
4988520,0,0.20505142211914062,0.0021284818649291992,0.0,8,1
4988540,0,0.04374408721923828,-0.00483095645904541,0.0,6,1
4988560,0,0.04374408721923828,-0.00483095645904541,0.0,6,1
4988580,0,0.04374408721923828,-0.00483095645904541,0.0,6,1
4988600,0,0.010936737060546875,0.00010830163955688477,0.0,6,1
4988620,0,0.010936737060546875,0.00010830163955688477,0.0,6,1
4988640,0,-0.021872520446777344,-0.00292930006980896,0.0,6,1
4988660,0,-0.021872520446777344,-0.00292930006980896,0.0,6,1
4988680,0,0.12029743194580078,-0.00792965292930603,0.0,8,1
4988700,0,0.12029743194580078,-0.00792965292930603,0.0,8,1
4988720,0,0.14763736724853516,-0.003951400518417358,0.0,8,1
4988740,0,0.14763736724853516,-0.003951400518417358,0.0,8,1
4988760,0,0.1257648468017578,-0.007951170206069946,0.0,8,1
4988780,0,0.1257648468017578,-0.007951170206069946,0.0,8,1
4988800,0,0.021871566772460938,-0.008023232221603394,0.0,6,1
4988820,0,0.021871566772460938,-0.008023232221603394,0.0,6,1
4988840,0,-0.008202552795410156,-0.007056534290313721,0.0,6,1
4988860,0,-0.008202552795410156,-0.007056534290313721,0.0,6,1
4988880,0,-0.07108402252197266,-0.008179992437362671,0.0,6,1
4988900,0,-0.07108402252197266,-0.008179992437362671,0.0,6,1
4988920,0,-0.07108402252197266,-0.008179992437362671,0.0,6,1
4988940,0,-0.07381916046142578,-0.009241998195648193,0.0,6,1
4988960,0,-0.07381916046142578,-0.009241998195648193,0.0,6,1
4988980,0,-0.030073165893554688,-0.014329016208648682,0.0,6,1
4989000,0,-0.030073165893554688,-0.014329016208648682,0.0,6,1
4989020,0,0.054680824279785156,-0.01628202199935913,0.0,6,1
4989040,0,0.054680824279785156,-0.01628202199935913,0.0,6,1
4989060,0,0.11756229400634766,-0.01225137710571289,0.0,8,1
4989080,0,0.11756229400634766,-0.01225137710571289,0.0,8,1
4989100,0,-0.027339935302734375,-0.015316992998123169,0.0,6,1
4989120,0,-0.027339935302734375,-0.015316992998123169,0.0,6,1
4989140,0,0.021871566772460938,-0.017341166734695435,0.0,6,1
4989160,0,0.021871566772460938,-0.017341166734695435,0.0,6,1
4989180,0,0.09569072723388672,-0.023402690887451172,0.0,8,1
4989200,0,0.09569072723388672,-0.023402690887451172,0.0,8,1
4989220,0,0.11756229400634766,-0.02658921480178833,0.0,8,1
4989240,0,0.11756229400634766,-0.02658921480178833,0.0,8,1
4989260,0,0.019138336181640625,-0.029576212167739868,0.0,6,1
4989280,0,0.019138336181640625,-0.029576212167739868,0.0,6,1
4989300,0,0.019138336181640625,-0.029576212167739868,0.0,6,1
4989320,0,0.12029743194580078,-0.032566994428634644,0.0,8,1
4989340,0,0.12029743194580078,-0.032566994428634644,0.0,8,1
4989360,0,0.16130733489990234,-0.03555682301521301,0.0,8,1
4989380,0,0.16130733489990234,-0.03555682301521301,0.0,8,1
4989400,0,0.21051979064941406,-0.04749152064323425,0.0,8,1
4989420,0,0.21051979064941406,-0.04749152064323425,0.0,8,1
4989440,0,0.20505142211914062,-0.04628148674964905,0.0,8,1
4989460,0,0.20505142211914062,-0.04628148674964905,0.0,8,1
4989480,0,0.21051979064941406,-0.055240362882614136,0.0,8,1
4989500,0,0.21051979064941406,-0.055240362882614136,0.0,8,1
4989520,0,0.16130733489990234,-0.05912187695503235,0.0,8,1
4989540,0,0.16130733489990234,-0.05912187695503235,0.0,8,1
4989560,0,0.04374408721923828,-0.06312951445579529,0.0,6,1
4989580,0,0.04374408721923828,-0.06312951445579529,0.0,6,1
4989600,0,0.14216899871826172,-0.07411924004554749,0.0,8,1
4989620,0,0.14216899871826172,-0.07411924004554749,0.0,8,1
4989640,0,0.18044567108154297,-0.07521417737007141,0.0,8,1
4989660,0,0.18044567108154297,-0.07521417737007141,0.0,8,1
4989680,0,0.18044567108154297,-0.07521417737007141,0.0,8,1
4989700,0,0.08202075958251953,-0.07918134331703186,0.0,8,1
4989720,0,0.08202075958251953,-0.07918134331703186,0.0,8,1
4989740,0,0.16677570343017578,-0.08715823292732239,0.0,8,1
4989760,0,0.16677570343017578,-0.08715823292732239,0.0,8,1
4989780,0,0.16404151916503906,-0.09308966994285583,0.0,8,1
4989800,0,0.16404151916503906,-0.09308966994285583,0.0,8,1
4989820,0,0.12029743194580078,-0.095069020986557,0.0,8,1
4989840,0,0.12029743194580078,-0.095069020986557,0.0,8,1
4989860,0,0.25699806213378906,-0.10294041037559509,0.0,8,1
4989880,0,0.25699806213378906,-0.10294041037559509,0.0,8,1
4989900,0,0.18864822387695312,-0.10889038443565369,0.0,8,1
4989920,0,0.18864822387695312,-0.10889038443565369,0.0,8,1
4989940,0,0.20778560638427734,-0.111920565366745,0.0,8,1
4989960,0,0.20778560638427734,-0.111920565366745,0.0,8,1
4989980,0,0.20778560638427734,-0.111920565366745,0.0,8,1
4990000,0,0.16130733489990234,-0.11473330855369568,0.0,8,1
4990020,0,0.16130733489990234,-0.11473330855369568,0.0,8,1
4990040,0,0.16677570343017578,-0.11867240071296692,0.0,8,1
4990060,0,0.16677570343017578,-0.11867240071296692,0.0,8,1
4990080,0,0.12849903106689453,-0.12360396981239319,0.0,8,1
4990100,0,0.12849903106689453,-0.12360396981239319,0.0,8,1
4990120,0,0.06014823913574219,-0.1273529827594757,0.0,6,1
4990140,0,0.06014823913574219,-0.1273529827594757,0.0,6,1
4990160,0,0.11756229400634766,-0.13322296738624573,0.0,8,1
4990180,0,0.11756229400634766,-0.13322296738624573,0.0,8,1
4990200,0,0.13123226165771484,-0.13422539830207825,0.0,8,1
4990220,0,0.13123226165771484,-0.13422539830207825,0.0,8,1
4990240,0,0.1230316162109375,-0.13231590390205383,0.0,8,1
4990260,0,0.1230316162109375,-0.13231590390205383,0.0,8,1
4990280,0,0.1230316162109375,-0.13231590390205383,0.0,8,1
4990300,0,0.1367015838623047,-0.1413547694683075,0.0,8,1
4990320,0,0.1367015838623047,-0.1413547694683075,0.0,8,1
4990340,0,0.1695089340209961,-0.1413896381855011,0.0,8,1
4990360,0,0.1695089340209961,-0.1413896381855011,0.0,8,1
4990380,0,0.30074214935302734,-0.14333662390708923,0.0,8,1
4990400,0,0.30074214935302734,-0.14333662390708923,0.0,8,1
4990420,0,0.1995830535888672,-0.14425942301750183,0.0,8,1
4990440,0,0.1995830535888672,-0.14425942301750183,0.0,8,1
4990460,0,0.1722431182861328,-0.14333662390708923,0.0,8,1
4990480,0,0.1722431182861328,-0.14333662390708923,0.0,8,1
4990500,0,0.08748817443847656,-0.14425942301750183,0.0,8,1
4990520,0,0.08748817443847656,-0.14425942301750183,0.0,8,1
4990540,0,0.15037155151367188,-0.145306795835495,0.0,8,1
4990560,0,0.15037155151367188,-0.145306795835495,0.0,8,1
4990580,0,0.15037155151367188,-0.145306795835495,0.0,8,1
4990600,0,0.16404151916503906,-0.15279003977775574,0.0,8,1
4990620,0,0.16404151916503906,-0.15279003977775574,0.0,8,1
4990640,0,0.11482906341552734,-0.15177813172340393,0.0,8,1
4990660,0,0.11482906341552734,-0.15177813172340393,0.0,8,1
4990680,0,0.19684886932373047,-0.15081611275672913,0.0,8,1
4990700,0,0.19684886932373047,-0.15081611275672913,0.0,8,1
4990720,0,0.21051979064941406,-0.15290585160255432,0.0,8,1
4990740,0,0.21051979064941406,-0.15290585160255432,0.0,8,1
4990760,0,0.17497825622558594,-0.15279003977775574,0.0,8,1
4990780,0,0.17497825622558594,-0.15279003977775574,0.0,8,1
4990800,0,0.2952737808227539,-0.15290585160255432,0.0,8,1
4990820,0,0.2952737808227539,-0.15290585160255432,0.0,8,1
4990840,0,0.2952737808227539,-0.15290585160255432,0.0,8,1
4990860,0,0.0929574966430664,-0.15295222401618958,0.0,8,1
4990880,0,0.0929574966430664,-0.15295222401618958,0.0,8,1
4990900,0,0.07381820678710938,-0.15295222401618958,0.0,6,1
4990920,0,0.07381820678710938,-0.15295222401618958,0.0,6,1
4990940,0,0.07381820678710938,-0.15295222401618958,0.0,6,1
4990960,0,0.07381820678710938,-0.15295222401618958,0.0,6,1
4990980,0,0.1066274642944336,-0.15190574526786804,0.0,8,1
4991000,0,0.1066274642944336,-0.15190574526786804,0.0,8,1
4991020,0,0.1859130859375,-0.15180906653404236,0.0,8,1
4991040,0,0.1859130859375,-0.15180906653404236,0.0,8,1
4991060,0,0.09022235870361328,-0.15179505944252014,0.0,8,1
4991080,0,0.09022235870361328,-0.15179505944252014,0.0,8,1
4991100,0,0.09022235870361328,-0.15179505944252014,0.0,8,1
4991120,0,0.05741405487060547,-0.15173682570457458,0.0,6,1
4991140,0,0.05741405487060547,-0.15173682570457458,0.0,6,1
4991160,0,0.035541534423828125,-0.15071317553520203,0.0,6,1
4991180,0,0.035541534423828125,-0.15071317553520203,0.0,6,1
4991200,0,0.02734088897705078,-0.1497878134250641,0.0,6,1
4991220,0,0.02734088897705078,-0.1497878134250641,0.0,6,1
4991240,0,0.03280830383300781,-0.14969363808631897,0.0,6,1
4991260,0,0.03280830383300781,-0.14969363808631897,0.0,6,1
4991280,0,0.07928752899169922,-0.14969363808631897,0.0,6,1
4991300,0,0.07928752899169922,-0.14969363808631897,0.0,6,1
4991320,0,0.14763736724853516,-0.14969363808631897,0.0,8,1
4991340,0,0.14763736724853516,-0.14969363808631897,0.0,8,1
4991360,0,0.12849903106689453,-0.1504957377910614,0.0,8,1
4991380,0,0.12849903106689453,-0.1504957377910614,0.0,8,1
4991400,0,0.12849903106689453,-0.1504957377910614,0.0,8,1
4991420,0,0.11209487915039062,-0.1512705385684967,0.0,8,1
4991440,0,0.11209487915039062,-0.1512705385684967,0.0,8,1
4991460,0,0.06014823913574219,-0.1512705385684967,0.0,6,1
4991480,0,0.06014823913574219,-0.1512705385684967,0.0,6,1
4991500,0,0.09022235870361328,-0.1512705385684967,0.0,8,1
4991520,0,0.09022235870361328,-0.1512705385684967,0.0,8,1
4991540,0,0.1722431182861328,-0.15126392245292664,0.0,8,1
4991560,0,0.1722431182861328,-0.15126392245292664,0.0,8,1
4991580,0,0.1367015838623047,-0.1506408154964447,0.0,8,1
4991600,0,0.1367015838623047,-0.1506408154964447,0.0,8,1
4991620,0,0.11756229400634766,-0.14961597323417664,0.0,8,1
4991640,0,0.11756229400634766,-0.14961597323417664,0.0,8,1
4991660,0,0.11756229400634766,-0.14961597323417664,0.0,8,1
4991680,0,0.11482906341552734,-0.14961597323417664,0.0,8,1
4991700,0,0.11482906341552734,-0.14961597323417664,0.0,8,1
4991720,0,0.16677570343017578,-0.14961597323417664,0.0,8,1
4991740,0,0.16677570343017578,-0.14961597323417664,0.0,8,1
4991760,0,0.1859130859375,-0.14887908101081848,0.0,8,1
4991780,0,0.1859130859375,-0.14887908101081848,0.0,8,1
4991800,0,0.19684886932373047,-0.14887908101081848,0.0,8,1
4991820,0,0.19684886932373047,-0.14887908101081848,0.0,8,1
4991840,0,0.1859130859375,-0.1496615707874298,0.0,8,1
4991860,0,0.1859130859375,-0.1496615707874298,0.0,8,1
4991880,0,0.25426387786865234,-0.14887908101081848,0.0,8,1
4991900,0,0.25426387786865234,-0.14887908101081848,0.0,8,1
4991920,0,0.25426387786865234,-0.14887908101081848,0.0,8,1
4991940,0,0.29800891876220703,-0.1496615707874298,0.0,8,1
4991960,0,0.29800891876220703,-0.1496615707874298,0.0,8,1
4991980,0,0.21872234344482422,-0.14990493655204773,0.0,8,1
4992000,0,0.21872234344482422,-0.14990493655204773,0.0,8,1
4992020,0,0.13396739959716797,-0.14990493655204773,0.0,8,1
4992040,0,0.13396739959716797,-0.14990493655204773,0.0,8,1
4992060,0,0.07381820678710938,-0.14990493655204773,0.0,6,1
4992080,0,0.07381820678710938,-0.14990493655204773,0.0,6,1
4992100,0,0.046478271484375,-0.1500093638896942,0.0,6,1
4992120,0,0.046478271484375,-0.1500093638896942,0.0,6,1
4992140,0,0.030074119567871094,-0.1508813202381134,0.0,6,1
4992160,0,0.030074119567871094,-0.1508813202381134,0.0,6,1
4992180,0,0.04374408721923828,-0.1500093638896942,0.0,6,1
4992200,0,0.04374408721923828,-0.1500093638896942,0.0,6,1
4992220,0,0.04374408721923828,-0.1500093638896942,0.0,6,1
4992240,0,0.030074119567871094,-0.1500093638896942,0.0,6,1
4992260,0,0.030074119567871094,-0.1500093638896942,0.0,6,1
4992280,0,-0.046478271484375,-0.14991095662117004,0.0,6,1
4992300,0,-0.046478271484375,-0.14991095662117004,0.0,6,1
4992320,0,0.035541534423828125,-0.14984533190727234,0.0,6,1
4992340,0,0.035541534423828125,-0.14984533190727234,0.0,6,1
4992360,0,0.0929574966430664,-0.14977732300758362,0.0,8,1
4992380,0,0.0929574966430664,-0.14977732300758362,0.0,8,1
4992400,0,0.09842491149902344,-0.14879867434501648,0.0,8,1
4992420,0,0.09842491149902344,-0.14879867434501648,0.0,8,1
4992440,0,0.2323923110961914,-0.14977732300758362,0.0,8,1
4992460,0,0.2323923110961914,-0.14977732300758362,0.0,8,1
4992480,0,0.06561660766601562,-0.14977732300758362,0.0,6,1
4992500,0,0.06561660766601562,-0.14977732300758362,0.0,6,1
4992520,0,0.06561660766601562,-0.14977732300758362,0.0,6,1
4992540,0,-0.04921245574951172,-0.149898499250412,0.0,6,1
4992560,0,-0.04921245574951172,-0.149898499250412,0.0,6,1
4992580,0,0.010936737060546875,-0.15071210265159607,0.0,6,1
4992600,0,0.010936737060546875,-0.15071210265159607,0.0,6,1
4992620,0,-0.06834983825683594,-0.15071210265159607,0.0,6,1
4992640,0,-0.06834983825683594,-0.15071210265159607,0.0,6,1
4992660,0,-0.06561660766601562,-0.149898499250412,0.0,6,1
4992680,0,-0.06561660766601562,-0.149898499250412,0.0,6,1
4992700,0,-0.008202552795410156,-0.14967909455299377,0.0,6,1
4992720,0,-0.008202552795410156,-0.14967909455299377,0.0,6,1
4992740,0,0.13123226165771484,-0.14877453446388245,0.0,8,1
4992760,0,0.13123226165771484,-0.14877453446388245,0.0,8,1
4992780,0,0.13123226165771484,-0.14877453446388245,0.0,8,1
4992800,0,0.1367015838623047,-0.14877453446388245,0.0,8,1
4992820,0,0.1367015838623047,-0.14877453446388245,0.0,8,1
4992840,0,0.06561660766601562,-0.14877453446388245,0.0,6,1
4992860,0,0.06561660766601562,-0.14877453446388245,0.0,6,1
4992880,0,0.05194664001464844,-0.1477685272693634,0.0,6,1
4992900,0,0.05194664001464844,-0.1477685272693634,0.0,6,1
4992920,0,0.02734088897705078,-0.1470649540424347,0.0,6,1
4992940,0,0.02734088897705078,-0.1470649540424347,0.0,6,1
4992960,0,-0.0027332305908203125,-0.1470649540424347,0.0,6,1
4992980,0,-0.0027332305908203125,-0.1470649540424347,0.0,6,1
4993000,0,0.0027341842651367188,-0.1470288336277008,0.0,6,1
4993020,0,0.0027341842651367188,-0.1470288336277008,0.0,6,1
4993040,0,0.0,-0.1470288336277008,0.0,6,1
4993060,0,0.0,-0.1470288336277008,0.0,6,1
4993080,0,0.0,-0.1470288336277008,0.0,6,1
4993100,0,0.1093606948852539,-0.1470649540424347,0.0,8,1
4993120,0,0.1093606948852539,-0.1470649540424347,0.0,8,1
4993140,0,0.09842491149902344,-0.1470387876033783,0.0,8,1
4993160,0,0.09842491149902344,-0.1470387876033783,0.0,8,1
4993180,0,0.04374408721923828,-0.14300939440727234,0.0,6,1
4993200,0,0.04374408721923828,-0.14300939440727234,0.0,6,1
4993220,0,0.05194664001464844,-0.1470508873462677,0.0,6,1
4993240,0,0.05194664001464844,-0.1470508873462677,0.0,6,1
4993260,0,0.08748817443847656,-0.14489200711250305,0.0,8,1
4993280,0,0.08748817443847656,-0.14489200711250305,0.0,8,1
4993300,0,0.030074119567871094,-0.14590486884117126,0.0,6,1
4993320,0,0.030074119567871094,-0.14590486884117126,0.0,6,1
4993340,0,0.08748817443847656,-0.14590486884117126,0.0,8,1
4993360,0,0.08748817443847656,-0.14590486884117126,0.0,8,1
4993380,0,0.08748817443847656,-0.14590486884117126,0.0,8,1
4993400,0,0.021871566772460938,-0.1470508873462677,0.0,6,1
4993420,0,0.021871566772460938,-0.1470508873462677,0.0,6,1
4993440,0,-0.04100990295410156,-0.1461457908153534,0.0,6,1
4993460,0,-0.04100990295410156,-0.1461457908153534,0.0,6,1
4993480,0,0.030074119567871094,-0.14799639582633972,0.0,6,1
4993500,0,0.030074119567871094,-0.14799639582633972,0.0,6,1
4993520,0,0.1066274642944336,-0.14805933833122253,0.0,8,1
4993540,0,0.1066274642944336,-0.14805933833122253,0.0,8,1
4993560,0,0.17771148681640625,-0.14824512600898743,0.0,8,1
4993580,0,0.17771148681640625,-0.14824512600898743,0.0,8,1
4993600,0,0.17497825622558594,-0.14824512600898743,0.0,8,1
4993620,0,0.17497825622558594,-0.14824512600898743,0.0,8,1
4993640,0,0.17497825622558594,-0.14824512600898743,0.0,8,1
4993660,0,0.1093606948852539,-0.14824512600898743,0.0,8,1
4993680,0,0.1093606948852539,-0.14824512600898743,0.0,8,1
4993700,0,0.0765523910522461,-0.14721134305000305,0.0,6,1
4993720,0,0.0765523910522461,-0.14721134305000305,0.0,6,1
4993740,0,0.11756229400634766,-0.14721134305000305,0.0,8,1
4993760,0,0.11756229400634766,-0.14721134305000305,0.0,8,1
4993780,0,0.15037155151367188,-0.14721134305000305,0.0,8,1
4993800,0,0.15037155151367188,-0.14721134305000305,0.0,8,1
4993820,0,0.15037155151367188,-0.14721134305000305,0.0,8,1
4993840,0,0.15037155151367188,-0.14721134305000305,0.0,8,1
4993860,0,0.16404151916503906,-0.1472017467021942,0.0,8,1
4993880,0,0.16404151916503906,-0.1472017467021942,0.0,8,1
4993900,0,0.10389232635498047,-0.14730140566825867,0.0,8,1
4993920,0,0.10389232635498047,-0.14730140566825867,0.0,8,1
4993940,0,0.10389232635498047,-0.14730140566825867,0.0,8,1
4993960,0,0.08202075958251953,-0.14730140566825867,0.0,8,1
4993980,0,0.08202075958251953,-0.14730140566825867,0.0,8,1
4994000,0,0.0628824234008789,-0.1472017467021942,0.0,6,1
4994020,0,0.0628824234008789,-0.1472017467021942,0.0,6,1
4994040,0,0.00820159912109375,-0.1472017467021942,0.0,6,1
4994060,0,0.00820159912109375,-0.1472017467021942,0.0,6,1
4994080,0,0.016404151916503906,-0.1482989490032196,0.0,6,1
4994100,0,0.016404151916503906,-0.1482989490032196,0.0,6,1
4994120,0,0.07108497619628906,-0.1482989490032196,0.0,6,1
4994140,0,0.07108497619628906,-0.1482989490032196,0.0,6,1
4994160,0,0.03827667236328125,-0.146388441324234,0.0,6,1
4994180,0,0.03827667236328125,-0.146388441324234,0.0,6,1
4994200,0,0.04101085662841797,-0.14742258191108704,0.0,6,1
4994220,0,0.04101085662841797,-0.14742258191108704,0.0,6,1
4994240,0,0.04101085662841797,-0.14742258191108704,0.0,6,1
4994260,0,0.11482906341552734,-0.14742258191108704,0.0,8,1
4994280,0,0.11482906341552734,-0.14742258191108704,0.0,8,1
4994300,0,0.0929574966430664,-0.14740261435508728,0.0,8,1
4994320,0,0.0929574966430664,-0.14740261435508728,0.0,8,1
4994340,0,0.04101085662841797,-0.14661476016044617,0.0,6,1
4994360,0,0.04101085662841797,-0.14661476016044617,0.0,6,1
4994380,0,0.08748817443847656,-0.14740261435508728,0.0,8,1
4994400,0,0.08748817443847656,-0.14740261435508728,0.0,8,1
4994420,0,0.15037155151367188,-0.14661476016044617,0.0,8,1
4994440,0,0.15037155151367188,-0.14661476016044617,0.0,8,1
4994460,0,0.10389232635498047,-0.14657369256019592,0.0,8,1
4994480,0,0.10389232635498047,-0.14657369256019592,0.0,8,1
4994500,0,0.10389232635498047,-0.14657369256019592,0.0,8,1
4994520,0,0.10389232635498047,-0.14651218056678772,0.0,8,1
4994540,0,0.10389232635498047,-0.14651218056678772,0.0,8,1
4994560,0,0.1531047821044922,-0.14555570483207703,0.0,8,1
4994580,0,0.1531047821044922,-0.14555570483207703,0.0,8,1
4994600,0,0.18044567108154297,-0.14555570483207703,0.0,8,1
4994620,0,0.18044567108154297,-0.14555570483207703,0.0,8,1
4994640,0,0.0628824234008789,-0.14555570483207703,0.0,6,1
4994660,0,0.0628824234008789,-0.14555570483207703,0.0,6,1
4994680,0,0.019138336181640625,-0.14555570483207703,0.0,6,1
4994700,0,0.019138336181640625,-0.14555570483207703,0.0,6,1
4994720,0,0.030074119567871094,-0.14573225378990173,0.0,6,1
4994740,0,0.030074119567871094,-0.14573225378990173,0.0,6,1
4994760,0,-0.03280830383300781,-0.14573225378990173,0.0,6,1
4994780,0,-0.03280830383300781,-0.14573225378990173,0.0,6,1
4994800,0,-0.03280830383300781,-0.14573225378990173,0.0,6,1
4994820,0,-0.07381916046142578,-0.145747572183609,0.0,6,1
4994840,0,-0.07381916046142578,-0.145747572183609,0.0,6,1
4994860,0,-0.0765523910522461,-0.14669683575630188,0.0,6,1
4994880,0,-0.0765523910522461,-0.14669683575630188,0.0,6,1
4994900,0,0.019138336181640625,-0.14669683575630188,0.0,6,1
4994920,0,0.019138336181640625,-0.14669683575630188,0.0,6,1
4994940,0,0.06014823913574219,-0.15076419711112976,0.0,6,1
4994960,0,0.06014823913574219,-0.15076419711112976,0.0,6,1
4994980,0,0.1558389663696289,-0.15174105763435364,0.0,8,1
4995000,0,0.1558389663696289,-0.15174105763435364,0.0,8,1
4995020,0,0.16677570343017578,-0.14465895295143127,0.0,8,1
4995040,0,0.16677570343017578,-0.14465895295143127,0.0,8,1
4995060,0,0.20505142211914062,-0.14766648411750793,0.0,8,1
4995080,0,0.20505142211914062,-0.14766648411750793,0.0,8,1
4995100,0,0.20505142211914062,-0.14766648411750793,0.0,8,1
4995120,0,0.139434814453125,-0.14766648411750793,0.0,8,1
4995140,0,0.139434814453125,-0.14766648411750793,0.0,8,1
4995160,0,0.13396739959716797,-0.1466940939426422,0.0,8,1
4995180,0,0.13396739959716797,-0.1466940939426422,0.0,8,1
4995200,0,0.0,-0.145891934633255,0.0,6,1
4995220,0,0.0,-0.145891934633255,0.0,6,1
4995240,0,-0.03554248809814453,-0.1466940939426422,0.0,6,1
4995260,0,-0.03554248809814453,-0.1466940939426422,0.0,6,1
4995280,0,0.00820159912109375,-0.145891934633255,0.0,6,1
4995300,0,0.00820159912109375,-0.145891934633255,0.0,6,1
4995320,0,0.06835079193115234,-0.145891934633255,0.0,6,1
4995340,0,0.06835079193115234,-0.145891934633255,0.0,6,1
4995360,0,0.06835079193115234,-0.145891934633255,0.0,6,1
4995380,0,0.10115814208984375,-0.14200332760810852,0.0,8,1
4995400,0,0.10115814208984375,-0.14200332760810852,0.0,8,1
4995420,0,0.05741405487060547,-0.14719828963279724,0.0,6,1
4995440,0,0.05741405487060547,-0.14719828963279724,0.0,6,1
4995460,0,-0.05194664001464844,-0.1462138593196869,0.0,6,1
4995480,0,-0.05194664001464844,-0.1462138593196869,0.0,6,1
4995500,0,0.05741405487060547,-0.14625057578086853,0.0,6,1
4995520,0,0.05741405487060547,-0.14625057578086853,0.0,6,1
4995540,0,-0.05741405487060547,-0.1462205946445465,0.0,6,1
4995560,0,-0.05741405487060547,-0.1462205946445465,0.0,6,1
4995580,0,0.016404151916503906,-0.1462205946445465,0.0,6,1
4995600,0,0.016404151916503906,-0.1462205946445465,0.0,6,1
4995620,0,0.06835079193115234,-0.1462205946445465,0.0,6,1
4995640,0,0.06835079193115234,-0.1462205946445465,0.0,6,1
4995660,0,0.06835079193115234,-0.1462205946445465,0.0,6,1
4995680,0,0.0054683685302734375,-0.14625057578086853,0.0,6,1
4995700,0,0.0054683685302734375,-0.14625057578086853,0.0,6,1
4995720,0,0.016404151916503906,-0.1462205946445465,0.0,6,1
4995740,0,0.016404151916503906,-0.1462205946445465,0.0,6,1
4995760,0,0.0054683685302734375,-0.1461421549320221,0.0,6,1
4995780,0,0.0054683685302734375,-0.1461421549320221,0.0,6,1
4995800,0,0.0,-0.14614424109458923,0.0,6,1
4995820,0,0.0,-0.14614424109458923,0.0,6,1
4995840,0,-0.13123321533203125,-0.14614424109458923,0.0,8,1
4995860,0,-0.13123321533203125,-0.14614424109458923,0.0,8,1
4995880,0,0.06561660766601562,-0.14614424109458923,0.0,6,1
4995900,0,0.06561660766601562,-0.14614424109458923,0.0,6,1
4995920,0,0.05741405487060547,-0.14620468020439148,0.0,6,1
4995940,0,0.05741405487060547,-0.14620468020439148,0.0,6,1
4995960,0,0.05741405487060547,-0.14620468020439148,0.0,6,1
4995980,0,-0.013669967651367188,-0.14620468020439148,0.0,6,1
4996000,0,-0.013669967651367188,-0.14620468020439148,0.0,6,1
4996020,0,0.035541534423828125,-0.14620468020439148,0.0,6,1
4996040,0,0.035541534423828125,-0.14620468020439148,0.0,6,1
4996060,0,0.06561660766601562,-0.14630690217018127,0.0,6,1
4996080,0,0.06561660766601562,-0.14630690217018127,0.0,6,1
4996100,0,-0.019138336181640625,-0.14630690217018127,0.0,6,1
4996120,0,-0.019138336181640625,-0.14630690217018127,0.0,6,1
4996140,0,-0.09842395782470703,-0.14328035712242126,0.0,8,1
4996160,0,-0.09842395782470703,-0.14328035712242126,0.0,8,1
4996180,0,-0.11209392547607422,-0.14328035712242126,0.0,8,1
4996200,0,-0.11209392547607422,-0.14328035712242126,0.0,8,1
4996220,0,-0.11209392547607422,-0.14328035712242126,0.0,8,1
4996240,0,-0.08201980590820312,-0.14523151516914368,0.0,8,1
4996260,0,-0.08201980590820312,-0.14523151516914368,0.0,8,1
4996280,0,-0.0054683685302734375,-0.14523151516914368,0.0,6,1
4996300,0,-0.0054683685302734375,-0.14523151516914368,0.0,6,1
4996320,0,0.00820159912109375,-0.1443708837032318,0.0,6,1
4996340,0,0.00820159912109375,-0.1443708837032318,0.0,6,1
4996360,0,-0.024605751037597656,-0.1443708837032318,0.0,6,1
4996380,0,-0.024605751037597656,-0.1443708837032318,0.0,6,1
4996400,0,-0.0054683685302734375,-0.14523151516914368,0.0,6,1
4996420,0,-0.0054683685302734375,-0.14523151516914368,0.0,6,1
4996440,0,-0.008202552795410156,-0.14538803696632385,0.0,6,1
4996460,0,-0.008202552795410156,-0.14538803696632385,0.0,6,1
4996480,0,-0.19684982299804688,-0.14622333645820618,0.0,8,1
4996500,0,-0.19684982299804688,-0.14622333645820618,0.0,8,1
4996520,0,-0.19684982299804688,-0.14622333645820618,0.0,8,1
4996540,0,-0.11756324768066406,-0.14622333645820618,0.0,8,1
4996560,0,-0.11756324768066406,-0.14622333645820618,0.0,8,1
4996580,0,-0.16677474975585938,-0.14622333645820618,0.0,8,1
4996600,0,-0.16677474975585938,-0.14622333645820618,0.0,8,1
4996620,0,-0.2023172378540039,-0.1443970501422882,0.0,8,1
4996640,0,-0.2023172378540039,-0.1443970501422882,0.0,8,1
4996660,0,-0.05194664001464844,-0.1443970501422882,0.0,6,1
