Timestamp,sensorFilter.baro0,sensorFilter.baroDDec,sensorFilter.baroDec,sensorFilter.surfReason,sensorFilter.surfState
4980804,0.0,0.0,0.0,0,0
4980824,0.0,0.0,0.0,0,0
4980844,0.0,0.0,0.0,0,0
4980864,0.0,0.0,0.0,0,0
4980884,0.0,0.0,0.0,0,0
4980904,0.0,0.0,0.0,0,0
4980924,0.0,0.0,0.0,0,0
4980944,0.0,0.0,0.0,0,0
4980964,0.0,0.0,0.0,0,0
4980984,0.0,0.0,0.0,0,0
4981004,0.0,0.0,0.0,0,0
4981024,0.0,0.0,0.0,0,0
4981044,0.0,0.0,0.0,0,0
4981064,0.0,0.0,0.0,0,0
4981084,0.0,0.0,0.0,0,0
4981104,0.0,0.0,0.0,0,0
4981124,0.0,0.0,0.0,0,0
4981144,0.0,0.0,0.0,0,0
4981164,0.0,0.0,0.0,0,0
4981184,0.0,0.0,0.0,0,0
4981204,0.0,0.0,0.0,0,0
4981224,0.0,0.0,0.0,0,0
4981244,0.0,0.0,0.0,0,0
4981264,0.0,0.0,0.0,0,0
4981284,0.0,0.0,0.0,0,0
4981304,0.0,0.0,0.0,0,0
4981324,0.0,0.0,0.0,0,0
4981344,0.0,0.0,0.0,0,0
4981364,0.0,0.0,0.0,0,0
4981384,0.0,0.0,0.0,0,0
4981404,0.0,0.0,0.0,0,0
4981424,0.0,0.0,0.0,0,0
4981444,0.0,0.0,0.0,0,0
4981464,0.0,0.0,0.0,0,0
4981484,0.0,0.0,0.0,0,0
4981504,0.0,0.0,0.0,0,0
4981524,0.0,0.0,0.0,0,0
4981544,0.0,0.0,0.0,0,0
4981564,0.0,0.0,0.0,0,0
4981584,0.0,0.0,0.0,0,0
4981604,0.0,0.0,0.0,0,0
4981624,0.0,0.0,0.0,0,0
4981644,0.0,0.0,0.0,0,0
4981664,0.0,0.0,0.0,0,0
4981684,0.0,0.0,0.0,0,0
4981704,0.0,0.0,0.0,0,0
4981724,0.0,0.0,0.0,0,0
4981744,0.0,0.0,0.0,0,0
4981764,0.0,0.0,0.0,0,0
4981784,0.0,0.0,0.0,0,0
4981804,0.0,0.0,0.0,0,0
4981824,0.0,0.0,0.0,0,0
4981844,0.0,0.0,0.0,0,0
4981864,0.0,0.0,0.0,0,0
4981884,0.0,0.0,0.0,0,0
4981904,0.0,0.0,0.0,0,0
4981924,0.0,0.0,0.0,0,0
4981944,0.0,0.0,0.0,0,0
4981964,0.0,0.0,0.0,0,0
4981984,0.0,0.0,0.0,0,0
4982004,0.0,0.0,0.0,0,0
4982024,0.0,0.0,0.0,0,0
4982044,0.0,0.0,0.0,0,0
4982064,0.0,0.0,0.0,0,0
4982084,0.0,0.0,0.0,0,0
4982104,0.0,0.0,0.0,0,0
4982124,0.0,0.0,0.0,0,0
4982144,0.0,0.0,0.0,0,0
4982164,0.0,0.0,0.0,0,0
4982184,0.0,0.0,0.0,0,0
4982204,0.0,0.0,0.0,0,0
4982224,0.0,0.0,0.0,0,0
4982244,0.0,0.0,0.0,0,0
4982264,0.0,0.0,0.0,0,0
4982284,0.0,0.0,0.0,0,0
4982304,0.0,0.0,0.0,0,0
4982324,0.0,0.0,0.0,0,0
4982344,0.0,0.0,0.0,0,0
4982364,0.0,0.0,0.0,0,0
4982384,0.0,0.0,0.0,0,0
4982404,0.0,0.0,0.0,0,0
4982424,0.0,0.0,0.0,0,0
4982444,0.0,0.0,0.0,0,0
4982464,0.0,0.0,0.0,0,0
4982484,0.0,0.0,0.0,0,0
4982504,0.0,0.0,0.0,0,0
4982524,0.0,0.0,0.0,0,0
4982544,0.0,0.0,0.0,0,0
4982564,0.0,0.0,0.0,0,0
4982584,0.0,0.0,0.0,0,0
4982604,0.0,0.0,0.0,0,0
4982624,0.0,0.0,0.0,0,0
4982644,0.0,0.0,0.0,0,0
4982664,0.0,0.0,0.0,0,0
4982684,0.0,0.0,0.0,0,0
4982704,0.0,0.0,0.0,0,0
4982724,0.0,0.0,0.0,0,0
4982744,0.0,0.0,0.0,0,0
4982764,0.0,0.0,0.0,0,0
4982784,0.0,0.0,0.0,0,0
4982804,0.0,0.0,0.0,0,0
4982824,0.0,0.0,0.0,0,0
4982844,0.0,0.0,0.0,0,0
4982864,0.0,0.0,0.0,0,0
4982884,0.0,0.0,0.0,0,0
4982904,0.0,0.0,0.0,0,0
4982924,0.0,0.0,0.0,0,0
4982944,0.0,0.0,0.0,0,0
4982964,0.0,0.0,0.0,0,0
4982984,0.0,0.0,0.0,0,0
4983004,0.0,0.0,0.0,0,0
4983024,0.0,0.0,0.0,0,0
4983044,0.0,0.0,0.0,0,0
4983064,0.0,0.0,0.0,0,0
4983084,0.0,0.0,0.0,0,0
4983104,0.0,0.0,0.0,0,0
4983124,0.0,0.0,0.0,0,0
4983144,0.0,0.0,0.0,0,0
4983164,0.0,0.0,0.0,0,0
4983184,0.0,0.0,0.0,0,0
4983204,0.0,0.0,0.0,0,0
4983224,0.0,0.0,0.0,0,0
4983244,0.0,0.0,0.0,0,0
4983264,0.0,0.0,0.0,0,0
4983284,0.0,0.0,0.0,0,0
4983304,0.0,0.0,0.0,0,0
4983324,0.0,0.0,0.0,0,0
4983344,0.0,0.0,0.0,0,0
4983364,0.0,0.0,0.0,0,0
4983384,0.0,0.0,0.0,0,0
4983404,0.0,0.0,0.0,0,0
4983424,0.0,0.0,0.0,0,0
4983444,0.0,0.0,0.0,0,0
4983464,0.0,0.0,0.0,0,0
4983484,0.0,0.0,0.0,0,0
4983504,0.0,0.0,0.0,0,0
4983524,0.0,0.0,0.0,0,0
4983544,0.0,0.0,0.0,0,0
4983564,0.0,0.0,0.0,0,0
4983584,0.0,0.0,0.0,0,0
4983604,0.0,0.0,0.0,0,0
4983624,0.0,0.0,0.0,0,0
4983644,0.0,0.0,0.0,0,0
4983664,0.0,0.0,0.0,0,0
4983684,0.0,0.0,0.0,0,0
4983704,0.0,0.0,0.0,0,0
4983724,0.0,0.0,0.0,0,0
4983744,0.0,0.0,0.0,0,0
4983764,0.0,0.0,0.0,0,0
4983784,0.0,0.0,0.0,0,0
4983804,0.0,0.0,0.0,0,0
4983824,0.0,0.0,0.0,0,0
4983844,0.0,0.0,0.0,0,0
4983864,0.0,0.0,0.0,0,0
4983884,0.0,0.0,0.0,0,0
4983904,0.0,0.0,0.0,0,0
4983924,0.0,0.0,0.0,0,0
4983944,0.0,0.0,0.0,0,0
4983964,0.0,0.0,0.0,0,0
4983984,0.0,0.0,0.0,0,0
4984004,0.0,0.0,0.0,0,0
4984024,0.0,0.0,0.0,0,0
4984044,0.0,0.0,0.0,0,0
4984064,0.0,0.0,0.0,0,0
4984084,0.0,0.0,0.0,0,0
4984104,0.0,0.0,0.0,0,0
4984124,0.0,0.0,0.0,0,0
4984144,0.0,0.0,0.0,0,0
4984164,0.0,0.0,0.0,0,0
4984184,0.0,0.0,0.0,0,0
4984204,0.0,0.0,0.0,0,0
4984224,0.0,0.0,0.0,0,0
4984244,0.0,0.0,0.0,0,0
4984264,0.0,0.0,0.0,0,0
4984284,0.0,0.0,0.0,0,0
4984304,0.0,0.0,0.0,0,0
4984324,0.0,0.0,0.0,0,0
4984344,0.0,0.0,0.0,0,0
4984364,0.0,0.0,0.0,0,0
4984384,0.0,0.0,0.0,0,0
4984404,0.0,0.0,0.0,0,0
4984424,0.0,0.0,0.0,0,0
4984444,0.5247688293457031,0.0,0.0,2,1
4984464,0.5247688293457031,0.0,0.0,2,1
4984484,0.5247688293457031,0.0,0.0,2,1
4984504,0.5247688293457031,0.0,0.0,2,1
4984524,0.5247688293457031,0.0,0.0,8,1
4984544,0.5247688293457031,0.0,0.0,8,1
4984564,0.5247688293457031,0.0,0.0,7,1
4984584,0.5247688293457031,0.0,0.0,7,1
4984604,0.5247688293457031,0.0,0.0,8,1
4984624,0.5247688293457031,0.0,0.0,8,1
4984644,0.5247688293457031,0.0,0.0,8,1
4984664,0.5247688293457031,0.0,0.0,7,1
4984684,0.5247688293457031,0.0,0.0,7,1
4984704,0.5247688293457031,0.0,0.0,7,1
4984724,0.5247688293457031,0.0,0.0,7,1
4984744,0.5247688293457031,0.0,0.0,8,1
4984764,0.5247688293457031,0.0,0.0,8,1
4984784,0.5247688293457031,0.0,0.0,8,1
4984804,0.5247688293457031,0.0,0.0,8,1
4984824,0.5247688293457031,0.0,0.0,6,1
4984844,0.5247688293457031,0.0,0.0,6,1
4984864,0.5247688293457031,0.0,0.0,8,1
4984884,0.5247688293457031,0.0,0.0,8,1
4984904,0.5247688293457031,0.0,0.0,6,1
4984924,0.5247688293457031,0.0,0.0,6,1
4984944,0.5247688293457031,0.0,0.0,6,1
4984964,0.5247688293457031,0.0,0.0,6,1
4984984,0.5247688293457031,0.0,0.0,8,1
4985004,0.5247688293457031,0.0,0.0,8,1
4985024,0.5247688293457031,0.0,0.0,8,1
4985044,0.5247688293457031,0.0,0.0,8,1
4985064,0.5247688293457031,0.0,0.0,8,1
4985084,0.5247688293457031,0.0,0.0,8,1
4985104,0.5247688293457031,0.0,0.0,8,1
4985124,0.5247688293457031,0.0,0.0,8,1
4985144,0.5247688293457031,0.0,0.0,8,1
4985164,0.5247688293457031,0.0,0.0,6,1
4985184,0.5247688293457031,0.0,0.0,6,1
4985204,0.5247688293457031,0.0,0.0,6,1
4985224,0.5247688293457031,0.0,0.0,6,1
4985244,0.5247688293457031,0.0,0.0,0,0
4985264,0.5247688293457031,0.0,0.0,0,0
4985284,0.5247688293457031,0.0,0.0,0,0
4985304,0.5247688293457031,0.0,0.0,0,0
4985324,0.5247688293457031,0.0,0.0,0,0
4985344,0.5247688293457031,0.0,0.0,0,0
4985364,0.5247688293457031,0.0,0.0,0,0
4985384,0.5247688293457031,0.0,0.0,0,0
4985404,0.5247688293457031,0.0,0.0,0,0
4985424,0.5247688293457031,0.0,0.0,0,0
4985444,0.5247688293457031,0.0,0.0,0,0
4985464,0.5247688293457031,0.0,0.0,0,0
4985484,0.5247688293457031,0.0,0.0,0,0
4985504,0.7462234497070312,0.0,0.0,6,1
4985524,0.7462234497070312,0.0,0.0,6,1
4985544,0.7462234497070312,0.0,0.0,6,1
4985564,0.7462234497070312,0.0,0.0,6,1
4985584,0.7462234497070312,0.0,0.0,6,1
4985604,0.7462234497070312,0.0,0.0,6,1
4985624,0.7462234497070312,0.0,0.0,6,1
4985644,0.7462234497070312,0.0,0.0,6,1
4985664,0.7462234497070312,0.0,0.0,6,1
4985684,0.7462234497070312,0.0,0.0,6,1
4985704,0.7462234497070312,0.0,0.0,6,1
4985724,0.7462234497070312,0.0,0.0,6,1
4985744,0.7462234497070312,0.0,0.0,6,1
4985764,0.7462234497070312,0.0,0.0,8,1
4985784,0.7462234497070312,0.0,0.0,8,1
4985804,0.7462234497070312,0.0,0.0,6,1
4985824,0.7462234497070312,0.0,0.0,6,1
4985844,0.7462234497070312,0.0,0.0,6,1
4985864,0.7462234497070312,0.0,0.0,6,1
4985884,0.7462234497070312,0.0,0.0,6,1
4985904,0.7462234497070312,0.0,0.0,6,1
4985924,0.7462234497070312,0.0,0.0,8,1
4985944,0.7462234497070312,0.0,0.0,8,1
4985964,0.7462234497070312,0.0,0.0,8,1
4985984,0.7462234497070312,0.0,0.0,8,1
4986004,0.7462234497070312,0.0,0.0,8,1
4986024,0.7462234497070312,0.0,0.0,8,1
4986044,0.7462234497070312,0.0,0.0,6,1
4986064,0.7462234497070312,0.0,0.0,6,1
4986084,0.7462234497070312,0.0,0.0,6,1
4986104,0.7462234497070312,0.0,0.0,6,1
4986124,0.7462234497070312,0.0,0.0,6,1
4986144,0.7462234497070312,0.0,0.0,6,1
4986164,0.7462234497070312,0.0,0.0,6,1
4986184,0.7462234497070312,0.0,0.0,6,1
4986204,0.7462234497070312,0.0,0.0,6,1
4986224,0.7462234497070312,0.0,0.0,8,1
4986244,0.7462234497070312,0.0,0.0,8,1
4986264,0.7462234497070312,0.0,0.0,6,1
4986284,0.7462234497070312,0.0,0.0,6,1
4986304,0.7462234497070312,0.0,0.0,6,1
4986324,0.7462234497070312,0.0,0.0,6,1
4986344,0.7462234497070312,0.0,0.0,8,1
4986364,0.7462234497070312,0.0,0.0,8,1
4986384,0.7462234497070312,0.0,0.0,8,1
4986404,0.7462234497070312,0.0,0.0,8,1
4986424,0.7462234497070312,0.0,0.0,6,1
4986444,0.7462234497070312,0.0,0.0,6,1
4986464,0.7462234497070312,0.0,0.0,6,1
4986484,0.7462234497070312,0.0,0.0,6,1
4986504,0.7462234497070312,0.0,0.0,6,1
4986524,0.7462234497070312,0.0,0.0,6,1
4986544,0.7462234497070312,0.0,0.0,6,1
4986564,0.7462234497070312,0.0,0.0,6,1
4986584,0.7462234497070312,0.0,0.0,6,1
4986604,0.7462234497070312,0.0,0.0,6,1
4986624,0.7462234497070312,0.0,0.0,6,1
4986644,0.7462234497070312,0.0,0.0,8,1
4986664,0.7462234497070312,0.0,0.0,8,1
4986684,0.7462234497070312,0.0,0.0,6,1
4986704,0.7462234497070312,0.0,0.0,6,1
4986724,0.7462234497070312,0.0,0.0,8,1
4986744,0.7462234497070312,0.0,0.0,8,1
4986764,0.7462234497070312,0.0,0.0,8,1
4986784,0.7462234497070312,0.0,0.0,8,1
4986804,0.7462234497070312,0.0,0.0,8,1
4986824,0.7462234497070312,0.0,0.0,8,1
4986844,0.7462234497070312,0.0,0.0,8,1
4986864,0.7462234497070312,0.0,0.0,6,1
4986884,0.7462234497070312,0.0,0.0,6,1
4986904,0.7462234497070312,0.0,0.0,6,1
4986924,0.7462234497070312,0.0,0.0,6,1
4986944,0.7462234497070312,0.0,0.0,6,1
4986964,0.7462234497070312,0.0,0.0,6,1
4986984,0.7462234497070312,0.0,0.0,6,1
4987004,0.7462234497070312,0.0,0.0,6,1
4987024,0.7462234497070312,0.0,0.0,6,1
4987044,0.7462234497070312,0.0,0.0,6,1
4987064,0.7462234497070312,0.0,0.0,6,1
4987084,0.7462234497070312,0.0,0.0,6,1
4987104,0.7462234497070312,0.0,0.0,6,1
4987124,0.7462234497070312,0.0,0.0,6,1
4987144,0.7462234497070312,0.0,0.0,6,1
4987164,0.7462234497070312,0.0,0.0,6,1
4987184,0.7462234497070312,0.0,0.0,6,1
4987204,0.7462234497070312,0.0,0.0,6,1
4987224,0.7462234497070312,0.0,0.0,6,1
4987244,0.7462234497070312,0.0,0.0,6,1
4987264,0.7462234497070312,0.0,0.0,6,1
4987284,0.7462234497070312,0.0,0.0,6,1
4987304,0.7462234497070312,0.0,0.0,6,1
4987324,0.7462234497070312,0.0,0.0,6,1
4987344,0.7462234497070312,0.0,0.0,6,1
4987364,0.7462234497070312,0.0,0.0,6,1
4987384,0.7462234497070312,0.0,0.0,6,1
4987404,0.7462234497070312,0.0,0.0,6,1
4987424,0.7462234497070312,0.0,0.0,6,1
4987444,0.7462234497070312,0.0,0.0,6,1
4987464,0.7462234497070312,0.0,0.0,6,1
4987484,0.7462234497070312,0.0,0.0,6,1
4987504,0.7462234497070312,0.0,0.0,6,1
4987524,0.7462234497070312,0.0,0.0,6,1
4987544,0.7462234497070312,0.0,0.0,6,1
4987564,0.7462234497070312,0.0,0.0,6,1
4987584,0.7462234497070312,0.0,0.0,8,1
4987604,0.7462234497070312,0.0,0.0,8,1
4987624,0.7462234497070312,0.0,0.0,6,1
4987644,0.7462234497070312,0.0,0.0,6,1
4987664,0.7462234497070312,0.0,0.0,6,1
4987684,0.7462234497070312,0.0,0.0,6,1
4987704,0.7462234497070312,0.0,0.0,6,1
4987724,0.7462234497070312,0.0,0.0,6,1
4987744,0.7462234497070312,0.0,0.0,6,1
4987764,0.7462234497070312,0.0,0.0,6,1
4987784,0.7462234497070312,0.0,0.0,6,1
4987804,0.7462234497070312,0.0,0.0,6,1
4987824,0.7462234497070312,0.0,0.0,6,1
4987844,0.7462234497070312,0.0,0.0,6,1
4987864,0.7462234497070312,0.0,0.0,8,1
4987884,0.7462234497070312,0.0,0.0,8,1
4987904,0.7462234497070312,0.0,0.0,8,1
4987924,0.7462234497070312,0.0,0.0,8,1
4987944,0.7462234497070312,0.0,0.0,8,1
4987964,0.7462234497070312,0.0,0.0,8,1
4987984,0.7462234497070312,0.0,0.0,8,1
4988004,0.7462234497070312,0.0,0.0,8,1
4988024,0.7462234497070312,0.0,0.0,8,1
4988044,0.7462234497070312,0.0,0.0,8,1
4988064,0.7462234497070312,0.0,0.0,8,1
4988084,0.7462234497070312,0.0,0.0,8,1
4988104,0.7462234497070312,0.0,0.0,8,1
4988124,0.7462234497070312,0.0,0.0,8,1
4988144,0.7462234497070312,0.0,0.0,8,1
4988164,0.7462234497070312,0.0,0.0,8,1
4988184,0.7462234497070312,0.0,0.0,8,1
4988204,0.7462234497070312,0.0,0.0,8,1
4988224,0.7462234497070312,0.0,0.0,8,1
4988244,0.7462234497070312,0.0,0.0,8,1
4988264,0.7462234497070312,0.0,0.0,8,1
4988284,0.7462234497070312,0.0,0.0,8,1
4988304,0.7462234497070312,0.0,0.0,8,1
4988324,0.7462234497070312,0.0,0.0,8,1
4988344,0.7462234497070312,0.0,0.0,6,1
4988364,0.7462234497070312,0.0,0.0,6,1
4988384,0.7462234497070312,0.0,0.0,8,1
4988404,0.7462234497070312,0.0,0.0,8,1
4988424,0.7462234497070312,0.0,0.0,8,1
4988444,0.7462234497070312,0.0,0.0,8,1
4988464,0.7462234497070312,0.0,0.0,8,1
4988484,0.7462234497070312,0.0,0.0,8,1
4988504,0.7462234497070312,0.0,0.0,8,1
4988524,0.7462234497070312,0.0,0.0,8,1
4988544,0.7462234497070312,0.0,0.0,6,1
4988564,0.7462234497070312,0.0,0.0,6,1
4988584,0.7462234497070312,0.0,0.0,6,1
4988604,0.7462234497070312,0.0,0.0,6,1
4988624,0.7462234497070312,0.0,0.0,6,1
4988644,0.7462234497070312,0.0,0.0,6,1
4988664,0.7462234497070312,0.0,0.0,6,1
4988684,0.7462234497070312,0.0,0.0,8,1
4988704,0.7462234497070312,0.0,0.0,8,1
4988724,0.7462234497070312,0.0,0.0,8,1
4988744,0.7462234497070312,0.0,0.0,8,1
4988764,0.7462234497070312,0.0,0.0,8,1
4988784,0.7462234497070312,0.0,0.0,8,1
4988804,0.7462234497070312,0.0,0.0,6,1
4988824,0.7462234497070312,0.0,0.0,6,1
4988844,0.7462234497070312,0.0,0.0,6,1
4988864,0.7462234497070312,0.0,0.0,6,1
4988884,0.7462234497070312,0.0,0.0,6,1
4988904,0.7462234497070312,0.0,0.0,6,1
4988924,0.7462234497070312,0.0,0.0,6,1
4988944,0.7462234497070312,0.0,0.0,6,1
4988964,0.7462234497070312,0.0,0.0,6,1
4988984,0.7462234497070312,0.0,0.0,6,1
4989004,0.7462234497070312,0.0,0.0,6,1
4989024,0.7462234497070312,0.0,0.0,6,1
4989044,0.7462234497070312,0.0,0.0,6,1
4989064,0.7462234497070312,0.0,0.0,8,1
4989084,0.7462234497070312,0.0,0.0,8,1
4989104,0.7462234497070312,0.0,0.0,6,1
4989124,0.7462234497070312,0.0,0.0,6,1
4989144,0.7462234497070312,0.0,0.0,6,1
4989164,0.7462234497070312,0.0,0.0,6,1
4989184,0.7462234497070312,0.0,0.0,8,1
4989204,0.7462234497070312,0.0,0.0,8,1
4989224,0.7462234497070312,0.0,0.0,8,1
4989244,0.7462234497070312,0.0,0.0,8,1
4989264,0.7462234497070312,0.0,0.0,6,1
4989284,0.7462234497070312,0.0,0.0,6,1
4989304,0.7462234497070312,0.0,0.0,8,1
4989324,0.7462234497070312,0.0,0.0,8,1
4989344,0.7462234497070312,0.0,0.0,8,1
4989364,0.7462234497070312,0.0,0.0,8,1
4989384,0.7462234497070312,0.0,0.0,8,1
4989404,0.7462234497070312,0.0,0.0,8,1
4989424,0.7462234497070312,0.0,0.0,8,1
4989444,0.7462234497070312,0.0,0.0,8,1
4989464,0.7462234497070312,0.0,0.0,8,1
4989484,0.7462234497070312,0.0,0.0,8,1
4989504,0.7462234497070312,0.0,0.0,8,1
4989524,0.7462234497070312,0.0,0.0,8,1
4989544,0.7462234497070312,0.0,0.0,8,1
4989564,0.7462234497070312,0.0,0.0,6,1
4989584,0.7462234497070312,0.0,0.0,6,1
4989604,0.7462234497070312,0.0,0.0,8,1
4989624,0.7462234497070312,0.0,0.0,8,1
4989644,0.7462234497070312,0.0,0.0,8,1
4989664,0.7462234497070312,0.0,0.0,8,1
4989684,0.7462234497070312,0.0,0.0,8,1
4989704,0.7462234497070312,0.0,0.0,8,1
4989724,0.7462234497070312,0.0,0.0,8,1
4989744,0.7462234497070312,0.0,0.0,8,1
4989764,0.7462234497070312,0.0,0.0,8,1
4989784,0.7462234497070312,0.0,0.0,8,1
4989804,0.7462234497070312,0.0,0.0,8,1
4989824,0.7462234497070312,0.0,0.0,8,1
4989844,0.7462234497070312,0.0,0.0,8,1
4989864,0.7462234497070312,0.0,0.0,8,1
4989884,0.7462234497070312,0.0,0.0,8,1
4989904,0.7462234497070312,0.0,0.0,8,1
4989924,0.7462234497070312,0.0,0.0,8,1
4989944,0.7462234497070312,0.0,0.0,8,1
4989964,0.7462234497070312,0.0,0.0,8,1
4989984,0.7462234497070312,0.0,0.0,8,1
4990004,0.7462234497070312,0.0,0.0,8,1
4990024,0.7462234497070312,0.0,0.0,8,1
4990044,0.7462234497070312,0.0,0.0,8,1
4990064,0.7462234497070312,0.0,0.0,8,1
4990084,0.7462234497070312,0.0,0.0,8,1
4990104,0.7462234497070312,0.0,0.0,8,1
4990124,0.7462234497070312,0.0,0.0,6,1
4990144,0.7462234497070312,0.0,0.0,6,1
4990164,0.7462234497070312,0.0,0.0,8,1
4990184,0.7462234497070312,0.0,0.0,8,1
4990204,0.7462234497070312,0.0,0.0,8,1
4990224,0.7462234497070312,0.0,0.0,8,1
4990244,0.7462234497070312,0.0,0.0,8,1
4990264,0.7462234497070312,0.0,0.0,8,1
4990284,0.7462234497070312,0.0,0.0,8,1
4990304,0.7462234497070312,0.0,0.0,8,1
4990324,0.7462234497070312,0.0,0.0,8,1
4990344,0.7462234497070312,0.0,0.0,8,1
4990364,0.7462234497070312,0.0,0.0,8,1
4990384,0.7462234497070312,0.0,0.0,8,1
4990404,0.7462234497070312,0.0,0.0,8,1
4990424,0.7462234497070312,0.0,0.0,8,1
4990444,0.7462234497070312,0.0,0.0,8,1
4990464,0.7462234497070312,0.0,0.0,8,1
4990484,0.7462234497070312,0.0,0.0,8,1
4990504,0.7462234497070312,0.0,0.0,8,1
4990524,0.7462234497070312,0.0,0.0,8,1
4990544,0.7462234497070312,0.0,0.0,8,1
4990564,0.7462234497070312,0.0,0.0,8,1
4990584,0.7462234497070312,0.0,0.0,8,1
4990604,0.7462234497070312,0.0,0.0,8,1
4990624,0.7462234497070312,0.0,0.0,8,1
4990644,0.7462234497070312,0.0,0.0,8,1
4990664,0.7462234497070312,0.0,0.0,8,1
4990684,0.7462234497070312,0.0,0.0,8,1
4990704,0.7462234497070312,0.0,0.0,8,1
4990724,0.7462234497070312,0.0,0.0,8,1
4990744,0.7462234497070312,0.0,0.0,8,1
4990764,0.7462234497070312,0.0,0.0,8,1
4990784,0.7462234497070312,0.0,0.0,8,1
4990804,0.7462234497070312,0.0,0.0,8,1
4990824,0.7462234497070312,0.0,0.0,8,1
4990844,0.7462234497070312,0.0,0.0,8,1
4990864,0.7462234497070312,0.0,0.0,8,1
4990884,0.7462234497070312,0.0,0.0,8,1
4990904,0.7462234497070312,0.0,0.0,6,1
4990924,0.7462234497070312,0.0,0.0,6,1
4990944,0.7462234497070312,0.0,0.0,6,1
4990964,0.7462234497070312,0.0,0.0,6,1
4990984,0.7462234497070312,0.0,0.0,8,1
4991004,0.7462234497070312,0.0,0.0,8,1
4991024,0.7462234497070312,0.0,0.0,8,1
4991044,0.7462234497070312,0.0,0.0,8,1
4991064,0.7462234497070312,0.0,0.0,8,1
4991084,0.7462234497070312,0.0,0.0,8,1
4991104,0.7462234497070312,0.0,0.0,6,1
4991124,0.7462234497070312,0.0,0.0,6,1
4991144,0.7462234497070312,0.0,0.0,6,1
4991164,0.7462234497070312,0.0,0.0,6,1
4991184,0.7462234497070312,0.0,0.0,6,1
4991204,0.7462234497070312,0.0,0.0,6,1
4991224,0.7462234497070312,0.0,0.0,6,1
4991244,0.7462234497070312,0.0,0.0,6,1
4991264,0.7462234497070312,0.0,0.0,6,1
4991284,0.7462234497070312,0.0,0.0,6,1
4991304,0.7462234497070312,0.0,0.0,6,1
4991324,0.7462234497070312,0.0,0.0,8,1
4991344,0.7462234497070312,0.0,0.0,8,1
4991364,0.7462234497070312,0.0,0.0,8,1
4991384,0.7462234497070312,0.0,0.0,8,1
4991404,0.7462234497070312,0.0,0.0,8,1
4991424,0.7462234497070312,0.0,0.0,8,1
4991444,0.7462234497070312,0.0,0.0,8,1
4991464,0.7462234497070312,0.0,0.0,6,1
4991484,0.7462234497070312,0.0,0.0,6,1
4991504,0.7462234497070312,0.0,0.0,8,1
4991524,0.7462234497070312,0.0,0.0,8,1
4991544,0.7462234497070312,0.0,0.0,8,1
4991564,0.7462234497070312,0.0,0.0,8,1
4991584,0.7462234497070312,0.0,0.0,8,1
4991604,0.7462234497070312,0.0,0.0,8,1
4991624,0.7462234497070312,0.0,0.0,8,1
4991644,0.7462234497070312,0.0,0.0,8,1
4991664,0.7462234497070312,0.0,0.0,8,1
4991684,0.7462234497070312,0.0,0.0,8,1
4991704,0.7462234497070312,0.0,0.0,8,1
4991724,0.7462234497070312,0.0,0.0,8,1
4991744,0.7462234497070312,0.0,0.0,8,1
4991764,0.7462234497070312,0.0,0.0,8,1
4991784,0.7462234497070312,0.0,0.0,8,1
4991804,0.7462234497070312,0.0,0.0,8,1
4991824,0.7462234497070312,0.0,0.0,8,1
4991844,0.7462234497070312,0.0,0.0,8,1
4991864,0.7462234497070312,0.0,0.0,8,1
4991884,0.7462234497070312,0.0,0.0,8,1
4991904,0.7462234497070312,0.0,0.0,8,1
4991924,0.7462234497070312,0.0,0.0,8,1
4991944,0.7462234497070312,0.0,0.0,8,1
4991964,0.7462234497070312,0.0,0.0,8,1
4991984,0.7462234497070312,0.0,0.0,8,1
4992004,0.7462234497070312,0.0,0.0,8,1
4992024,0.7462234497070312,0.0,0.0,8,1
4992044,0.7462234497070312,0.0,0.0,8,1
4992064,0.7462234497070312,0.0,0.0,6,1
4992084,0.7462234497070312,0.0,0.0,6,1
4992104,0.7462234497070312,0.0,0.0,6,1
4992124,0.7462234497070312,0.0,0.0,6,1
4992144,0.7462234497070312,0.0,0.0,6,1
4992164,0.7462234497070312,0.0,0.0,6,1
4992184,0.7462234497070312,0.0,0.0,6,1
4992204,0.7462234497070312,0.0,0.0,6,1
4992224,0.7462234497070312,0.0,0.0,6,1
4992244,0.7462234497070312,0.0,0.0,6,1
4992264,0.7462234497070312,0.0,0.0,6,1
4992284,0.7462234497070312,0.0,0.0,6,1
4992304,0.7462234497070312,0.0,0.0,6,1
4992324,0.7462234497070312,0.0,0.0,6,1
4992344,0.7462234497070312,0.0,0.0,6,1
4992364,0.7462234497070312,0.0,0.0,8,1
4992384,0.7462234497070312,0.0,0.0,8,1
4992404,0.7462234497070312,0.0,0.0,8,1
4992424,0.7462234497070312,0.0,0.0,8,1
4992444,0.7462234497070312,0.0,0.0,8,1
4992464,0.7462234497070312,0.0,0.0,8,1
4992484,0.7462234497070312,0.0,0.0,6,1
4992504,0.7462234497070312,0.0,0.0,6,1
4992524,0.7462234497070312,0.0,0.0,6,1
4992544,0.7462234497070312,0.0,0.0,6,1
4992564,0.7462234497070312,0.0,0.0,6,1
4992584,0.7462234497070312,0.0,0.0,6,1
4992604,0.7462234497070312,0.0,0.0,6,1
4992624,0.7462234497070312,0.0,0.0,6,1
4992644,0.7462234497070312,0.0,0.0,6,1
4992664,0.7462234497070312,0.0,0.0,6,1
4992684,0.7462234497070312,0.0,0.0,6,1
4992704,0.7462234497070312,0.0,0.0,6,1
4992724,0.7462234497070312,0.0,0.0,6,1
4992744,0.7462234497070312,0.0,0.0,8,1
4992764,0.7462234497070312,0.0,0.0,8,1
4992784,0.7462234497070312,0.0,0.0,8,1
4992804,0.7462234497070312,0.0,0.0,8,1
4992824,0.7462234497070312,0.0,0.0,6,1
4992844,0.7462234497070312,0.0,0.0,6,1
4992864,0.7462234497070312,0.0,0.0,6,1
4992884,0.7462234497070312,0.0,0.0,6,1
4992904,0.7462234497070312,0.0,0.0,6,1
4992924,0.7462234497070312,0.0,0.0,6,1
4992944,0.7462234497070312,0.0,0.0,6,1
4992964,0.7462234497070312,0.0,0.0,6,1
4992984,0.7462234497070312,0.0,0.0,6,1
4993004,0.7462234497070312,0.0,0.0,6,1
4993024,0.7462234497070312,0.0,0.0,6,1
4993044,0.7462234497070312,0.0,0.0,6,1
4993064,0.7462234497070312,0.0,0.0,6,1
4993084,0.7462234497070312,0.0,0.0,8,1
4993104,0.7462234497070312,0.0,0.0,8,1
4993124,0.7462234497070312,0.0,0.0,8,1
4993144,0.7462234497070312,0.0,0.0,8,1
4993164,0.7462234497070312,0.0,0.0,8,1
4993184,0.7462234497070312,0.0,0.0,6,1
4993204,0.7462234497070312,0.0,0.0,6,1
4993224,0.7462234497070312,0.0,0.0,6,1
4993244,0.7462234497070312,0.0,0.0,6,1
4993264,0.7462234497070312,0.0,0.0,8,1
4993284,0.7462234497070312,0.0,0.0,8,1
4993304,0.7462234497070312,0.0,0.0,6,1
4993324,0.7462234497070312,0.0,0.0,6,1
4993344,0.7462234497070312,0.0,0.0,8,1
4993364,0.7462234497070312,0.0,0.0,8,1
4993384,0.7462234497070312,0.0,0.0,6,1
4993404,0.7462234497070312,0.0,0.0,6,1
4993424,0.7462234497070312,0.0,0.0,6,1
4993444,0.7462234497070312,0.0,0.0,6,1
4993464,0.7462234497070312,0.0,0.0,6,1
4993484,0.7462234497070312,0.0,0.0,6,1
4993504,0.7462234497070312,0.0,0.0,6,1
4993524,0.7462234497070312,0.0,0.0,8,1
4993544,0.7462234497070312,0.0,0.0,8,1
4993564,0.7462234497070312,0.0,0.0,8,1
4993584,0.7462234497070312,0.0,0.0,8,1
4993604,0.7462234497070312,0.0,0.0,8,1
4993624,0.7462234497070312,0.0,0.0,8,1
4993644,0.7462234497070312,0.0,0.0,8,1
4993664,0.7462234497070312,0.0,0.0,8,1
4993684,0.7462234497070312,0.0,0.0,6,1
4993704,0.7462234497070312,0.0,0.0,6,1
4993724,0.7462234497070312,0.0,0.0,6,1
4993744,0.7462234497070312,0.0,0.0,8,1
4993764,0.7462234497070312,0.0,0.0,8,1
4993784,0.7462234497070312,0.0,0.0,8,1
4993804,0.7462234497070312,0.0,0.0,8,1
4993824,0.7462234497070312,0.0,0.0,8,1
4993844,0.7462234497070312,0.0,0.0,8,1
4993864,0.7462234497070312,0.0,0.0,8,1
4993884,0.7462234497070312,0.0,0.0,8,1
4993904,0.7462234497070312,0.0,0.0,8,1
4993924,0.7462234497070312,0.0,0.0,8,1
4993944,0.7462234497070312,0.0,0.0,8,1
4993964,0.7462234497070312,0.0,0.0,8,1
4993984,0.7462234497070312,0.0,0.0,6,1
4994004,0.7462234497070312,0.0,0.0,6,1
4994024,0.7462234497070312,0.0,0.0,6,1
4994044,0.7462234497070312,0.0,0.0,6,1
4994064,0.7462234497070312,0.0,0.0,6,1
4994084,0.7462234497070312,0.0,0.0,6,1
4994104,0.7462234497070312,0.0,0.0,6,1
4994124,0.7462234497070312,0.0,0.0,6,1
4994144,0.7462234497070312,0.0,0.0,6,1
4994164,0.7462234497070312,0.0,0.0,6,1
4994184,0.7462234497070312,0.0,0.0,6,1
4994204,0.7462234497070312,0.0,0.0,6,1
4994224,0.7462234497070312,0.0,0.0,6,1
4994244,0.7462234497070312,0.0,0.0,8,1
4994264,0.7462234497070312,0.0,0.0,8,1
4994284,0.7462234497070312,0.0,0.0,8,1
4994304,0.7462234497070312,0.0,0.0,8,1
4994324,0.7462234497070312,0.0,0.0,8,1
4994344,0.7462234497070312,0.0,0.0,6,1
4994364,0.7462234497070312,0.0,0.0,6,1
4994384,0.7462234497070312,0.0,0.0,8,1
4994404,0.7462234497070312,0.0,0.0,8,1
4994424,0.7462234497070312,0.0,0.0,8,1
4994444,0.7462234497070312,0.0,0.0,8,1
4994464,0.7462234497070312,0.0,0.0,8,1
4994484,0.7462234497070312,0.0,0.0,8,1
4994504,0.7462234497070312,0.0,0.0,8,1
4994524,0.7462234497070312,0.0,0.0,8,1
4994544,0.7462234497070312,0.0,0.0,8,1
4994564,0.7462234497070312,0.0,0.0,8,1
4994584,0.7462234497070312,0.0,0.0,8,1
4994604,0.7462234497070312,0.0,0.0,8,1
4994624,0.7462234497070312,0.0,0.0,8,1
4994644,0.7462234497070312,0.0,0.0,6,1
4994664,0.7462234497070312,0.0,0.0,6,1
4994684,0.7462234497070312,0.0,0.0,6,1
4994704,0.7462234497070312,0.0,0.0,6,1
4994724,0.7462234497070312,0.0,0.0,6,1
4994744,0.7462234497070312,0.0,0.0,6,1
4994764,0.7462234497070312,0.0,0.0,6,1
4994784,0.7462234497070312,0.0,0.0,6,1
4994804,0.7462234497070312,0.0,0.0,6,1
4994824,0.7462234497070312,0.0,0.0,6,1
4994844,0.7462234497070312,0.0,0.0,6,1
4994864,0.7462234497070312,0.0,0.0,6,1
4994884,0.7462234497070312,0.0,0.0,6,1
4994904,0.7462234497070312,0.0,0.0,6,1
4994924,0.7462234497070312,0.0,0.0,6,1
4994944,0.7462234497070312,0.0,0.0,6,1
4994964,0.7462234497070312,0.0,0.0,6,1
4994984,0.7462234497070312,0.0,0.0,8,1
4995004,0.7462234497070312,0.0,0.0,8,1
4995024,0.7462234497070312,0.0,0.0,8,1
4995044,0.7462234497070312,0.0,0.0,8,1
4995064,0.7462234497070312,0.0,0.0,8,1
4995084,0.7462234497070312,0.0,0.0,8,1
