row_id,row_kind,scenario_id,trial_id,reference_time_low_s,reference_time_high_s,vehicle_z_low_m,vehicle_z_high_m,surface_z_low_m,surface_z_high_m,note
s1-sync1,sync,stationary,cycle1-stationary-01,9.4,10.6,,,,,rotation +90deg yaw puis retour; observateur confirme conforme
s1-cal-start,calibration_start,stationary,cycle1-stationary-01,14.4,15.6,0.595,0.605,-0.005,0.005,début calibration; référence corps maintenue dans bande 59.5-60.5 cm
s1-cal-end,calibration_end,stationary,cycle1-stationary-01,49.4,50.6,0.595,0.605,-0.005,0.005,fin calibration; référence corps maintenue dans bande 59.5-60.5 cm
s1-before,plateau_before,stationary,cycle1-stationary-01,59.4,70.6,0.595,0.605,-0.005,0.005,plateau avant; observateur confirme maintien continu dans la bande
s1-event-start,event_start,stationary,cycle1-stationary-01,69.4,70.6,0.595,0.605,-0.005,0.005,début événement nul stationary; aucune modification véhicule/surface
s1-hold-start,z_after_hold_start,stationary,cycle1-stationary-01,73.4,74.6,0.595,0.605,-0.005,0.005,début observation continue; enveloppe 59.5-60.5 cm valable pour tout le hold
s1-event-end,event_end,stationary,cycle1-stationary-01,74.4,75.6,0.595,0.605,-0.005,0.005,fin événement nul stationary; aucune modification véhicule/surface
s1-hold-end,z_after_hold_end,stationary,cycle1-stationary-01,79.4,80.6,0.595,0.605,-0.005,0.005,fin observation continue; même enveloppe 59.5-60.5 cm sur tout le hold
s1-after,plateau_after,stationary,cycle1-stationary-01,84.4,100.6,0.595,0.605,-0.005,0.005,plateau après; observateur confirme maintien continu dans la bande
s1-sync2,sync,stationary,cycle1-stationary-01,119.4,120.6,,,,,rotation +90deg yaw puis retour; observateur confirme conforme
