Timestamp,range.zrange,sensorFilter.innoChTof,stateEstimate.vz,stateEstimate.z
5986893,633,0.27322015166282654,-0.010622505098581314,0.6316121220588684
5986913,633,0.27322015166282654,-0.01146707683801651,0.6313928365707397
5986933,630,0.21361084282398224,-0.013447762466967106,0.6309000849723816
5986953,630,0.21361084282398224,-0.011310731992125511,0.6306488513946533
5986973,629,0.3230094015598297,-0.010515166446566582,0.6301422119140625
5986993,629,0.3230094015598297,-0.010136205703020096,0.6299338936805725
5987013,632,0.3230094015598297,-0.009557128883898258,0.62973552942276
5987033,632,0.5817659497261047,-0.007611787412315607,0.6299691796302795
5987053,632,0.5817659497261047,-0.00742128724232316,0.6298179626464844
5987073,633,1.2896872758865356,-0.004235181491822004,0.6303084492683411
5987093,633,1.2896872758865356,-0.0009282947867177427,0.630255937576294
5987113,633,0.9168334603309631,0.0016517911572009325,0.6307709217071533
5987133,633,0.9168334603309631,0.0012139430036768317,0.6307992935180664
5987153,632,0.15898801386356354,0.0008325305534526706,0.6310270428657532
5987173,632,0.15898801386356354,-0.0007362058968283236,0.6310265064239502
5987193,633,0.4448537826538086,-0.001178464270196855,0.6313562989234924
5987213,633,0.4448537826538086,-0.0017608382040634751,0.6313236951828003
5987233,630,0.26066169142723083,-0.0025600148364901543,0.6310195326805115
5987253,630,0.26066169142723083,-0.0029845116659998894,0.630964457988739
5987273,631,8.052506018429995e-05,-0.005228429101407528,0.6308850049972534
5987293,631,8.052506018429995e-05,-0.006592247169464827,0.6307581663131714
5987313,631,8.052506018429995e-05,-0.00573655916377902,0.6306339502334595
5987333,632,0.23078785836696625,-0.003971082158386707,0.6307919025421143
5987353,632,0.23078785836696625,-0.001960112014785409,0.6307316422462463
5987373,631,0.005538731347769499,-0.0003908213693648577,0.630748450756073
5987393,631,0.005538731347769499,-0.00010390395618742332,0.6307452917098999
5987413,630,0.08720874041318893,-0.0021848930045962334,0.6305714845657349
5987433,630,0.08720874041318893,-0.004717267584055662,0.6305011510848999
5987453,629,0.3020493984222412,-0.006357819307595491,0.6301072239875793
5987473,629,0.3020493984222412,-0.005720420740544796,0.6299818754196167
5987493,632,0.49797073006629944,-0.0025326709728688,0.6302648186683655
5987513,632,0.49797073006629944,-0.0018324200063943863,0.630225419998169
5987533,631,0.06269697099924088,-0.004357010126113892,0.6302933692932129
5987553,631,0.06269697099924088,-0.006224576383829117,0.6301831007003784
5987573,631,0.06269697099924088,-0.00743074668571353,0.6300496459007263
5987593,633,1.0243687629699707,-0.008545494638383389,0.6304236650466919
5987613,633,1.0243687629699707,-0.008413784205913544,0.6302515268325806
5987633,634,1.8111131191253662,-0.0056656403467059135,0.6308261752128601
5987653,634,1.8111131191253662,-0.004301117267459631,0.6307239532470703
5987673,629,0.39619308710098267,-0.004101435653865337,0.6303065419197083
5987693,629,0.39619308710098267,-0.0019136742921546102,0.6302478313446045
5987713,632,0.3704962730407715,-0.0004984901170246303,0.6305440068244934
5987733,632,0.3704962730407715,-0.0012999813770875335,0.6305238604545593
5987753,629,0.3421991765499115,-0.0011636296985670924,0.6301931142807007
5987773,629,0.3421991765499115,-0.0004345929773990065,0.6301753520965576
5987793,630,0.012380283325910568,0.00030958373099565506,0.6301162242889404
5987813,630,0.012380283325910568,0.0016793151153251529,0.630137026309967
5987833,631,0.06166914105415344,0.0013519233325496316,0.630293607711792
5987853,631,0.06166914105415344,-0.00042477052193135023,0.630305826663971
5987873,631,0.06166914105415344,-0.0021751041058450937,0.6302770972251892
5987893,629,0.2630489468574524,-0.004851665813475847,0.6299382448196411
5987913,629,0.2630489468574524,-0.007137273903936148,0.6298180222511292
5987933,632,0.6024919748306274,-0.00854621920734644,0.6300733685493469
5987953,632,0.6024919748306274,-0.009994760155677795,0.6298859119415283
5987973,635,3.383249282836914,-0.008013452403247356,0.6306667327880859
5987993,635,3.383249282836914,-0.008565867319703102,0.630501389503479
5988013,635,2.6272406578063965,-0.006777075119316578,0.6311826109886169
5988033,635,2.6272406578063965,-0.006291532423347235,0.6310528516769409
5988053,630,0.14111649990081787,-0.007116252556443214,0.6307233572006226
5988073,630,0.14111649990081787,-0.006391046568751335,0.6305859684944153
5988093,633,0.7441582679748535,-0.00470805075019598,0.6309176683425903
5988113,633,0.7441582679748535,-0.004311022814363241,0.6308266520500183
5988133,630,0.09928015619516373,-0.0034324100706726313,0.6307494640350342
5988153,630,0.09928015619516373,-0.003002972574904561,0.6305165886878967
5988173,630,0.09928015619516373,-0.002433488378301263,0.630463719367981
5988193,633,0.7494264245033264,-0.0012901038862764835,0.6308778524398804
5988213,633,0.7494264245033264,-0.0011787709081545472,0.6308556795120239
5988233,633,0.5605971217155457,-0.00018059342983178794,0.6312367916107178
5988253,633,0.5605971217155457,0.0008798684575594962,0.6312443017959595
5988273,630,0.22420309484004974,-0.000751913117710501,0.6310027837753296
5988293,630,0.22420309484004974,-0.0024058411363512278,0.6309686899185181
5988313,632,0.12412277609109879,-0.0019065758679062128,0.6311075687408447
5988333,632,0.12412277609109879,-0.0030132813844829798,0.6310585141181946
5988353,633,0.44955483078956604,-0.0029345431830734015,0.6313470005989075
5988373,633,0.44955483078956604,-0.0018806064035743475,0.6312949657440186
5988393,629,0.7583217024803162,-0.00025718024699017406,0.6308294534683228
5988413,629,0.7583217024803162,-0.00010148217552341521,0.630828857421875
5988433,629,0.7583217024803162,0.0003111125552095473,0.6308296322822571
5988453,631,4.353763142717071e-05,-0.0002825668198056519,0.6308368444442749
5988473,631,4.353763142717071e-05,-0.0028400025330483913,0.6308069229125977
5988493,635,2.202611207962036,-0.004183812998235226,0.6315279603004456
5988513,635,2.202611207962036,-0.004486038349568844,0.631435215473175
5988533,633,0.2982448935508728,-0.00281305774115026,0.631650447845459
5988553,633,0.2982448935508728,-0.004805808886885643,0.6315791606903076
5988573,634,0.7466373443603516,-0.005983531009405851,0.6319085955619812
5988593,634,0.7466373443603516,-0.006176612805575132,0.6317874193191528
5988613,630,0.41668814420700073,-0.00869094580411911,0.631308376789093
5988633,630,0.41668814420700073,-0.009543797932565212,0.6311218738555908
5988653,630,0.15243960916996002,-0.007610872853547335,0.630743682384491
5988673,630,0.15243960916996002,-0.005261243786662817,0.6306179165840149
5988693,635,2.4376981258392334,-0.0035780698526650667,0.6313282251358032
5988713,635,2.4376981258392334,-0.004480316303670406,0.6312475800514221
5988733,635,2.4376981258392334,-0.004800277296453714,0.6311540007591248
5988753,634,0.9489673376083374,-0.0032410132698714733,0.631589412689209
5988773,634,0.9489673376083374,-0.0036963121965527534,0.6315191984176636
5988793,632,0.025709008798003197,-0.0032983662094920874,0.6315336227416992
5988813,632,0.025709008798003197,-0.0026480720844119787,0.6314728856086731
5988833,633,0.279521644115448,-0.0006086346111260355,0.631718635559082
5988853,633,0.279521644115448,-0.00096711958758533,0.6317042708396912
5988873,635,1.3435039520263672,7.409170939354226e-05,0.6322941184043884
5988893,635,1.3435039520263672,0.0009074236149899662,0.6323031187057495
5988913,632,0.02661156840622425,-0.0004423604696057737,0.6322264075279236
5988933,632,0.02661156840622425,-0.0020260103046894073,0.6321985125541687
5988953,628,2.395462989807129,-0.003494471311569214,0.6313489675521851
5988973,628,2.395462989807129,-0.005408205091953278,0.6312652826309204
5988993,628,2.395462989807129,-0.008247719146311283,0.631125271320343
5989013,637,4.208181858062744,-0.0062056309543550014,0.6320684552192688
5989033,637,4.208181858062744,-0.008396982215344906,0.6319230794906616
5989053,632,0.0007489308482035995,-0.008722039870917797,0.6317614316940308
5989073,632,0.0007489308482035995,-0.006871343124657869,0.6316051483154297
5989093,628,1.6896777153015137,-0.008004275150597095,0.6307750940322876
5989113,628,1.6896777153015137,-0.006849514786154032,0.6306240558624268
5989133,631,0.015158042311668396,-0.005215420853346586,0.6305687427520752
5989153,631,0.015158042311668396,-0.006956957280635834,0.6304513812065125
5989173,634,1.6079909801483154,-0.008582167327404022,0.630944550037384
5989193,634,1.6079909801483154,-0.009961466304957867,0.6307550668716431
5989213,633,0.6675276756286621,-0.008459133096039295,0.6309922337532043
5989233,633,0.6675276756286621,-0.007667530793696642,0.6308287978172302
5989253,630,0.09276775270700455,-0.00622407253831625,0.6306918263435364
5989273,630,0.09276775270700455,-0.00772783812135458,0.6303913593292236
5989293,630,0.09276775270700455,-0.009177329950034618,0.6302217245101929
5989313,633,0.8880401849746704,-0.010861012153327465,0.6305200457572937
5989333,633,0.8880401849746704,-0.01376480981707573,0.6302710175514221
5989353,632,0.4058879613876343,-0.012346060015261173,0.6303422451019287
5989373,632,0.4058879613876343,-0.010966682806611061,0.630113959312439
5989393,630,0.0008995712851174176,-0.010616200044751167,0.6298799514770508
5989413,630,0.0008995712851174176,-0.009221035055816174,0.6296828389167786
5989433,631,0.22813692688941956,-0.00932701863348484,0.6297443509101868
5989453,631,0.22813692688941956,-0.009254314936697483,0.6295576095581055
5989473,630,0.02875686250627041,-0.008320599794387817,0.6294699311256409
5989493,630,0.02875686250627041,-0.006911338306963444,0.6293020844459534
5989513,629,0.012856177985668182,-0.0063450452871620655,0.6291114687919617
5989533,629,0.012856177985668182,-0.006581304594874382,0.628982424736023
5989553,629,0.012856177985668182,-0.006487373262643814,0.628852903842926
5989573,630,0.12735871970653534,-0.006636598147451878,0.6289122104644775
5989593,630,0.12735871970653534,-0.008131710812449455,0.6287657618522644
5989613,628,0.10806789994239807,-0.01032889261841774,0.6284067630767822
5989633,628,0.10806789994239807,-0.011292513459920883,0.6281878352165222
5989653,629,0.08863552659749985,-0.010900663211941719,0.6281254291534424
5989673,629,0.08863552659749985,-0.011345259845256805,0.6279011964797974
5989693,630,0.5782203674316406,-0.010196090675890446,0.6280836462974548
5989713,630,0.5782203674316406,-0.009774408303201199,0.6278836727142334
5989733,631,1.2614253759384155,-0.008363443426787853,0.6282830238342285
5989753,631,1.2614253759384155,-0.008975923992693424,0.628106951713562
5989773,635,6.135563373565674,-0.005181083455681801,0.6292532086372375
5989793,635,6.135563373565674,-0.003895760513842106,0.6291641592979431
5989813,632,6.135563373565674,-0.003332511056214571,0.6290901899337769
5989833,632,0.983685314655304,-0.0013893867144361138,0.6295762062072754
5989853,632,0.983685314655304,-0.0004927591071464121,0.6295576095581055
5989873,632,0.682117760181427,0.001102603622712195,0.6300009489059448
5989893,632,0.682117760181427,1.7358905097353272e-05,0.6300140023231506
5989913,634,1.9633539915084839,0.000491344544570893,0.6307659149169922
5989933,634,1.9633539915084839,-0.0011263738851994276,0.630760908126831
5989953,633,0.6101552844047546,-0.001129245851188898,0.6311448216438293
5989973,633,0.6101552844047546,-0.00048721948405727744,0.6311280131340027
5989993,635,1.8675529956817627,-0.00011375936446711421,0.631833016872406
5990013,635,1.8675529956817627,-0.0027711617294698954,0.6318033337593079
5990033,633,0.16209560632705688,-0.0028960874769836664,0.6319529414176941
5990053,633,0.16209560632705688,-0.003139559179544449,0.6318929195404053
5990073,631,0.12091244012117386,-0.0027384913992136717,0.6316535472869873
5990093,631,0.12091244012117386,-0.0009880170691758394,0.6316161751747131
5990113,631,0.12091244012117386,-0.0001596987567609176,0.6316044926643372
5990133,630,0.39133426547050476,-0.00035822889185510576,0.6312669515609741
5990153,630,0.39133426547050476,-0.0005059125833213329,0.631259560585022
5990173,634,0.8722234964370728,0.0003648941055871546,0.6317459940910339
5990193,634,0.8722234964370728,-0.0006875883555039763,0.6317431926727295
5990213,634,0.6187009811401367,-0.0018775574862957,0.6321359872817993
5990233,634,0.6187009811401367,-0.002696746727451682,0.6320860385894775
5990253,632,0.002167470520362258,-0.003000199329108,0.6320088505744934
5990273,632,0.002167470520362258,-0.004678314086049795,0.6319305896759033
5990293,628,2.0155251026153564,-0.007149796467274427,0.6310812830924988
5990313,628,2.0155251026153564,-0.010302294977009296,0.6309126615524292
5990333,635,2.260868787765503,-0.011935336515307426,0.6314641833305359
5990353,635,2.260868787765503,-0.011928131803870201,0.6312235593795776
5990373,634,1.0735841989517212,-0.011435778811573982,0.6309881210327148
5990393,634,1.0735841989517212,-0.007324283942580223,0.6313533782958984
5990413,634,1.0735841989517212,-0.003798580262809992,0.6312406659126282
5990433,632,0.05336333438754082,-0.00019754156528506428,0.631324827671051
5990453,632,0.05336333438754082,0.00033932618680410087,0.6313278675079346
5990473,630,0.24567627906799316,-0.0007107803830876946,0.6310603022575378
5990493,630,0.24567627906799316,-0.00030647258972749114,0.6310474872589111
5990513,629,0.5736954808235168,-0.0007027305546216667,0.630642831325531
5990533,629,0.5736954808235168,-0.000286325957858935,0.6306315064430237
5990553,630,0.06347977370023727,-0.0005909625324420631,0.6304939985275269
5990573,630,0.06347977370023727,-0.00030063450685702264,0.6304839253425598
5990593,629,0.31416335701942444,-0.0006517550791613758,0.6301883459091187
5990613,629,0.31416335701942444,0.0002543639566283673,0.6301849484443665
5990633,636,4.116150379180908,0.001859265728853643,0.6312547922134399
5990653,636,4.116150379180908,0.0001414854486938566,0.6312737464904785
5990673,636,4.116150379180908,-0.001573888468556106,0.6312587261199951
5990693,633,0.32088690996170044,-0.0017598806880414486,0.6315277814865112
5990713,633,0.32088690996170044,-0.0031572303269058466,0.6314771175384521
5990733,632,0.01649106852710247,-0.003937195520848036,0.631473958492279
5990753,632,0.01649106852710247,-0.0047507137060165405,0.6313849687576294
5990773,633,0.31258970499038696,-0.003907935228198767,0.6315968632698059
5990793,633,0.31258970499038696,-0.004956864286214113,0.63150954246521
5990813,632,0.024958640336990356,-0.005570279899984598,0.631485104560852
5990833,632,0.024958640336990356,-0.0051169912330806255,0.6313778758049011
5990853,630,0.26490548253059387,-0.006154465023428202,0.6309998631477356
5990873,630,0.26490548253059387,-0.005732008721679449,0.6308778524398804
5990893,631,0.00024234440934378654,-0.00493262056261301,0.6307825446128845
5990913,631,0.00024234440934378654,-0.005754777230322361,0.6306744813919067
5990933,634,1.368653416633606,-0.006132024340331554,0.6305568814277649
5990953,634,1.368653416633606,-0.005706076975911856,0.6310679912567139
5990973,634,1.368653416633606,-0.007677566725760698,0.630932629108429
5990993,637,4.47591495513916,-0.006074139848351479,0.6319145560264587
5991013,637,4.47591495513916,-0.00837929267436266,0.6317688822746277
5991033,630,0.4092562794685364,-0.007978598587214947,0.6312599182128906
5991053,630,0.4092562794685364,-0.007023667450994253,0.6311138868331909
5991073,633,0.44745126366615295,-0.007226691581308842,0.6313198208808899
5991093,633,0.44745126366615295,-0.005965301301330328,0.6311874389648438
5991113,635,1.8439182043075562,-0.004893407225608826,0.6317850351333618
5991133,635,1.8439182043075562,-0.006032747682183981,0.6316684484481812
5991153,632,0.011248966678977013,-0.0020388357806950808,0.6316402554512024
5991173,632,0.011248966678977013,-5.8230605645803735e-05,0.6316238045692444
5991193,633,0.18627503514289856,0.0008321763016283512,0.6318554282188416
5991213,633,0.18627503514289856,-0.000814185303170234,0.6318582892417908
5991233,633,0.18627503514289856,-0.0030390946194529533,0.6318210363388062
5991253,633,0.1322254240512848,-0.0058049773797392845,0.6319225430488586
5991273,633,0.1322254240512848,-0.005584156606346369,0.6318045258522034
5991293,634,0.5327877402305603,-0.0026090845931321383,0.632106602191925
5991313,634,0.5327877402305603,-0.00227158865891397,0.632060706615448
5991333,633,0.09761734306812286,-0.0029515994247049093,0.6321715712547302
5991353,633,0.09761734306812286,-0.002425761893391609,0.6321148872375488
5991373,632,0.004740875214338303,-0.0014844282995909452,0.6320429444313049
5991393,632,0.004740875214338303,-0.001996926963329315,0.6320059895515442
5991413,634,0.4746631383895874,0.0003353198990225792,0.6323428153991699
5991433,634,0.4746631383895874,0.0032455839682370424,0.6323780417442322
5991453,636,1.5788350105285645,0.005264641251415014,0.6331093907356262
5991473,636,1.5788350105285645,0.005042619071900845,0.6332105398178101
5991493,631,0.7962085604667664,0.0030241443309932947,0.632834792137146
5991513,631,0.7962085604667664,0.0003596769238356501,0.6328673362731934
5991533,631,0.7962085604667664,-0.00029232873930595815,0.632865846157074
5991553,633,0.0004499403294175863,-0.0005593732930719852,0.6328455209732056
5991573,633,0.0004499403294175863,-0.000687941093929112,0.6328330039978027
5991593,631,0.5335666537284851,-0.0027697402983903885,0.6324148178100586
5991613,631,0.5335666537284851,-0.00443568080663681,0.6323420405387878
5991633,635,0.8473760485649109,-0.004749563988298178,0.6327400207519531
5991653,635,0.8473760485649109,-0.006964518688619137,0.6326236724853516
5991673,633,0.012986128218472004,-0.0075090546160936356,0.6325345635414124
5991693,633,0.012986128218472004,-0.006138169206678867,0.632397472858429
5991713,634,0.29971015453338623,-0.004397390875965357,0.632576048374176
5991733,634,0.29971015453338623,-0.0039395419880747795,0.6324911117553711
5991753,635,0.6992711424827576,0.0010172247420996428,0.632891058921814
5991773,635,0.6992711424827576,0.00604014378041029,0.6329638957977295
5991793,635,0.6992711424827576,0.01049813162535429,0.633126437664032
5991813,636,0.9001871347427368,0.016704697161912918,0.6339062452316284
5991833,636,0.9001871347427368,0.022074075415730476,0.6342950463294983
5991853,638,1.5219626426696777,0.02649869956076145,0.6354361772537231
5991873,638,1.5219626426696777,0.026427993550896645,0.635968804359436
5991893,633,1.5619820356369019,0.022986486554145813,0.635799765586853
5991913,633,1.5619820356369019,0.019763881340622902,0.6362273693084717
5991933,638,0.20828451216220856,0.017714861780405045,0.6368404626846313
5991953,638,0.20828451216220856,0.015039653517305851,0.6371666193008423
5991973,641,1.4444118738174438,0.013528227806091309,0.6380742192268372
5991993,641,1.4444118738174438,0.010163109749555588,0.6383078694343567
5992013,642,1.3364460468292236,0.011134318076074123,0.6391106247901917
5992033,642,1.3364460468292236,0.009567493572831154,0.6393177509307861
5992053,638,0.507007896900177,0.0071182893589138985,0.6391170620918274
5992073,638,0.507007896900177,0.004647043067961931,0.6392349600791931
5992093,638,0.507007896900177,0.0021828170865774155,0.6393025517463684
5992113,640,0.0039951391518116,-0.0003478334692772478,0.6393526196479797
5992133,640,0.0039951391518116,-0.0015268651768565178,0.6393336653709412
5992153,639,0.09638886898756027,-0.003943628631532192,0.6391191482543945
5992173,639,0.09638886898756027,-0.0068104565143585205,0.6390084624290466
5992193,640,0.04646700248122215,-0.006432229187339544,0.6389889717102051
5992213,640,0.04646700248122215,-0.00814930722117424,0.6388454437255859
5992233,638,0.19261041283607483,-0.009216295555233955,0.6384382843971252
5992253,638,0.19261041283607483,-0.008762147277593613,0.6382590532302856
5992273,641,0.7287805676460266,-0.008124396204948425,0.6385241746902466
5992293,641,0.7287805676460266,-0.010771009139716625,0.6383394002914429
5992313,640,0.2234221249818802,-0.014270027168095112,0.6383309960365295
5992333,640,0.2234221249818802,-0.015360407531261444,0.6380234956741333
5992353,640,0.38970327377319336,-0.012011034414172173,0.6377506852149963
5992373,640,0.38970327377319336,-0.006278884131461382,0.6379005312919617
5992393,640,0.38970327377319336,-0.003442453918978572,0.6378151774406433
5992413,636,0.6946054100990295,-0.00405100267380476,0.6372866630554199
5992433,636,0.6946054100990295,0.0003768439346458763,0.637251079082489
5992453,642,2.3110568523406982,0.0048238355666399,0.6381059288978577
5992473,642,2.3110568523406982,0.004300438333302736,0.6382037997245789
5992493,641,0.6703881621360779,0.0034754362422972918,0.638714075088501
5992513,641,0.6703881621360779,0.0029116382356733084,0.6387758851051331
5992533,635,2.3620147705078125,0.004219324793666601,0.6380377411842346
5992553,635,2.3620147705078125,0.004788012709468603,0.6381373405456543
5992573,638,0.06314068287611008,0.0023511741310358047,0.6380775570869446
5992593,638,0.06314068287611008,0.002557117259129882,0.6381224393844604
5992613,638,0.08017978072166443,0.0022193288896232843,0.638174295425415
5992633,638,0.08017978072166443,0.0019447264494374394,0.6380553245544434
5992653,638,0.08017978072166443,0.003582828212529421,0.6381126046180725
5992673,637,0.39447617530822754,0.001443959423340857,0.6378265023231506
5992693,637,0.39447617530822754,0.000986819271929562,0.6378498673439026
5992713,645,5.422954559326172,0.0031782910227775574,0.6391265988349915
5992733,645,5.422954559326172,-0.00010694473894545808,0.6391612887382507
5992753,639,0.07004895061254501,-0.004957331344485283,0.6389679312705994
5992773,639,0.07004895061254501,-0.008187255822122097,0.6388326287269592
5992793,641,0.36438292264938354,-0.0068050711415708065,0.6389949917793274
5992813,641,0.36438292264938354,-0.00489712692797184,0.6388773322105408
5992833,638,0.2504228949546814,-0.003600266296416521,0.638532817363739
5992853,638,0.2504228949546814,-0.0005768054397776723,0.6384891271591187
5992873,644,3.1557464599609375,0.0025637075304985046,0.6394237875938416
5992893,644,3.1557464599609375,0.0006092311814427376,0.6394548416137695
5992913,644,3.1557464599609375,-0.0010084317764267325,0.639451801776886
5992933,641,0.09933439642190933,-0.0012833111686632037,0.6395949721336365
5992953,641,0.09933439642190933,-0.0004902630462311208,0.639579176902771
5992973,641,0.07380552589893341,-0.0022704589646309614,0.6396985650062561
5992993,641,0.07380552589893341,-0.0036251491401344538,0.6396366953849792
5993013,638,0.6798518300056458,-0.0042639682069420815,0.6391214728355408
5993033,638,0.6798518300056458,-0.003712907899171114,0.6390465497970581
5993053,642,0.776813805103302,-0.002508625853806734,0.6394500732421875
5993073,642,0.776813805103302,0.0014364497037604451,0.6394339203834534
5993093,641,0.13607898354530334,0.005962526425719261,0.6397055387496948
5993113,641,0.13607898354530334,0.006442319136112928,0.6398316025733948
5993133,638,0.7562400698661804,0.005645160097628832,0.6395021080970764
5993153,638,0.7562400698661804,0.0059599862433969975,0.639625608921051
5993173,641,0.04921630769968033,0.005837112199515104,0.6396844387054443
5993193,641,0.04921630769968033,0.004807824268937111,0.6399664282798767
5993213,641,0.04921630769968033,0.002789149759337306,0.640042781829834
5993233,639,0.3718714416027069,0.00098854536190629,0.6397497057914734
5993253,639,0.3718714416027069,0.0008411650778725743,0.6397673487663269
5993273,637,1.5097682476043701,-0.00034783498267643154,0.6391199231147766
5993293,637,1.5097682476043701,-0.0011995943496003747,0.6391065120697021
5993313,640,0.006008476950228214,-0.0032688723877072334,0.6391031742095947
5993333,640,0.006008476950228214,-0.005494024604558945,0.6390135288238525
5993353,639,0.038059450685977936,-0.005891581065952778,0.6387940049171448
5993373,639,0.038059450685977936,-0.0036787574645131826,0.638695240020752
5993393,632,6.803414344787598,-0.005792533978819847,0.6373019814491272
5993413,632,6.803414344787598,-0.005188921932131052,0.637195885181427
5993433,639,0.2166382074356079,-0.0072904909029603004,0.6373072862625122
5993453,639,0.2166382074356079,-0.00820284802466631,0.6371498703956604
5993473,636,0.34211212396621704,-0.009469656273722649,0.636581301689148
5993493,636,0.34211212396621704,-0.009294867515563965,0.6364873051643372
5993513,636,0.34211212396621704,-0.010619702748954296,0.636288583278656
5993533,637,0.0007763816392980516,-0.007878239266574383,0.6361122131347656
5993553,637,0.0007763816392980516,-0.003904405515640974,0.6359949111938477
5993573,638,0.21953172981739044,-0.0023442325182259083,0.6361814141273499
5993593,638,0.21953172981739044,-0.0012112017720937729,0.6361423134803772
5993613,634,1.008577585220337,-3.2487146199855488e-06,0.6356058120727539
5993633,634,1.008577585220337,0.0007117915083654225,0.6356157064437866
5993653,634,0.7064381241798401,0.0010079368948936462,0.6351987719535828
5993673,634,0.7064381241798401,0.0028689110185950994,0.635238528251648
5993693,637,0.11892451345920563,0.004886838607490063,0.6354897618293762
5993713,637,0.11892451345920563,0.007059074006974697,0.6356118321418762
5993733,637,0.028336383402347565,0.007800697349011898,0.6358445882797241
5993753,637,0.028336383402347565,0.007511849980801344,0.6360004544258118
5993773,637,0.028336383402347565,0.0062246969901025295,0.6361364126205444
5993793,636,0.1565745323896408,0.004630760755389929,0.6360342502593994
5993813,636,0.1565745323896408,0.006826815195381641,0.6361445188522339
5993833,638,0.08628430962562561,0.009281906299293041,0.6364628672599792
5993853,638,0.08628430962562561,0.007375213783234358,0.6366342306137085
5993873,640,0.6767495274543762,0.005852594040334225,0.6371915936470032
5993893,640,0.6767495274543762,0.003677884116768837,0.6372858881950378
5993913,637,0.21122996509075165,0.0009367523016408086,0.6370919346809387
5993933,637,0.21122996509075165,-0.0020769815891981125,0.6370835900306702
5993953,642,2.047598361968994,-0.002216195687651634,0.6377730965614319
5993973,642,2.047598361968994,-0.0017850733129307628,0.6377332806587219
5993993,639,0.011949818581342697,-0.0016738259000703692,0.6377531290054321
5994013,639,0.011949818581342697,-0.00029202259611338377,0.6377303004264832
5994033,639,0.0009312686743214726,0.0015161155024543405,0.6377454996109009
5994053,639,0.0009312686743214726,0.004438431933522224,0.6378161311149597
5994073,639,0.0009312686743214726,0.007322697900235653,0.637938380241394
5994093,640,0.0708431601524353,0.006621852051466703,0.6382232904434204
5994113,640,0.0708431601524353,0.003926021046936512,0.6383316516876221
5994133,640,0.012342733331024647,0.002549158176407218,0.6384555101394653
5994153,640,0.012342733331024647,0.0008442606194876134,0.6384885311126709
5994173,640,0.0015406854217872024,0.0017385666724294424,0.6385328769683838
5994193,640,0.0015406854217872024,0.0023973293136805296,0.6385741829872131
5994213,638,0.5239430069923401,0.0007857881137169898,0.6382254958152771
5994233,638,0.5239430069923401,-0.0004285788454581052,0.6382286548614502
5994253,640,0.013772169128060341,-0.00354133453220129,0.6382527351379395
5994273,640,0.013772169128060341,-0.0066510452888906,0.6381486654281616
5994293,637,0.8145535588264465,-0.009488305076956749,0.637521505355835
5994313,637,0.8145535588264465,-0.009852861054241657,0.6373296976089478
5994333,637,0.8145535588264465,-0.012350613251328468,0.6371068358421326
5994353,634,2.744950294494629,-0.014844250865280628,0.6359289884567261
5994373,634,2.744950294494629,-0.01372887659817934,0.6356445550918579
5994393,636,0.1878562569618225,-0.014320608228445053,0.6351341605186462
5994413,636,0.1878562569618225,-0.013723679818212986,0.6348508596420288
5994433,636,0.025950448587536812,-0.011656126007437706,0.6345107555389404
5994453,636,0.025950448587536812,-0.008239474147558212,0.6343100666999817
5994473,631,2.974787712097168,-0.010536398738622665,0.6332136392593384
5994493,631,2.974787712097168,-0.010815921239554882,0.6329958438873291
5994513,629,3.9191458225250244,-0.01326946634799242,0.6317253112792969
5994533,629,3.9191458225250244,-0.015087193809449673,0.6314427256584167
5994553,626,6.219144344329834,-0.01939445175230503,0.6298162341117859
5994573,626,6.219144344329834,-0.021411806344985962,0.629405677318573
5994593,622,6.219144344329834,-0.02333008497953415,0.6289616227149963
5994613,622,9.636348724365234,-0.029497742652893066,0.6267433762550354
5994633,622,9.636348724365234,-0.0319005623459816,0.6261293292045593
5994653,623,3.039823055267334,-0.0376218818128109,0.624505341053009
5994673,623,3.039823055267334,-0.040030039846897125,0.6237224340438843
5994693,621,2.4309418201446533,-0.04045151174068451,0.6220993995666504
5994713,621,2.4309418201446533,-0.0400216206908226,0.6212943196296692
5994733,614,10.516244888305664,-0.04499640688300133,0.6187623143196106
5994753,614,10.516244888305664,-0.0454745888710022,0.6178579330444336
5994773,612,6.356280326843262,-0.05015746131539345,0.6155818104743958
5994793,612,6.356280326843262,-0.050958290696144104,0.6145647168159485
5994813,603,21.331859588623047,-0.052082762122154236,0.613541305065155
5994833,603,21.331859588623047,-0.054456066340208054,0.6124698519706726
5994853,599,27.446910858154297,-0.050705622881650925,0.611412525177002
5994873,599,27.446910858154297,-0.04735639691352844,0.6104377508163452
5994893,599,27.446910858154297,-0.047778818756341934,0.6094874143600464
5994913,597,25.475894927978516,-0.04911867529153824,0.6085180640220642
5994933,597,25.475894927978516,-0.05165615677833557,0.6075127720832825
5994953,592,34.41344451904297,-0.05392758548259735,0.6064512729644775
5994973,592,34.41344451904297,-0.05086813494563103,0.6053990125656128
5994993,584,57.801536560058594,-0.04631303623318672,0.6044270396232605
5995013,584,57.801536560058594,-0.04443373531103134,0.6035246849060059
5995033,578,75.67024993896484,-0.046896010637283325,0.6026158928871155
5995053,578,75.67024993896484,-0.048307277262210846,0.6016057729721069
5995073,568,110.94119262695312,-0.04280868172645569,0.6006912589073181
5995093,568,110.94119262695312,-0.03907636180520058,0.5998781323432922
5995113,555,180.60958862304688,-0.03805135563015938,0.5991033911705017
5995133,555,180.60958862304688,-0.03332484886050224,0.5983836054801941
5995153,546,227.80311584472656,-0.028957638889551163,0.597764253616333
5995173,546,227.80311584472656,-0.026873081922531128,0.5972080826759338
5995193,538,269.1175842285156,-0.025758126750588417,0.5966821312904358
5995213,538,269.1175842285156,-0.03012196533381939,0.5961307883262634
5995233,531,297.96551513671875,-0.03571860119700432,0.5954684019088745
5995253,531,297.96551513671875,-0.03772900998592377,0.5947303175926208
5995273,531,297.96551513671875,-0.04016103968024254,0.5939483046531677
5995293,515,395.59088134765625,-0.035715799778699875,0.5931766033172607
5995313,515,395.59088134765625,-0.03107672743499279,0.5925193428993225
5995333,510,398.4153137207031,-0.032142993062734604,0.5918854475021362
5995353,510,398.4153137207031,-0.030492175370454788,0.5912542939186096
5995373,500,446.3029479980469,-0.02843715250492096,0.5906667709350586
5995393,500,446.3029479980469,-0.028507981449365616,0.5900956988334656
5995413,501,383.73150634765625,-0.025813182815909386,0.5895459055900574
5995433,501,383.73150634765625,-0.022379163652658463,0.5890637040138245
5995453,499,359.9641418457031,-0.020091727375984192,0.58863765001297
5995473,499,359.9641418457031,-0.017712201923131943,0.588256299495697
5995493,493,371.2793273925781,-0.012897985056042671,0.5879443883895874
5995513,493,371.2793273925781,-0.007255940232425928,0.5877413749694824
5995533,488,376.5633850097656,-0.0031514849979430437,0.587638258934021
5995553,488,376.5633850097656,0.0024654183071106672,0.5876235961914062
5995573,492,322.00909423828125,0.008847714401781559,0.5877362489700317
5995593,492,322.00909423828125,0.013588217087090015,0.5879631042480469
5995613,492,322.00909423828125,0.012266973033547401,0.588226854801178
5995633,483,358.940185546875,0.00928404275327921,0.5884324908256531
5995653,483,358.940185546875,0.012224238365888596,0.5886428356170654
5995673,477,367.2451477050781,0.01347888633608818,0.5889004468917847
5995693,477,367.2451477050781,0.011052636429667473,0.5891464352607727
5995713,476,349.489013671875,0.007317123003304005,0.5893278121948242
5995733,476,349.489013671875,0.003983369097113609,0.5894366502761841
5995753,472,347.9722595214844,-0.0007464876398444176,0.5894673466682434
5995773,472,347.9722595214844,-0.004991751629859209,0.5894017219543457
5995793,462,377.7059020996094,-0.0073123774491250515,0.5892753601074219
5995813,462,377.7059020996094,-0.01106189750134945,0.5890856385231018
5995833,462,348.2903137207031,-0.010937441140413284,0.5888569355010986
5995853,462,348.2903137207031,-0.010175956413149834,0.5886422991752625
5995873,462,314.787109375,-0.008985579013824463,0.5884417295455933
5995893,462,314.787109375,-0.0068757073022425175,0.5882827043533325
5995913,456,319.2957458496094,-0.01119314506649971,0.5881019234657288
5995933,456,319.2957458496094,-0.01268152054399252,0.5878509879112244
5995953,454,303.5326843261719,-0.011083376593887806,0.5876084566116333
5995973,454,303.5326843261719,-0.009187709540128708,0.5873855948448181
5995993,454,280.7348937988281,-0.006152303423732519,0.5872294902801514
5996013,454,280.7348937988281,-0.004077755380421877,0.5871180891990662
5996033,454,280.7348937988281,0.0010302482405677438,0.587076723575592
5996053,453,260.88189697265625,0.0074297343380749226,0.5871564745903015
5996073,453,260.88189697265625,0.011247888207435608,0.587338387966156
5996093,450,256.1078796386719,0.014479224570095539,0.587590754032135
5996113,450,256.1078796386719,0.017137538641691208,0.5878987312316895
5996133,448,248.61990356445312,0.016639044508337975,0.5882384777069092
5996153,448,248.61990356445312,0.014763560146093369,0.5885379910469055
5996173,446,241.41102600097656,0.018280934542417526,0.5888556241989136
5996193,446,241.41102600097656,0.020811041817069054,0.5892469882965088
5996213,446,228.77105712890625,0.016107691451907158,0.5896114110946655
5996233,446,228.77105712890625,0.013978909701108932,0.5898935198783875
5996253,443,221.91880798339844,0.014784733764827251,0.5901739597320557
5996273,443,221.91880798339844,0.01170419342815876,0.5904316902160645
5996293,445,204.05970764160156,0.011125133372843266,0.5906422138214111
5996313,445,204.05970764160156,0.014576288871467113,0.5908865332603455
5996333,441,203.6793670654297,0.01663801446557045,0.5911956429481506
5996353,441,203.6793670654297,0.01591319404542446,0.5915084481239319
5996373,441,203.6793670654297,0.016197828575968742,0.5918179154396057
5996393,442,190.69175720214844,0.013847611844539642,0.5921125411987305
5996413,442,190.69175720214844,0.01199172530323267,0.5923548340797424
5996433,441,180.75448608398438,0.012412004172801971,0.5925863981246948
5996453,441,180.75448608398438,0.013936946168541908,0.5928341746330261
5996473,441,171.433349609375,0.014978552237153053,0.5931119322776794
5996493,441,171.433349609375,0.016137074679136276,0.5934054255485535
5996513,437,171.3431854248047,0.01882917620241642,0.5937390327453613
5996533,437,171.3431854248047,0.021799908950924873,0.5941320061683655
5996553,439,159.3221893310547,0.022996582090854645,0.5945683121681213
5996573,439,159.3221893310547,0.024075793102383614,0.5950225591659546
5996593,431,165.9917449951172,0.0264457818120718,0.5955111384391785
5996613,431,165.9917449951172,0.025966797024011612,0.596022367477417
5996633,437,147.853759765625,0.02514513023197651,0.5965089201927185
5996653,437,147.853759765625,0.029105843976140022,0.5970315337181091
5996673,429,156.06729125976562,0.02940293215215206,0.5976045727729797
5996693,429,156.06729125976562,0.028276855126023293,0.5981574058532715
5996713,434,141.205322265625,0.028216686099767685,0.5987002849578857
5996733,434,141.205322265625,0.02937258407473564,0.5992506146430969
5996753,434,141.205322265625,0.03084898740053177,0.5998293161392212
5996773,431,140.4886474609375,0.02994091808795929,0.60041743516922
5996793,431,140.4886474609375,0.028825784102082253,0.6009759306907654
5996813,430,135.4327850341797,0.02775115706026554,0.6015242338180542
5996833,430,135.4327850341797,0.024377265945076942,0.6020228862762451
5996853,429,131.53501892089844,0.02201235666871071,0.6024664640426636
5996873,429,131.53501892089844,0.020522115752100945,0.6028652191162109
5996893,424,133.09390258789062,0.021652474999427795,0.6032794713973999
5996913,424,133.09390258789062,0.022422002628445625,0.6036949157714844
5996933,429,120.79415130615234,0.023660242557525635,0.6041310429573059
5996953,429,120.79415130615234,0.02295403927564621,0.6045681834220886
5996973,425,119.93478393554688,0.02465708740055561,0.6050102114677429
5996993,425,119.93478393554688,0.02627214975655079,0.6054913401603699
5997013,429,110.41570281982422,0.026889262720942497,0.6059882640838623
5997033,429,110.41570281982422,0.029379015788435936,0.606516420841217
5997053,427,108.81146240234375,0.030644793063402176,0.607086181640625
5997073,427,108.81146240234375,0.03060314618051052,0.6076642274856567
5997093,422,108.81146240234375,0.02946384623646736,0.608228862285614
5997113,422,110.7510757446289,0.030204396694898605,0.6087874174118042
5997133,422,110.7510757446289,0.02920975349843502,0.6093516945838928
5997153,424,103.748291015625,0.0268046036362648,0.6098753809928894
5997173,424,103.748291015625,0.028830023482441902,0.6103936433792114
5997193,425,99.03856658935547,0.03327372670173645,0.6109706163406372
5997213,425,99.03856658935547,0.03663722053170204,0.6116319298744202
5997233,427,93.87174987792969,0.037503257393836975,0.6123285293579102
5997253,427,93.87174987792969,0.03977814316749573,0.6130536198616028
5997273,420,97.93111419677734,0.03900518640875816,0.6137999296188354
5997293,420,97.93111419677734,0.03778790310025215,0.6145085692405701
5997313,424,90.46161651611328,0.04046180099248886,0.6152338981628418
5997333,424,90.46161651611328,0.043018363416194916,0.616014301776886
5997353,423,88.86458587646484,0.04355080425739288,0.6168297529220581
5997373,423,88.86458587646484,0.04396143928170204,0.6176528930664062
5997393,422,88.86458587646484,0.04361588507890701,0.6184797286987305
5997413,422,87.3515396118164,0.043096840381622314,0.6192892789840698
5997433,422,87.3515396118164,0.04376443102955818,0.62009596824646
5997453,424,83.3126449584961,0.04576729238033295,0.6209177374839783
5997473,424,83.3126449584961,0.046345219016075134,0.6217794418334961
5997493,419,84.73802185058594,0.04465872421860695,0.6226198077201843
5997513,419,84.73802185058594,0.04538123309612274,0.6234632134437561
5997533,419,82.5211181640625,0.04351525381207466,0.6242938041687012
5997553,419,82.5211181640625,0.0430997796356678,0.6251067519187927
5997573,417,81.91191864013672,0.04139463230967522,0.6258969902992249
5997593,417,81.91191864013672,0.04022042825818062,0.6266525983810425
5997613,418,78.92779541015625,0.04192259535193443,0.627410888671875
5997633,418,78.92779541015625,0.044474247843027115,0.6282137036323547
5997653,423,73.35289764404297,0.04571397230029106,0.6290560364723206
5997673,423,73.35289764404297,0.047489799559116364,0.6299207210540771
5997693,421,72.51788330078125,0.048436231911182404,0.6308168172836304
5997713,421,72.51788330078125,0.05076320841908455,0.6317415237426758
5997733,423,69.60018157958984,0.05044059455394745,0.6326978206634521
5997753,423,69.60018157958984,0.04732024669647217,0.6336089968681335
5997773,419,70.54899597167969,0.0464005284011364,0.6344800591468811
5997793,419,70.54899597167969,0.04577868431806564,0.6353352069854736
5997813,419,70.54899597167969,0.04821686074137688,0.6362537145614624
5997833,417,70.0995864868164,0.05069902539253235,0.6371765732765198
5997853,417,70.0995864868164,0.04964924603700638,0.638118326663971
5997873,420,66.37773132324219,0.048143669962882996,0.6390297412872314
5997893,420,66.37773132324219,0.04974162578582764,0.6399264931678772
5997913,418,66.0657730102539,0.05401454493403435,0.640884280204773
5997933,418,66.0657730102539,0.0555277094244957,0.6418939828872681
5997953,422,62.4901008605957,0.053861021995544434,0.6428946256637573
5997973,422,62.4901008605957,0.05323479697108269,0.6438618898391724
5997993,418,63.414947509765625,0.05441640689969063,0.6448466777801514
5998013,418,63.414947509765625,0.05330703780055046,0.6458353996276855
5998033,419,61.605445861816406,0.051685404032468796,0.6467822790145874
5998053,419,61.605445861816406,0.05266047269105911,0.6477327942848206
5998073,416,61.55466842651367,0.0528346411883831,0.6486988663673401
5998093,416,61.55466842651367,0.05317255109548569,0.6496766805648804
5998113,423,56.81526184082031,0.04968065768480301,0.6506214141845703
5998133,423,56.81526184082031,0.049855463206768036,0.6515111923217773
5998153,423,56.81526184082031,0.05587145686149597,0.6524760723114014
5998173,423,55.6583137512207,0.05976836383342743,0.653531014919281
5998193,423,55.6583137512207,0.06173667311668396,0.6546502113342285
5998213,418,56.989253997802734,0.062958724796772,0.6557867527008057
5998233,418,56.989253997802734,0.06218063086271286,0.6569244265556335
5998253,417,56.3244514465332,0.0619724802672863,0.6580559611320496
5998273,417,56.3244514465332,0.059830352663993835,0.6591723561286926
5998293,421,53.60276794433594,0.056050173938274384,0.6602329611778259
5998313,421,53.60276794433594,0.054033298045396805,0.6612160205841064
5998333,422,52.158119201660156,0.03610507398843765,0.6205912232398987
5998353,422,52.158119201660156,0.037603165954351425,0.6213263273239136
5998373,422,0.29335343837738037,0.03830729424953461,0.6211042404174805
5998393,422,0.29335343837738037,0.039174340665340424,0.6218763589859009
5998413,416,7.987720489501953,0.03525659069418907,0.61949223279953
5998433,416,7.987720489501953,0.03205243870615959,0.6201665997505188
5998453,420,1.0656267404556274,0.03057265281677246,0.6199140548706055
5998473,420,1.0656267404556274,0.032475464046001434,0.6205475330352783
5998493,416,6.627604961395264,0.026882486417889595,0.619274377822876
5998513,416,6.627604961395264,0.02883526124060154,0.619826078414917
5998533,416,6.627604961395264,0.0306389182806015,0.6204258799552917
5998553,420,0.963915228843689,0.02789374440908432,0.6203119158744812
5998573,420,0.963915228843689,0.02839406207203865,0.6208715438842773
5998593,416,6.462545394897461,0.02565944753587246,0.6196441650390625
5998613,416,6.462545394897461,0.026313679292798042,0.6201695799827576
5998633,421,0.5058412551879883,0.022398049011826515,0.6201540231704712
5998653,421,0.5058412551879883,0.019484899938106537,0.6205729842185974
5998673,415,8.543429374694824,0.010820051655173302,0.6188330054283142
5998693,415,8.543429374694824,0.009249257855117321,0.619034469127655
5998713,421,0.0863397940993309,0.006825717631727457,0.6189917922019958
5998733,421,0.0863397940993309,0.0055399551056325436,0.6191190481185913
5998753,417,2.8976871967315674,0.0031248244922608137,0.6180437803268433
5998773,417,2.8976871967315674,0.002446126891300082,0.618104100227356
5998793,414,5.491045951843262,-0.004633382894098759,0.6164728999137878
5998813,414,5.491045951843262,-0.0011919841635972261,0.6164083480834961
5998833,420,0.09323502331972122,0.004728684201836586,0.6166480779647827
5998853,420,0.09323502331972122,0.007823128253221512,0.616776168346405
5998873,420,0.09323502331972122,0.009550374932587147,0.6169509291648865
5998893,415,2.6565678119659424,0.007093361578881741,0.6160142421722412
5998913,415,2.6565678119659424,0.005925627890974283,0.6161462664604187
5998933,420,0.14062434434890747,0.006137644872069359,0.616510272026062
5998953,420,0.14062434434890747,0.007666859310120344,0.616646945476532
5998973,417,0.83814537525177,0.005587695632129908,0.6161897778511047
5998993,417,0.83814537525177,0.0034895073622465134,0.6162804961204529
5999013,417,0.6240909099578857,0.00043943352648057044,0.6158240437507629
5999033,417,0.6240909099578857,0.0016609372105449438,0.6158409118652344
5999053,417,0.40767383575439453,0.0023024766705930233,0.6154978275299072
5999073,417,0.40767383575439453,0.00219436502084136,0.6155415773391724
5999093,418,0.03540131449699402,0.0017992282519116998,0.6154730916023254
5999113,418,0.03540131449699402,0.00109033880289644,0.6155024170875549
5999133,414,2.4528708457946777,-0.0011902027763426304,0.6145825982093811
5999153,414,2.4528708457946777,0.0023233864922076464,0.6145951151847839
5999173,421,1.4379421472549438,0.0019975185859948397,0.6146430969238281
5999193,421,1.4379421472549438,0.002970002358779311,0.6154057383537292
5999213,421,1.4379421472549438,0.0022008593659847975,0.6154574751853943
5999233,422,1.6405596733093262,0.00228627840988338,0.6162461042404175
5999253,422,1.6405596733093262,0.0013260520063340664,0.6162810921669006
5999273,417,0.6118372082710266,-0.0027520679868757725,0.6158252954483032
5999293,417,0.6118372082710266,-0.005304382648319006,0.6157423853874207
5999313,423,2.356907606124878,-0.0010367513168603182,0.6165459752082825
5999333,423,2.356907606124878,0.0023613572120666504,0.6165627837181091
5999353,418,0.30534425377845764,0.0016321329167112708,0.6162967085838318
5999373,418,0.30534425377845764,0.004180780611932278,0.6163521409034729
5999393,418,0.24291375279426575,0.0039259097538888454,0.6161714792251587
5999413,418,0.24291375279426575,0.00015868587070144713,0.6162136793136597
5999433,420,0.07814577966928482,-0.00043088660459034145,0.6163560152053833
5999453,420,0.07814577966928482,7.446981180692092e-05,0.6163538694381714
5999473,417,0.7039440870285034,-0.0017093782080337405,0.6158912777900696
5999493,417,0.7039440870285034,-0.0017600144492462277,0.6158561110496521
5999513,416,0.9295206069946289,-0.0027245227247476578,0.6152933239936829
5999533,416,0.9295206069946289,0.0014553123619407415,0.6152754426002502
5999553,419,0.07432020455598831,0.005526976194232702,0.6154956817626953
5999573,419,0.07432020455598831,0.004647658672183752,0.6155989766120911
5999593,419,0.07432020455598831,0.005978513043373823,0.6157004833221436
5999613,419,0.016450636088848114,0.006516797002404928,0.61590176820755
5999633,419,0.016450636088848114,0.0038705035112798214,0.616004467010498
5999653,415,2.0108087062835693,0.0016393722034990788,0.6152917146682739
5999673,415,2.0108087062835693,0.0009827804751694202,0.6153173446655273
5999693,417,0.226179838180542,0.0010719519341364503,0.6150785684585571
5999713,417,0.226179838180542,0.002778579480946064,0.6151185035705566
5999733,418,0.007322145625948906,0.0038732660468667746,0.6151371002197266
5999753,418,0.007322145625948906,0.004403895232826471,0.6152207851409912
5999773,415,1.4898815155029297,0.004378896206617355,0.6146486401557922
5999793,415,1.4898815155029297,0.00478280708193779,0.614742636680603
5999813,416,0.523687481880188,0.005363824777305126,0.614454984664917
5999833,416,0.523687481880188,0.006056596525013447,0.6145745515823364
5999853,416,0.49378880858421326,0.0028514210134744644,0.6142932772636414
5999873,416,0.49378880858421326,-0.0015575893921777606,0.6143094301223755
5999893,419,0.26217716932296753,-0.002975740237161517,0.6145325899124146
5999913,419,0.26217716932296753,-0.0034926999360322952,0.6144672632217407
5999933,414,0.26217716932296753,-0.004510463681071997,0.6143882274627686
5999953,414,1.7576711177825928,-0.0071127889677882195,0.6135358214378357
5999973,414,1.7576711177825928,-0.008210284635424614,0.6133829355239868
5999993,416,0.06968071311712265,-0.009643502533435822,0.6130606532096863
6000013,416,0.06968071311712265,-0.01155997347086668,0.6128484606742859
6000033,415,0.17551705241203308,-0.011426150798797607,0.6123798489570618
6000053,415,0.17551705241203308,-0.008389797061681747,0.6121837496757507
6000073,412,1.5980610847473145,-0.009273895993828773,0.6113198399543762
6000093,412,1.5980610847473145,-0.009803704917430878,0.611132025718689
6000113,415,0.03224277123808861,-0.010911567136645317,0.6110197901725769
6000133,415,0.03224277123808861,-0.010367114096879959,0.6108037233352661
6000153,417,1.0288063287734985,-0.006094903219491243,0.6111749410629272
6000173,417,1.0288063287734985,-0.00251816026866436,0.6110909581184387
6000193,416,0.28449907898902893,-0.000896175391972065,0.6113455295562744
6000213,416,0.28449907898902893,-0.0015138848684728146,0.611322283744812
6000233,417,0.6605508327484131,-0.0012717943172901869,0.611721396446228
6000253,417,0.6605508327484131,0.0008847761782817543,0.6117126941680908
6000273,417,0.6605508327484131,0.003312373533844948,0.6117584109306335
6000293,415,0.0075543830171227455,0.00411729421466589,0.6117866635322571
6000313,415,0.0075543830171227455,0.00268050585873425,0.6118567585945129
6000333,413,0.7291377782821655,0.0012241739314049482,0.6114310026168823
6000353,413,0.7291377782821655,0.001374139217659831,0.6114571690559387
6000373,411,2.11513614654541,-0.0014791087014600635,0.6106760501861572
6000393,411,2.11513614654541,-0.0044732848182320595,0.6106199622154236
6000413,412,0.7001188397407532,-0.008853954263031483,0.6100274324417114
6000433,412,0.7001188397407532,-0.009978900663554668,0.6098371148109436
6000453,408,3.916604995727539,-0.013156246393918991,0.6085411310195923
6000473,408,3.916604995727539,-0.01288310345262289,0.6082801222801208
6000493,409,1.1855227947235107,-0.014769384637475014,0.6074250340461731
6000513,409,1.1855227947235107,-0.014688109047710896,0.6071298718452454
6000533,410,0.10327984392642975,-0.015160146169364452,0.6066652536392212
6000553,410,0.10327984392642975,-0.016325999051332474,0.6063488721847534
6000573,410,0.0016303318552672863,-0.014686422422528267,0.6060425043106079
6000593,410,0.0016303318552672863,-0.01332502719014883,0.6057643890380859
6000613,414,2.7562034130096436,-0.011890416033565998,0.606388509273529
6000633,414,2.7562034130096436,-0.0137229785323143,0.6061342358589172
6000653,414,2.7562034130096436,-0.01650349795818329,0.6058332324028015
6000673,414,2.38845157623291,-0.017074376344680786,0.6063417196273804
6000693,414,2.38845157623291,-0.01862514764070511,0.6059810519218445
6000713,411,0.19265972077846527,-0.01662016101181507,0.6058641076087952
6000733,411,0.19265972077846527,-0.016055306419730186,0.605542004108429
6000753,415,4.251546859741211,-0.014025382697582245,0.6063663959503174
6000773,415,4.251546859741211,-0.011638364754617214,0.6061081290245056
6000793,414,2.2807345390319824,-0.008593998849391937,0.6067225337028503
6000813,414,2.2807345390319824,-0.008858422748744488,0.6065476536750793
6000833,417,5.857048511505127,-0.004138277843594551,0.6077029705047607
6000853,417,5.857048511505127,-0.005022946745157242,0.6076177954673767
6000873,411,0.011505357921123505,-0.007520447019487619,0.6074347496032715
6000893,411,0.011505357921123505,-0.009783390909433365,0.6072626113891602
6000913,411,0.0015021632425487041,-0.011339307762682438,0.6070677638053894
6000933,411,0.0015021632425487041,-0.011242762207984924,0.6068422794342041
6000953,414,1.8166694641113281,-0.011041789315640926,0.6066165566444397
6000973,414,1.8166694641113281,-0.006840214133262634,0.60718834400177
6000993,414,1.8166694641113281,-0.005444665439426899,0.6070656776428223
6001013,408,0.884855329990387,-0.006134902127087116,0.6064361929893494
6001033,408,0.884855329990387,-0.006488696206361055,0.6063094139099121
6001053,411,0.15559200942516327,-0.005933044943958521,0.6063995361328125
6001073,411,0.15559200942516327,-0.005375436041504145,0.6062864065170288
6001093,409,0.09731268137693405,-0.006961141247302294,0.6059970259666443
6001113,409,0.09731268137693405,-0.006603309419006109,0.6058566570281982
6001133,408,0.2823014259338379,-0.0036813518963754177,0.6054650545120239
6001153,408,0.2823014259338379,-0.004108635243028402,0.6053930521011353
6001173,410,0.11717988550662994,-0.005427494645118713,0.605477511882782
6001193,410,0.11717988550662994,-0.0041772304102778435,0.6053807139396667
6001213,410,0.11785412579774857,-0.002877316204831004,0.6054931879043579
6001233,410,0.11785412579774857,-0.002546504372730851,0.6054382920265198
6001253,408,0.17156799137592316,-0.00496316934004426,0.6051514744758606
6001273,408,0.17156799137592316,-0.006935814395546913,0.6050272583961487
6001293,407,0.37505531311035156,-0.007690316066145897,0.6045622229576111
6001313,407,0.37505531311035156,-0.00654188496991992,0.604417622089386
6001333,411,1.1526952981948853,-0.00329370005056262,0.604888379573822
6001353,411,1.1526952981948853,-0.0032515726052224636,0.6048215627670288
6001373,411,1.1526952981948853,-0.002945332322269678,0.6047630310058594
6001393,408,0.02719811536371708,-0.00642532529309392,0.604581356048584
6001413,408,0.02719811536371708,-0.009339391253888607,0.6044212579727173
6001433,413,3.0717358589172363,-0.008497761562466621,0.6051871180534363
6001453,413,3.0717358589172363,-0.007580896373838186,0.6050132513046265
6001473,415,5.1923136711120605,-0.0023445626720786095,0.6061362028121948
6001493,415,5.1923136711120605,0.0018859435804188251,0.6061285138130188
6001513,412,0.5973779559135437,0.005501464940607548,0.6066303849220276
6001533,412,0.5973779559135437,0.003508628811687231,0.6067200303077698
6001553,412,0.3028026223182678,0.005655029788613319,0.6071022152900696
6001573,412,0.3028026223182678,0.0051620034500956535,0.6072157621383667
6001593,414,1.1729440689086914,0.005199290346354246,0.607887864112854
6001613,414,1.1729440689086914,0.006052423268556595,0.6079972386360168
6001633,415,1.3324707746505737,0.008035409264266491,0.6087459921836853
6001653,415,1.3324707746505737,0.006966573651880026,0.608893096446991
6001673,413,0.015445180237293243,0.005574044305831194,0.6090856194496155
6001693,413,0.015445180237293243,0.005081684794276953,0.609189510345459
6001713,413,0.015445180237293243,0.005998475477099419,0.6092988848686218
6001733,409,1.9779040813446045,0.005150499753654003,0.6086432337760925
6001753,409,1.9779040813446045,0.006391527131199837,0.6087586283683777
6001773,414,0.33611783385276794,0.007746323477476835,0.6092122793197632
6001793,414,0.33611783385276794,0.01042644027620554,0.6093916296958923
6001813,412,0.14521263539791107,0.011219479143619537,0.6094084978103638
6001833,412,0.14521263539791107,0.009555356577038765,0.6096206307411194
6001853,413,0.02994564361870289,0.005209227558225393,0.6096749901771545
6001873,413,0.02994564361870289,0.003726657247170806,0.6097609400749207
6001893,415,0.2651841938495636,0.00226783799007535,0.6100978851318359
6001913,415,0.2651841938495636,-0.00040821946458891034,0.610112726688385
6001933,417,1.2633696794509888,0.0022119770292192698,0.6107163429260254
6001953,417,1.2633696794509888,0.005016025621443987,0.6107857823371887
6001973,414,0.05448303371667862,0.00787308905273676,0.6107982993125916
6001993,414,0.05448303371667862,0.008131046779453754,0.6109601259231567
6002013,414,0.10809620469808578,0.00840248167514801,0.6110426187515259
6002033,414,0.10809620469808578,0.004507602192461491,0.6110813021659851
6002053,414,0.10809620469808578,0.0009475532569922507,0.6111313700675964
6002073,421,4.8359375,0.004395307973027229,0.6123800873756409
6002093,421,4.8359375,0.006685331929475069,0.6124905943870544
6002113,432,32.26594161987305,0.008729714900255203,0.6126499176025391
6002133,432,32.26594161987305,0.007078034803271294,0.6128100156784058
6002153,438,56.980430603027344,0.005964228417724371,0.6129364967346191
6002173,438,56.980430603027344,0.00833079032599926,0.6130771040916443
6002193,445,91.30526733398438,0.011657259427011013,0.6132799386978149
6002213,445,91.30526733398438,0.013087722472846508,0.6135307550430298
6002233,455,154.4807891845703,0.012283639051020145,0.6137844324111938
6002253,455,154.4807891845703,0.01120728813111782,0.6140182018280029
6002273,462,200.42076110839844,0.00740407221019268,0.614209771156311
6002293,462,200.42076110839844,0.0038399300538003445,0.6143156886100769
6002313,483,408.23175048828125,0.006042990833520889,0.6144067645072937
6002333,483,408.23175048828125,0.010426978580653667,0.6145738363265991
6002353,494,507.14276123046875,0.012458412908017635,0.6148045063018799
6002373,494,507.14276123046875,0.014039760455489159,0.6150685548782349
6002393,494,507.14276123046875,0.01354276668280363,0.6153613328933716
6002413,508,651.0210571289062,0.012937492690980434,0.615623950958252
6002433,508,651.0210571289062,0.012206175364553928,0.6158788800239563
6002453,517,723.6895751953125,0.008570101112127304,0.6160879135131836
6002473,517,723.6895751953125,0.005885578226298094,0.6162269711494446
6002493,529,838.6353759765625,0.006735577713698149,0.6163497567176819
6002513,529,838.6353759765625,0.006255268584936857,0.6164824366569519
6002533,544,975.9490356445312,0.006468300707638264,0.6166032552719116
6002553,544,975.9490356445312,0.008942888118326664,0.616758406162262
6002573,549,968.203369140625,0.009668844752013683,0.6168500781059265
6002593,549,968.203369140625,0.010213957168161869,0.6170478463172913
6002613,554,955.5811767578125,0.013369206339120865,0.6172804832458496
6002633,554,955.5811767578125,0.01444049458950758,0.617560863494873
6002653,563,992.2173461914062,0.016500398516654968,0.6178624033927917
6002673,563,992.2173461914062,0.02140970714390278,0.6182386875152588
6002693,571,981.4288330078125,0.024060526862740517,0.6186971664428711
6002713,571,981.4288330078125,0.023759758099913597,0.6191744208335876
6002733,571,981.4288330078125,0.025291739031672478,0.6196590662002563
6002753,571,887.5896606445312,0.026406200602650642,0.6201780438423157
6002773,571,887.5896606445312,0.024731649085879326,0.6206864714622498
6002793,578,881.6430053710938,0.022924328222870827,0.6211629509925842
6002813,578,881.6430053710938,0.0229928158223629,0.6216132044792175
6002833,581,810.5350341796875,0.025767818093299866,0.6220970153808594
6002853,581,810.5350341796875,0.02714860439300537,0.6226295232772827
6002873,593,854.115966796875,0.02293740026652813,0.6231318116188049
6002893,593,854.115966796875,0.019246354699134827,0.6235488057136536
6002913,594,788.3128662109375,0.01772361993789673,0.6239128708839417
6002933,594,788.3128662109375,0.01511231530457735,0.6242415904998779
6002953,595,730.3153686523438,0.012054914608597755,0.6245054006576538
6002973,595,730.3153686523438,0.012198114767670631,0.6247434616088867
6002993,595,730.3153686523438,0.008269812911748886,0.6249489188194275
6003013,596,664.89306640625,0.0043761697597801685,0.625068187713623
6003033,596,664.89306640625,0.0009492624667473137,0.6251159906387329
6003053,600,643.7510986328125,-0.0024839865509420633,0.625093936920166
6003073,600,643.7510986328125,-0.0024104805197566748,0.6250326633453369
6003093,596,568.8576049804688,-0.002031201496720314,0.624984622001648
6003113,596,568.8576049804688,-0.0012010312639176846,0.6249456405639648
6003133,600,542.6620483398438,-0.0031766656320542097,0.6248986721038818
6003153,600,542.6620483398438,-0.005674049258232117,0.6248038411140442
6003173,598,492.956787109375,-0.004546937998384237,0.6246872544288635
6003193,598,492.956787109375,-0.003161120694130659,0.6246090531349182
6003213,599,463.6494140625,-0.00503854313865304,0.6245191097259521
6003233,599,463.6494140625,-0.0075373779982328415,0.6243844628334045
6003253,598,420.9226989746094,-0.008459935896098614,0.6242148876190186
6003273,598,420.9226989746094,-0.008140698075294495,0.6240401268005371
6003293,598,420.9226989746094,-0.00875808298587799,0.6238626837730408
6003313,593,370.7476806640625,-0.00933351181447506,0.6236700415611267
6003333,593,370.7476806640625,-0.007682562340050936,0.6234808564186096
6003353,596,359.6661071777344,-0.007813814096152782,0.6233193874359131
6003373,596,359.6661071777344,-0.0073448424227535725,0.6231542825698853
6003393,598,344.9215087890625,-0.004876091144979,0.6230212450027466
6003413,598,344.9215087890625,-0.0017136866226792336,0.6229445934295654
6003433,599,320.7143249511719,-0.0009272654424421489,0.6229127645492554
6003453,599,320.7143249511719,0.00018620917398948222,0.6228882670402527
6003473,594,282.62921142578125,0.0077012451365590096,0.6229531764984131
6003493,594,282.62921142578125,0.012220163829624653,0.6231502294540405
6003513,596,269.1303405761719,0.014338514767587185,0.6234018206596375
6003533,596,269.1303405761719,0.018015732988715172,0.6237112283706665
6003553,593,269.1303405761719,0.01983541063964367,0.6240829229354858
6003573,593,236.68247985839844,0.018866145983338356,0.6244519352912903
6003593,593,236.68247985839844,0.021175269037485123,0.6248342394828796
6003613,593,219.46983337402344,0.0223675724118948,0.6252553462982178
6003633,593,219.46983337402344,0.02257056161761284,0.6256851553916931
6003653,598,216.21392822265625,0.02305237203836441,0.6261213421821594
6003673,598,216.21392822265625,0.024886079132556915,0.6265815496444702
6003693,595,189.4818572998047,0.023134514689445496,0.627051055431366
6003713,595,189.4818572998047,0.015992701053619385,0.6274247765541077
6003733,593,172.5177764892578,0.012586354278028011,0.6276856064796448
6003753,593,172.5177764892578,0.00912436842918396,0.6278814673423767
6003773,599,174.2442169189453,0.005676792003214359,0.6280039548873901
6003793,599,174.2442169189453,0.0027823876589536667,0.6280680298805237
6003813,592,174.2442169189453,-0.003783617401495576,0.6280394792556763
6003833,592,149.00486755371094,-0.009124254807829857,0.6278842687606812
6003853,592,149.00486755371094,-0.01097884215414524,0.6276549100875854
6003873,594,145.253173828125,-0.009862767532467842,0.6274208426475525
6003893,594,145.253173828125,-0.009050430729985237,0.6272084712982178
6003913,595,139.75469970703125,-0.009562887251377106,0.6269961595535278
6003933,595,139.75469970703125,-0.007843192666769028,0.6267924308776855
6003953,596,134.46401977539062,-0.009868144057691097,0.6265940070152283
6003973,596,134.46401977539062,-0.014204844832420349,0.62631756067276
6003993,594,123.57303619384766,-0.017189504578709602,0.6259670853614807
6004013,594,123.57303619384766,-0.016576752066612244,0.6255890130996704
6004033,594,118.05965423583984,-0.015063304454088211,0.6252402067184448
6004053,594,118.05965423583984,-0.014910487458109856,0.6249041557312012
6004073,596,115.53705596923828,-0.012658800929784775,0.6245896220207214
6004093,596,115.53705596923828,-0.008740067481994629,0.624345064163208
6004113,596,115.53705596923828,-0.008845463395118713,0.6241353154182434
6004133,590,101.27444458007812,-0.009118380025029182,0.6239150166511536
6004153,590,101.27444458007812,-0.0074702356941998005,0.6237110495567322
6004173,593,100.0730209350586,-0.0043474524281919,0.6235518455505371
6004193,593,100.0730209350586,-0.0018123177578672767,0.6234474182128906
6004213,591,92.88401794433594,0.002554196398705244,0.6234138011932373
6004233,591,92.88401794433594,0.006543689873069525,0.6234659552574158
6004253,593,90.08069610595703,0.007631711661815643,0.6235799789428711
6004273,593,90.08069610595703,0.004232852254062891,0.6236569285392761
6004293,590,81.10143280029297,0.0008477963856421411,0.6236574053764343
6004313,590,81.10143280029297,-0.0005831053713336587,0.6236162185668945
6004333,591,78.20829772949219,-0.0024683079682290554,0.623538613319397
6004353,591,78.20829772949219,-0.0014561607968062162,0.6234492659568787
6004373,595,78.20529174804688,0.00037934741703793406,0.6233874559402466
6004393,595,78.20529174804688,0.0013997756177559495,0.6233558654785156
6004413,595,78.20529174804688,0.0021079734433442354,0.6233362555503845
6004433,591,70.17757415771484,0.001308462000451982,0.6233185529708862
6004453,591,70.17757415771484,-0.0009595539304427803,0.6232688426971436
6004473,598,72.74112701416016,-0.005424543749541044,0.6231483817100525
6004493,598,72.74112701416016,-0.008212278597056866,0.6229439377784729
6004513,597,68.88579559326172,-0.007560427766293287,0.6227178573608398
6004533,597,68.88579559326172,-0.006249561440199614,0.6225090026855469
6004553,594,62.99147415161133,-0.008231783285737038,0.6222936511039734
6004573,594,62.99147415161133,-0.010357263498008251,0.6220318675041199
6004593,595,61.23574447631836,-0.009931160137057304,0.6217532753944397
6004613,595,61.23574447631836,-0.011453474871814251,0.6214677095413208
6004633,595,58.9503059387207,-0.014013123698532581,0.6211403608322144
6004653,595,58.9503059387207,-0.01371619664132595,0.6207897663116455
6004673,595,58.9503059387207,-0.014126976020634174,0.6204362511634827
6004693,591,53.73590087890625,-0.015331953763961792,0.6200670003890991
6004713,591,53.73590087890625,-0.01793244481086731,0.6196640133857727
6004733,602,58.899688720703125,-0.018559949472546577,0.6192205548286438
6004753,602,58.899688720703125,-0.02021891437470913,0.6187596321105957
6004773,594,51.95685577392578,-0.02217934839427471,0.6182578802108765
6004793,594,51.95685577392578,-0.02631223201751709,0.6176955103874207
6004813,596,51.60688400268555,-0.027438107877969742,0.6170745491981506
6004833,596,51.60688400268555,-0.026718709617853165,0.616460382938385
6004853,596,49.75835418701172,-0.027885617688298225,0.6158284544944763
6004873,596,49.75835418701172,-0.02620202675461769,0.6151977181434631
6004893,597,48.92524337768555,-0.02511013112962246,0.6146019697189331
6004913,597,48.92524337768555,-0.027444375678896904,0.6139811277389526
6004933,595,46.54786682128906,-0.030141007155179977,0.6133062839508057
6004953,595,46.54786682128906,-0.029986822977662086,0.6125988364219666
6004973,595,46.54786682128906,-0.025337625294923782,0.611945390701294
6004993,593,44.059173583984375,-0.024293864145874977,0.6113484501838684
6005013,593,44.059173583984375,-0.023469915613532066,0.6107622385025024
6005033,591,41.8930549621582,-0.026336003094911575,0.6101542115211487
6005053,591,41.8930549621582,-0.024085139855742455,0.609533429145813
6005073,594,42.16276931762695,-0.022280577570199966,0.6089524626731873
6005093,594,42.16276931762695,-0.02181551419198513,0.6084043979644775
6005113,594,41.035247802734375,-0.021908754482865334,0.6078599095344543
6005133,594,41.035247802734375,-0.021524719893932343,0.6073174476623535
6005153,593,39.07621765136719,-0.01862487569451332,0.6067705154418945
6005173,593,39.07621765136719,-0.017327571287751198,0.6062713265419006
6005193,596,39.16832733154297,-0.021114666014909744,0.6057596802711487
6005213,596,39.16832733154297,-0.021814480423927307,0.6051902770996094
6005233,596,39.16832733154297,-0.021072203293442726,0.6046286821365356
6005253,595,37.714515686035156,-0.021875299513339996,0.6040654182434082
6005273,595,37.714515686035156,-0.023173727095127106,0.6034665107727051
6005293,595,36.509986877441406,-0.02207501232624054,0.6028624176979065
6005313,595,36.509986877441406,-0.0212960597127676,0.6022866368293762
6005333,596,35.95233154296875,-0.022358296439051628,0.6016985177993774
6005353,596,35.95233154296875,-0.02514764480292797,0.6010695695877075
6005373,594,34.39754104614258,-0.025414394214749336,0.600409746170044
6005393,594,34.39754104614258,-0.02656220830976963,0.5997397899627686
6005413,596,34.03849411010742,-0.028180141001939774,0.5990375280380249
6005433,596,34.03849411010742,-0.027088530361652374,0.5983402729034424
6005453,598,33.94828414916992,-0.027130555361509323,0.5976427793502808
6005473,598,33.94828414916992,-0.025719668716192245,0.5969600677490234
6005493,598,33.94828414916992,-0.027191556990146637,0.5962738990783691
6005513,598,33.173316955566406,-0.02559761516749859,0.5955759286880493
6005533,598,33.173316955566406,-0.02737671695649624,0.5948821306228638
6005553,598,32.27057647705078,-0.02842775546014309,0.594140887260437
6005573,598,32.27057647705078,-0.025290613994002342,0.5934301018714905
6005593,596,30.952760696411133,-0.02483769692480564,0.5927539467811584
6005613,596,30.952760696411133,-0.024667447432875633,0.5920724272727966
6005633,598,30.880821228027344,-0.025298556312918663,0.5913922786712646
6005653,598,30.880821228027344,-0.025066664442420006,0.5906955599784851
6005673,598,30.05645751953125,-0.02413414604961872,0.5900212526321411
6005693,598,30.05645751953125,-0.024869898334145546,0.5893483757972717
6005713,594,28.291973114013672,-0.024132775142788887,0.5886633992195129
6005733,594,28.291973114013672,-0.024941787123680115,0.5879769325256348
6005753,595,27.967763900756836,-0.02492852695286274,0.5872666835784912
6005773,595,27.967763900756836,-0.02570284716784954,0.5865463018417358
6005793,595,27.967763900756836,-0.02863163687288761,0.5857762098312378
6005813,597,27.929494857788086,-0.031071573495864868,0.5849536061286926
6005833,597,27.929494857788086,-0.03390379622578621,0.584097146987915
6005853,598,27.582096099853516,-0.03634718433022499,0.5831893682479858
6005873,598,27.582096099853516,-0.03980691358447075,0.5821864008903503
6005893,598,27.165802001953125,-0.038412027060985565,0.5811386704444885
6005913,598,27.165802001953125,-0.037447139620780945,0.5801264047622681
6005933,600,27.29364013671875,-0.034896016120910645,0.5791400074958801
6005953,600,27.29364013671875,-0.030687972903251648,0.5782189965248108
6005973,603,27.48021697998047,-0.029897578060626984,0.5773547887802124
6005993,603,27.48021697998047,-0.029897771775722504,0.5764826536178589
6006013,598,25.790069580078125,-0.02767137996852398,0.5756462216377258
6006033,598,25.790069580078125,-0.028116455301642418,0.5748070478439331
6006053,600,25.79853057861328,-0.02911321260035038,0.5739597678184509
6006073,600,25.79853057861328,-0.029703425243496895,0.5730973482131958
6006093,600,25.79853057861328,-0.03290078416466713,0.5721748471260071
6006113,601,25.570934295654297,-0.038012973964214325,0.5711872577667236
6006133,601,25.570934295654297,-0.041755642741918564,0.570100724697113
6006153,601,25.135255813598633,-0.04515852779150009,0.5689486861228943
6006173,601,25.135255813598633,-0.04701697826385498,0.5677440762519836
6006193,603,25.310213088989258,-0.0459507554769516,0.5665098428726196
6006213,603,25.310213088989258,-0.046356331557035446,0.5652689933776855
6006233,600,24.494626998901367,-0.04884891211986542,0.5639885067939758
6006253,600,24.494626998901367,-0.050439734011888504,0.5626626014709473
6006273,600,24.1800537109375,-0.05185094475746155,0.5613139271736145
6006293,600,24.1800537109375,-0.05286021903157234,0.5599478483200073
6006313,600,24.01046371459961,-0.05155319347977638,0.558588445186615
6006333,600,24.01046371459961,-0.05038125813007355,0.5572378039360046
6006353,600,24.01046371459961,-0.04831872880458832,0.555906355381012
6006373,601,24.017606735229492,-0.04830027371644974,0.5546119213104248
6006393,601,24.017606735229492,-0.05094102397561073,0.5532556772232056
6006413,602,23.952577590942383,-0.052336592227220535,0.551856517791748
6006433,602,23.952577590942383,-0.05249987915158272,0.550439178943634
6006453,600,23.40184211730957,-0.05277230590581894,0.5490145087242126
6006473,600,23.40184211730957,-0.05494801700115204,0.5475379228591919
6006493,602,23.631256103515625,-0.05581124871969223,0.5460237264633179
6006513,602,23.631256103515625,-0.05742345005273819,0.5444799065589905
6006533,604,23.881725311279297,-0.05904486030340195,0.5428943634033203
6006553,604,23.881725311279297,-0.05927375704050064,0.5413050055503845
6006573,602,23.417987823486328,-0.061084844172000885,0.53971266746521
6006593,602,23.417987823486328,-0.06154070049524307,0.5380913615226746
6006613,604,23.688749313354492,-0.06113521009683609,0.5364773273468018
6006633,604,23.688749313354492,-0.06307220458984375,0.5348480343818665
6006653,604,23.688749313354492,-0.0651654601097107,0.5331962704658508
6006673,606,23.95465660095215,-0.06730920076370239,0.5314944982528687
6006693,606,23.95465660095215,-0.06779111921787262,0.5297667980194092
6006713,599,22.65994644165039,-0.06529716402292252,0.5280972719192505
6006733,599,22.65994644165039,-0.06443138420581818,0.5264257192611694
6006753,600,22.75348472595215,-0.064408078789711,0.5247291326522827
6006773,600,22.75348472595215,-0.06554476171731949,0.5230451226234436
6006793,600,22.760269165039062,-0.06581734120845795,0.521327018737793
6006813,600,22.760269165039062,-0.06577231734991074,0.519581139087677
6006833,602,22.974557876586914,-0.06603096425533295,0.5177932381629944
6006853,602,22.974557876586914,-0.06631280481815338,0.5160022377967834
6006873,606,23.57477378845215,-0.06609483063220978,0.5141950249671936
6006893,606,23.57477378845215,-0.06831256300210953,0.5123339891433716
6006913,606,23.57477378845215,-0.0724123865365982,0.5104072690010071
6006933,602,22.918073654174805,-0.07245779782533646,0.5084850192070007
6006953,602,22.918073654174805,-0.07173821330070496,0.5065751075744629
6006973,606,23.510982513427734,-0.07241196930408478,0.5046117901802063
6006993,606,23.510982513427734,-0.07323852926492691,0.502668559551239
6007013,603,23.039976119995117,-0.07390038669109344,0.5006415843963623
6007033,603,23.039976119995117,-0.0742517039179802,0.4986034631729126
6007053,606,23.52206802368164,-0.07625780999660492,0.49655553698539734
6007073,606,23.52206802368164,-0.0756685808300972,0.4945090115070343
6007093,603,23.108613967895508,-0.0767010822892189,0.4924315810203552
6007113,603,23.108613967895508,-0.07911789417266846,0.49038034677505493
6007133,607,23.73581886291504,-0.07954057306051254,0.48826611042022705
6007153,607,23.73581886291504,-0.07694809138774872,0.48618343472480774
6007173,607,23.73581886291504,-0.07694823294878006,0.48411378264427185
6007193,603,23.1533203125,-0.08017764985561371,0.4819977879524231
6007213,603,23.1533203125,-0.0832013413310051,0.4798099398612976
6007233,601,22.88498306274414,-0.08585190773010254,0.4775448739528656
6007253,601,22.88498306274414,-0.08752737939357758,0.4752484858036041
6007273,604,23.392271041870117,-0.08685147017240524,0.47298669815063477
6007293,604,23.392271041870117,-0.08609912544488907,0.47063952684402466
6007313,605,23.6094970703125,-0.08634523302316666,0.4683251678943634
6007333,605,23.6094970703125,-0.0855049267411232,0.46604663133621216
6007353,602,23.30145263671875,-0.08679376542568207,0.4637327492237091
6007373,602,23.30145263671875,-0.08992446213960648,0.46141523122787476
6007393,606,23.9302921295166,-0.0917833000421524,0.4590398669242859
6007413,606,23.9302921295166,-0.09095308929681778,0.45668548345565796
6007433,606,23.9302921295166,-0.08864306658506393,0.45437559485435486
6007453,606,23.99942970275879,-0.0872591882944107,0.4521033763885498
6007473,606,23.99942970275879,-0.08661135286092758,0.44979074597358704
6007493,601,23.342863082885742,-0.08891031891107559,0.44745558500289917
6007513,601,23.342863082885742,-0.09185135364532471,0.44500455260276794
6007533,606,24.087806701660156,-0.09345727413892746,0.4424935579299927
6007553,606,24.087806701660156,-0.0966109111905098,0.43994441628456116
6007573,602,23.669530868530273,-0.09619525074958801,0.43736836314201355
6007593,602,23.669530868530273,-0.0947580337524414,0.4348047077655792
6007613,604,24.150928497314453,-0.09386257827281952,0.43221938610076904
6007633,604,24.150928497314453,-0.09487465769052505,0.4296881854534149
6007653,602,23.952810287475586,-0.09653205424547195,0.4270501732826233
6007673,602,23.952810287475586,-0.0960976853966713,0.424408495426178
6007693,603,24.195232391357422,-0.09737188369035721,0.4217609763145447
6007713,603,24.195232391357422,-0.09997487813234329,0.41904836893081665
6007733,603,24.195232391357422,-0.10239589214324951,0.41629716753959656
6007753,604,24.46023941040039,-0.10177625715732574,0.413474440574646
6007773,604,24.46023941040039,-0.10242350399494171,0.4106122553348541
6007793,605,24.735836029052734,-0.10288507491350174,0.40789106488227844
6007813,605,24.735836029052734,-0.10303104668855667,0.405134916305542
6007833,605,24.862590789794922,-0.10466765612363815,0.4023890793323517
6007853,605,24.862590789794922,-0.10760524123907089,0.3995884358882904
6007873,603,24.75040626525879,-0.11130216717720032,0.3967762887477875
6007893,603,24.75040626525879,-0.11359953880310059,0.39385461807250977
6007913,601,24.78278160095215,-0.11343323439359665,0.39064157009124756
6007933,601,24.78278160095215,-0.1142481192946434,0.3876971900463104
6007953,602,25.056869506835938,-0.11533721536397934,0.3846852481365204
