cf_timestamp_ms,host_monotonic_s,motion.deltaX,motion.deltaY,motion.shutter,motion.squal
183750,1977.290972,0,-1,3224,142
183770,1977.310911,0,1,3224,140
183790,1977.330906,0,0,3224,143
183810,1977.350904,0,0,3224,143
183830,1977.370909,0,0,3224,144
183850,1977.390923,0,0,3224,139
183870,1977.410904,0,0,3224,143
183890,1977.430899,0,0,3224,146
183910,1977.450903,0,0,3224,135
183930,1977.469912,0,0,3224,141
183950,1977.489905,0,2,3224,142
183970,1977.509903,0,-2,3224,139
183990,1977.529898,0,0,3224,143
184010,1977.549898,0,-1,3224,141
184030,1977.569903,1,1,3224,149
184050,1977.589896,1,-1,3224,144
184070,1977.609898,0,0,3224,141
184090,1977.629898,1,0,3224,142
184110,1977.649899,0,0,3224,143
184130,1977.669908,0,0,3224,147
184150,1977.689900,0,1,3224,145
184170,1977.709894,0,0,3224,142
184190,1977.729896,0,0,3224,140
184210,1977.749902,0,0,3224,145
184230,1977.769907,0,0,3224,142
184250,1977.789892,0,0,3224,141
184270,1977.809895,0,0,3224,138
184290,1977.829889,0,0,3224,141
184310,1977.850896,0,-1,3224,137
184330,1977.869906,0,0,3224,140
184350,1977.889891,0,0,3224,139
184370,1977.909894,0,0,3224,139
184390,1977.929889,0,0,3224,142
184410,1977.950910,0,0,3224,141
184430,1977.969905,0,0,3224,140
184450,1977.989888,1,0,3224,138
184470,1978.009890,0,0,3224,147
184490,1978.029887,0,0,3224,139
184510,1978.050896,0,0,3224,137
184530,1978.069912,0,0,3224,138
184550,1978.089882,0,0,3224,141
184570,1978.109891,0,0,3224,143
184590,1978.129887,0,-2,3224,139
184610,1978.150894,0,0,3224,138
184630,1978.169890,0,0,3224,142
184650,1978.189886,0,2,3224,142
184670,1978.209882,-1,-2,3224,136
184690,1978.229882,0,1,3224,144
184710,1978.249881,0,0,3224,139
184730,1978.269887,0,-2,3224,138
184750,1978.289880,0,1,3224,139
184770,1978.309916,0,1,3224,139
184790,1978.329884,0,0,3224,138
184810,1978.349884,0,0,3224,141
184830,1978.369889,0,0,3224,141
184850,1978.389877,0,0,3224,138
184870,1978.409879,0,0,3224,137
184890,1978.429875,0,0,3224,136
184910,1978.449876,0,0,3224,139
184930,1978.469882,0,0,3224,136
184950,1978.489876,0,0,3224,143
184970,1978.509879,0,0,3224,143
184990,1978.529905,0,0,3224,139
185010,1978.549880,-2,0,3224,137
185030,1978.569881,0,0,3224,141
185050,1978.589871,0,0,3224,136
185070,1978.609874,-1,0,3224,138
185090,1978.629869,0,0,3224,135
185110,1978.649871,1,0,3224,140
185130,1978.669879,0,0,3224,142
185150,1978.689869,0,1,3224,137
185170,1978.709874,0,0,3224,136
185190,1978.729477,1,0,3224,146
185210,1978.749452,0,0,3224,140
185230,1978.769462,0,0,3224,147
185250,1978.789448,0,0,3224,141
185270,1978.809448,0,0,3224,138
185290,1978.829457,0,0,3224,142
185310,1978.849449,0,0,3224,143
185330,1978.869456,0,0,3224,136
185350,1978.889442,0,0,3224,137
185370,1978.909450,0,0,3224,138
185390,1978.929442,0,0,3224,138
185410,1978.949521,0,0,3224,141
185430,1978.969458,0,0,3224,144
185450,1978.989441,0,0,3224,140
185470,1979.009444,0,0,3224,139
185490,1979.029441,0,0,3224,139
185510,1979.049441,0,0,3224,140
185530,1979.069453,0,0,3224,136
185550,1979.089440,0,0,3224,136
185570,1979.109450,0,0,3224,139
185590,1979.129438,0,0,3224,143
185610,1979.149438,0,0,3224,142
185630,1979.169474,0,0,3224,142
185650,1979.189436,0,0,3224,142
185670,1979.209442,0,0,3224,144
185690,1979.229435,0,0,3023,143
185710,1979.249437,-1,0,3023,143
185730,1979.269449,1,0,3023,138
185750,1979.289434,0,0,3023,139
185770,1979.309436,0,0,3023,145
185790,1979.329434,1,0,3023,138
185810,1979.349437,0,0,3023,139
185830,1979.369451,0,0,3023,143
185850,1979.389439,0,0,3023,140
185870,1979.409435,0,0,3023,142
185890,1979.429431,0,0,3023,144
185910,1979.449431,0,0,3023,145
185930,1979.469462,0,0,3023,143
185950,1979.489432,0,0,3023,143
185970,1979.509435,0,0,3023,148
185990,1979.528428,0,0,3023,138
186010,1979.548427,0,0,3023,139
186030,1979.568429,0,0,3023,139
186050,1979.588431,0,0,3023,145
186070,1979.608435,0,0,3023,139
186090,1979.628429,0,0,3023,146
186110,1979.648429,0,0,3023,143
186130,1979.668429,-1,0,3023,134
186150,1979.688429,0,0,3023,138
186170,1979.708449,0,0,3023,141
186190,1979.728425,0,0,3023,137
186210,1979.748424,0,0,3023,137
186230,1979.768427,-1,0,3023,134
186250,1979.788443,0,0,3023,137
186270,1979.808852,0,0,3023,134
186290,1979.828844,-1,0,3023,136
186310,1979.848846,0,0,3023,137
186330,1979.868841,0,0,2835,137
186350,1979.888843,1,0,2835,135
186370,1979.908849,0,0,2835,135
186390,1979.928433,1,0,2835,136
186410,1979.948427,0,0,2835,135
186430,1979.968423,0,0,2835,137
186450,1979.988421,0,0,2835,129
186470,1980.008420,0,0,2835,139
186490,1980.028421,0,0,2835,133
186510,1980.048420,0,0,2835,141
186530,1980.068414,0,0,2835,132
186550,1980.088417,0,-1,2835,141
186570,1980.108417,0,0,2835,138
186590,1980.128412,0,0,2835,140
186610,1980.148415,0,0,2835,135
186630,1980.168412,0,0,2835,135
186650,1980.188414,0,0,2835,130
186670,1980.208419,0,0,2835,137
186690,1980.228420,0,0,2835,135
186710,1980.248415,-1,0,2835,139
186730,1980.268413,0,0,2835,138
186750,1980.288410,0,1,2835,138
186770,1980.308416,0,0,2835,140
186790,1980.328409,-1,0,2835,139
186810,1980.348409,0,0,2835,134
186830,1980.368407,0,0,2835,138
186850,1980.388408,0,0,2835,136
186870,1980.408411,0,0,2835,139
186890,1980.428406,0,0,2835,137
186910,1980.448412,0,0,2835,139
186930,1980.468409,0,0,2835,141
186950,1980.488405,0,0,2835,138
186970,1980.508403,0,-1,2835,140
186990,1980.528404,0,0,2835,138
187010,1980.548405,0,0,2835,135
187030,1980.568403,0,0,2835,139
187050,1980.588407,0,0,2835,137
187070,1980.608406,0,0,2835,137
187090,1980.628402,0,0,2835,139
187110,1980.648404,0,0,2835,138
187130,1980.668406,0,0,2835,138
187150,1980.688402,-1,0,2835,133
187170,1980.708405,0,0,2835,131
187190,1980.728399,1,0,2835,137
187210,1980.748400,0,0,2835,134
187230,1980.768405,1,0,2835,138
187250,1980.788396,0,0,2835,136
187270,1980.808408,0,0,2835,138
187290,1980.828399,0,0,2835,132
187310,1980.847396,0,0,2835,141
187330,1980.868407,0,0,2835,133
187350,1980.887397,0,0,2835,134
187370,1980.908401,-1,0,2835,131
187390,1980.927396,0,-1,2835,136
187410,1980.947398,0,0,2835,132
187430,1980.967397,0,0,2835,132
187450,1980.987393,0,0,2835,135
187470,1981.007414,0,0,2835,133
187490,1981.027393,0,0,2835,131
187510,1981.047392,0,0,2835,132
187530,1981.067394,1,0,2835,134
187550,1981.087398,0,0,2835,132
187570,1981.107393,0,0,2835,135
187590,1981.127390,1,0,2835,137
187610,1981.147389,0,0,2835,134
187630,1981.167392,0,0,2835,131
187650,1981.187395,0,0,2835,131
187670,1981.207387,1,0,2835,134
187690,1981.227387,0,0,2835,134
187710,1981.247387,0,0,2835,136
187730,1981.267390,0,0,2835,131
187750,1981.287393,0,0,2835,130
187770,1981.307388,0,0,2835,132
187790,1981.327353,0,0,2835,132
187810,1981.347346,0,0,2835,137
187830,1981.367363,-1,0,2835,132
187850,1981.387366,1,0,2835,134
187870,1981.407368,0,0,2835,136
187890,1981.427359,0,-1,2835,133
187910,1981.447358,0,0,2835,133
187930,1981.467356,0,0,2835,131
187950,1981.487359,0,0,2835,135
187970,1981.507374,0,0,2835,134
187990,1981.527357,-1,0,2835,132
188010,1981.547357,0,0,2835,133
188030,1981.567356,0,0,2835,135
188050,1981.587360,0,0,2835,132
188070,1981.607363,0,0,2835,134
188090,1981.627353,-1,0,2835,139
188110,1981.647354,0,0,2835,133
188130,1981.667355,0,0,2835,136
188150,1981.687359,-1,-1,2835,131
188170,1981.707377,0,0,2835,137
188190,1981.727357,0,0,2835,132
188210,1981.747350,0,0,2835,131
188230,1981.767352,0,0,2835,134
188250,1981.787354,0,0,2835,133
188270,1981.807356,0,0,2835,136
188290,1981.827350,0,0,2835,134
188310,1981.847382,0,0,2835,140
188330,1981.867381,0,0,2835,131
188350,1981.887388,0,0,2835,135
188370,1981.907414,0,0,2835,129
188390,1981.927381,0,0,2835,134
188410,1981.947382,0,0,2835,131
188430,1981.967380,0,0,2835,136
188450,1981.987384,0,0,2835,133
188470,1982.007394,0,0,2835,135
188490,1982.027380,0,0,2835,132
188510,1982.047376,0,0,2835,133
188530,1982.067374,0,0,2835,133
188550,1982.087382,0,0,2835,138
188570,1982.107376,0,0,2835,135
188590,1982.127378,0,0,2835,135
188610,1982.147377,0,0,2835,131
188630,1982.167396,0,0,2835,133
188650,1982.187383,0,0,2835,138
188670,1982.207396,0,0,2835,132
188690,1982.227371,0,0,2835,133
188710,1982.247371,0,0,2835,134
188730,1982.267372,-1,0,2835,130
188750,1982.287378,0,0,2835,132
188770,1982.306367,0,0,2835,130
188790,1982.326374,0,0,2835,127
188810,1982.347370,0,0,2835,127
188830,1982.367375,0,0,2835,128
188850,1982.387401,0,-1,2835,131
188870,1982.406367,-1,0,2835,129
188890,1982.427370,0,0,3012,128
188910,1982.447369,0,0,3012,133
188930,1982.467366,0,0,3012,126
188950,1982.486372,0,0,3012,128
188970,1982.506366,0,0,3012,132
188990,1982.526397,0,0,3012,129
189010,1982.546378,0,0,3012,129
189030,1982.566365,0,0,3012,131
189050,1982.586372,-1,0,3012,134
189070,1982.606361,-1,0,3012,132
189090,1982.626363,0,0,3012,136
189110,1982.646363,0,0,3012,137
189130,1982.666359,-1,-1,3012,131
189150,1982.686367,-1,-1,3012,136
189170,1982.706363,0,0,3012,135
189190,1982.726391,0,0,3012,138
189210,1982.746364,0,-1,3012,133
189230,1982.766362,0,0,3012,139
189250,1982.786367,0,0,3012,133
189270,1982.806364,0,0,3012,136
189290,1982.826360,0,0,3012,137
189310,1982.846355,0,0,3012,135
189330,1982.866778,0,1,3012,137
189350,1982.886784,0,0,3012,138
189370,1982.906778,0,0,3012,134
189390,1982.926807,0,0,3012,143
189410,1982.946776,0,0,3012,132
189430,1982.966778,0,-1,3012,133
189450,1982.986784,0,1,3012,135
189470,1983.006771,0,0,3200,140
189490,1983.026777,0,-1,3200,142
189510,1983.046774,0,0,3200,138
189530,1983.066743,1,0,3200,139
189550,1983.086781,0,0,3200,136
189570,1983.105774,1,-1,3200,137
189590,1983.125780,0,0,3200,132
189610,1983.146374,1,0,3200,139
189630,1983.166350,0,0,3200,139
189650,1983.186357,0,-2,3200,139
189670,1983.206350,0,-1,3200,131
189690,1983.226350,0,0,3200,132
189710,1983.246353,0,0,3200,128
189730,1983.266346,0,0,3200,139
189750,1983.286356,0,0,3200,129
189770,1983.306349,0,0,3200,138
189790,1983.326351,0,0,3200,140
189810,1983.346365,0,0,3200,142
189830,1983.366345,1,-1,3200,138
189850,1983.386353,0,0,3200,145
189870,1983.406342,-1,-2,3200,133
189890,1983.426348,0,0,3200,139
189910,1983.446341,0,0,3200,137
189930,1983.466347,0,-1,3200,137
189950,1983.486348,0,0,3200,139
189970,1983.506341,0,-2,3200,138
189990,1983.526341,0,0,3200,143
190010,1983.546371,0,-1,3200,134
190030,1983.566342,0,0,3200,141
190050,1983.586349,0,-1,3200,137
190070,1983.606342,0,0,3200,133
190090,1983.626340,0,-1,3200,137
190110,1983.646338,0,0,3200,143
190130,1983.666337,0,0,3200,142
190150,1983.686348,1,0,3200,140
190170,1983.706334,1,0,3200,137
190190,1983.725339,0,0,3200,137
190210,1983.746340,0,0,3200,142
190230,1983.765787,1,0,3200,140
190250,1983.785763,0,0,3200,137
190270,1983.805755,1,0,3200,143
190290,1983.825757,0,0,3200,146
190310,1983.845751,0,0,3200,141
190330,1983.865758,0,0,3200,139
190350,1983.885759,0,0,3200,140
190370,1983.905757,0,0,3200,140
190390,1983.925754,0,0,3200,137
190410,1983.945760,2,-1,3200,141
190430,1983.965779,0,0,3200,143
190450,1983.985750,0,0,3200,142
190470,1984.005758,0,0,3200,143
190490,1984.025753,0,-1,3200,142
190510,1984.045749,0,0,3200,137
190530,1984.065749,0,-2,3200,138
190550,1984.085747,0,0,3200,147
190570,1984.105748,0,0,3200,151
190590,1984.125748,0,-3,3200,144
190610,1984.145748,0,-1,3200,143
190630,1984.165764,0,0,3200,143
190650,1984.185745,0,0,3200,145
190670,1984.205747,0,0,3200,147
190690,1984.225747,0,0,3200,141
190710,1984.245744,0,0,3200,144
190730,1984.265751,0,0,3200,141
190750,1984.285743,0,-1,3200,141
190770,1984.305742,0,-1,3200,143
190790,1984.325743,0,0,3200,147
190810,1984.345744,0,0,3200,146
190830,1984.365345,0,0,3200,143
190850,1984.385323,1,-1,3200,146
190870,1984.405320,0,0,3200,148
190890,1984.425323,0,0,3200,141
190910,1984.445325,0,-1,3200,146
190930,1984.465327,1,0,3200,140
190950,1984.485317,0,0,3200,140
190970,1984.505332,0,0,3200,138
190990,1984.525322,0,0,3200,142
191010,1984.545318,0,-1,3200,141
191030,1984.565322,0,0,3200,144
191050,1984.585332,0,0,3200,147
191070,1984.605317,0,0,3000,147
191090,1984.625329,0,0,3000,140
191110,1984.645314,0,0,3000,143
191130,1984.665328,-1,0,3000,147
191150,1984.685318,0,-2,3000,146
191170,1984.705313,0,0,3000,139
191190,1984.725317,0,0,3000,142
191210,1984.745310,0,0,3000,140
191230,1984.765322,-1,-1,3000,142
191250,1984.785331,0,-1,3000,143
191270,1984.805312,0,0,3000,144
191290,1984.825325,0,0,3000,142
191310,1984.845280,-2,0,3000,147
191330,1984.866321,0,0,3000,147
191350,1984.885313,0,0,3000,144
191370,1984.905305,0,0,3000,152
191390,1984.925311,0,0,3000,149
191410,1984.945308,0,-1,2813,145
191430,1984.966318,0,0,2813,143
191450,1984.985323,-2,-2,2813,147
191470,1985.005310,0,-1,2813,141
191490,1985.025311,0,-1,2813,140
191510,1985.045306,0,0,2813,144
191530,1985.066317,0,0,2813,140
191550,1985.085305,0,0,2813,142
191570,1985.105341,0,0,2813,144
191590,1985.125307,0,0,2813,139
191610,1985.144310,0,-2,2813,145
191630,1985.165310,0,0,2813,149
191650,1985.184334,1,-1,2813,149
191670,1985.205306,0,-1,2638,148
191690,1985.225308,0,0,2638,146
191710,1985.244308,0,0,2638,143
191730,1985.264304,0,-3,2638,150
191750,1985.284303,0,-1,2638,147
191770,1985.304302,1,-1,2638,146
191790,1985.324307,0,0,2638,148
191810,1985.344298,0,1,2638,142
191830,1985.364303,1,-1,2638,148
191850,1985.384302,0,0,2638,141
191870,1985.404306,0,-1,2638,144
191890,1985.424318,0,-3,2638,144
191910,1985.444296,0,0,2638,139
191930,1985.464296,0,0,2638,150
191950,1985.484298,0,0,2638,155
191970,1985.504293,0,0,2638,152
191990,1985.524303,1,0,2638,151
192010,1985.544293,0,0,2638,151
192030,1985.564295,0,0,2638,155
192050,1985.584292,0,0,2638,150
192070,1985.604301,-1,0,2638,151
192090,1985.624311,0,0,2638,147
192110,1985.644301,0,0,2638,144
192130,1985.664291,0,0,2638,155
192150,1985.684290,0,0,2638,145
192170,1985.704291,0,0,2638,148
192190,1985.724306,0,0,2638,140
192210,1985.744289,0,0,2638,151
192230,1985.764289,0,0,2638,151
192250,1985.784288,0,-2,2638,146
192270,1985.804302,0,0,2638,151
192290,1985.824312,-1,0,2638,145
192310,1985.844288,0,0,2638,146
192330,1985.864294,1,0,2638,147
192350,1985.884288,1,-3,2638,148
192370,1985.904288,0,0,2638,142
192390,1985.924300,-2,0,2638,145
192410,1985.944288,0,0,2638,143
192430,1985.964285,3,0,2638,144
192450,1985.984282,1,-4,2638,147
192470,1986.004309,1,-1,2638,147
192490,1986.024295,0,-1,2638,154
192510,1986.044287,-1,0,2638,151
192530,1986.064284,0,0,2638,151
192550,1986.084288,2,-2,2638,153
192570,1986.104281,1,0,2638,148
192590,1986.124301,0,-1,2638,148
192610,1986.144278,0,-1,2638,142
192630,1986.164282,-2,-1,2638,144
192650,1986.184283,0,0,2638,150
192670,1986.204280,3,-3,2638,154
192690,1986.224290,1,-1,2638,156
192710,1986.244280,0,0,2638,153
192730,1986.264280,-2,-1,2638,147
192750,1986.284281,0,0,2638,142
192770,1986.304283,2,0,2638,149
192790,1986.324292,2,0,2638,155
192810,1986.344276,0,-1,2474,151
192830,1986.364226,-1,0,2474,152
192850,1986.384246,-3,0,2474,152
192870,1986.404235,0,0,2474,145
192890,1986.424253,1,0,2474,150
192910,1986.444248,2,0,2474,147
192930,1986.464245,-1,-2,2474,151
192950,1986.484241,-2,0,2474,144
192970,1986.504243,-1,0,2474,146
192990,1986.524252,0,-1,2474,154
193010,1986.544239,0,0,2474,156
193030,1986.564241,0,0,2474,153
193050,1986.584238,0,0,2474,150
193070,1986.603245,0,-3,2474,149
193090,1986.623240,0,-1,2474,149
193110,1986.643266,1,-1,2474,155
193130,1986.663238,2,-1,2474,149
193150,1986.683237,2,0,2474,155
193170,1986.703242,0,0,2474,155
193190,1986.724247,0,0,2474,156
193210,1986.743237,-1,-1,2474,158
193230,1986.763232,1,0,2320,154
193250,1986.783235,0,0,2320,146
193270,1986.803239,3,0,2320,150
193290,1986.823235,1,0,2320,153
193310,1986.843298,0,0,2320,153
193330,1986.863266,0,0,2320,153
193350,1986.883264,0,0,2320,152
193370,1986.903272,-1,0,2320,150
193390,1986.923263,0,0,2320,147
193410,1986.943264,0,0,2320,143
193430,1986.963260,1,0,2320,149
193450,1986.983260,0,0,2320,153
193470,1987.003267,0,0,2320,149
193490,1987.023257,-2,0,2320,146
193510,1987.043266,0,0,2320,153
193530,1987.063273,0,-1,2320,147
193550,1987.083271,-2,0,2320,151
193570,1987.103280,0,0,2320,149
193590,1987.123271,0,-1,2320,151
193610,1987.143270,0,0,2320,144
193630,1987.163271,-1,0,2320,146
193650,1987.183269,0,0,2320,146
193670,1987.203279,-1,0,2320,146
193690,1987.223272,0,0,2320,144
193710,1987.243269,0,0,2320,145
193730,1987.263274,0,0,2320,154
193750,1987.283268,2,0,2320,152
193770,1987.303275,2,0,2320,152
193790,1987.323268,0,-1,2320,154
193810,1987.343264,-2,-1,2320,152
193830,1987.363266,0,0,2320,152
193850,1987.383267,0,-1,2320,147
193870,1987.403272,0,0,2320,147
193890,1987.423265,0,0,2320,148
193910,1987.444261,0,-1,2320,144
193930,1987.464293,0,0,2320,147
193950,1987.483268,0,-1,2320,150
193970,1987.503269,0,0,2320,144
193990,1987.523264,0,0,2320,151
194010,1987.543261,0,-2,2320,150
194030,1987.563259,1,0,2320,150
194050,1987.583253,0,0,2320,153
194070,1987.603250,0,-2,2320,148
194090,1987.623242,-1,-3,2320,150
194110,1987.643246,0,-1,2320,148
194130,1987.663253,0,-1,2320,145
194150,1987.683299,0,-3,2320,151
194170,1987.703256,0,0,2320,148
194190,1987.723242,0,0,2320,143
194210,1987.743243,1,0,2320,148
194230,1987.763241,-1,0,2320,140
194250,1987.783245,-1,-2,2320,147
194270,1987.803249,0,0,2320,144
194290,1987.823244,0,-1,2320,146
194310,1987.843240,0,0,2320,142
194330,1987.863240,1,0,2320,145
194350,1987.883307,1,-1,2320,148
194370,1987.903245,0,0,2320,149
194390,1987.923243,1,0,2320,154
194410,1987.943240,0,-2,2320,153
194430,1987.963238,0,0,2320,146
194450,1987.983238,0,-2,2320,147
194470,1988.002236,0,0,2320,147
194490,1988.022239,0,0,2320,152
194510,1988.043237,3,-2,2320,151
194530,1988.062233,0,-1,2320,146
194550,1988.082234,0,-2,2320,151
194570,1988.102247,0,0,2320,154
194590,1988.122238,-1,-1,2320,149
194610,1988.142240,0,-1,2320,148
194630,1988.162232,0,-1,2320,147
194650,1988.182233,0,0,2320,146
194670,1988.202231,0,0,2320,148
194690,1988.222230,-1,0,2320,145
194710,1988.242245,0,-1,2320,144
194730,1988.262231,0,0,2320,146
194750,1988.282230,0,0,2320,148
194770,1988.302242,0,-2,2320,143
194790,1988.322230,-1,0,2320,145
194810,1988.342230,0,0,2320,145
194830,1988.362230,0,0,2320,147
194850,1988.382228,0,0,2320,143
194870,1988.402227,0,0,2320,146
194890,1988.422225,0,0,2320,146
194910,1988.442229,0,0,2320,150
194930,1988.462231,0,0,2320,146
194950,1988.482226,0,0,2320,143
194970,1988.502676,0,0,2320,140
194990,1988.522647,1,0,2320,147
195010,1988.542650,0,0,2320,142
195030,1988.561651,-1,1,2320,141
195050,1988.581645,0,0,2320,140
195070,1988.601642,0,0,2320,143
195090,1988.621642,0,0,2320,145
195110,1988.641657,0,0,2320,145
195130,1988.662642,1,-1,2320,146
195150,1988.681642,0,0,2320,151
195170,1988.701641,0,0,2320,142
195190,1988.721647,-1,0,2320,145
195210,1988.741653,0,0,2320,141
195230,1988.762221,0,0,2320,145
195250,1988.782225,0,0,2320,147
195270,1988.802217,0,-1,2320,146
195290,1988.822222,0,0,2175,141
195310,1988.842218,0,0,2175,138
195330,1988.862217,0,0,2175,147
195350,1988.882216,0,-3,2175,140
195370,1988.902215,-1,0,2175,144
195390,1988.922220,0,-1,2175,143
195410,1988.942220,-1,0,2175,145
195430,1988.962214,-2,0,2175,139
195450,1988.982213,0,-1,2175,139
195470,1989.002224,0,0,2175,140
195490,1989.022213,0,-1,2175,144
195510,1989.042218,1,0,2175,146
195530,1989.062211,0,0,2175,142
195550,1989.082216,1,0,2175,148
195570,1989.102212,0,-1,2175,145
195590,1989.122215,0,0,2175,147
195610,1989.142215,0,0,2175,141
195630,1989.162208,0,0,2175,145
195650,1989.182213,0,0,2175,145
195670,1989.202210,0,0,2175,144
195690,1989.222216,0,0,2175,144
195710,1989.242213,0,0,2175,141
195730,1989.262208,0,0,2175,146
195750,1989.282209,0,0,2175,143
195770,1989.302207,0,0,2175,145
195790,1989.322207,0,0,2175,151
195810,1989.342212,0,0,2175,142
195830,1989.362205,1,-1,2175,144
195850,1989.381211,0,0,2175,142
195870,1989.401219,0,0,2175,141
195890,1989.421209,0,-1,2175,144
195910,1989.441224,-1,0,2175,145
195930,1989.461206,-1,0,2175,149
195950,1989.481206,0,0,2175,144
195970,1989.501204,0,0,2175,147
195990,1989.521206,0,0,2175,142
196010,1989.541228,0,0,2175,142
196030,1989.561204,0,-1,2175,143
196050,1989.581202,0,0,2175,150
196070,1989.601198,1,-2,2175,142
196090,1989.621206,0,0,2175,145
196110,1989.641215,1,-1,2175,148
196130,1989.661198,0,0,2175,148
196150,1989.681198,0,0,2175,148
196170,1989.701196,0,-1,2175,141
196190,1989.721198,0,0,2175,141
196210,1989.741235,-1,0,2175,145
196230,1989.761198,0,0,2175,142
196250,1989.781194,-1,0,2175,140
196270,1989.801195,0,0,2175,137
196290,1989.821205,0,0,2175,139
196310,1989.841209,0,0,2175,139
196330,1989.861199,0,0,2175,138
196350,1989.881192,0,0,2175,139
196370,1989.901191,0,0,2175,142
196390,1989.921202,0,0,2175,136
196410,1989.941224,0,0,2175,141
196430,1989.961197,0,0,2175,136
196450,1989.981193,0,0,2175,133
196470,1990.001189,0,0,2175,134
196490,1990.021198,0,0,2175,140
196510,1990.041213,0,0,2175,138
196530,1990.061190,0,0,2175,133
196550,1990.081194,0,0,2175,141
196570,1990.101185,0,-2,2175,135
196590,1990.121197,0,0,2175,133
196610,1990.141229,0,0,2175,133
196630,1990.161186,0,0,2175,136
196650,1990.181189,0,0,2175,137
196670,1990.201186,0,0,2175,137
196690,1990.221193,0,0,2175,133
196710,1990.241208,0,0,2175,131
196730,1990.261187,0,0,2175,136
196750,1990.281183,0,-1,2175,134
196770,1990.301185,0,0,2175,136
196790,1990.321189,0,0,2175,130
196810,1990.341180,0,0,2175,135
196830,1990.361214,0,0,2175,134
196850,1990.380603,-1,0,2310,133
196870,1990.400609,1,0,2310,135
196890,1990.420606,0,0,2310,138
196910,1990.441558,0,0,2310,140
196930,1990.461575,0,0,2310,136
196950,1990.481570,0,0,2310,131
196970,1990.501567,0,0,2310,131
196990,1990.520606,0,0,2310,137
197010,1990.540621,0,0,2310,137
197030,1990.560631,0,-1,2310,136
197050,1990.580610,0,0,2310,131
197070,1990.600598,0,1,2310,136
197090,1990.620603,0,0,2310,133
197110,1990.640596,0,0,2454,135
197130,1990.660594,0,0,2454,136
197150,1990.680594,0,0,2454,137
197170,1990.700595,0,0,2454,137
197190,1990.720596,0,0,2454,139
197210,1990.740580,0,0,2454,140
197230,1990.760659,0,0,2454,137
197250,1990.780596,0,0,2454,134
197270,1990.800591,0,0,2454,133
197290,1990.820604,0,0,2454,132
197310,1990.840595,0,0,2454,134
197330,1990.860593,0,0,2454,135
197350,1990.880589,0,0,2454,133
197370,1990.900590,0,0,2454,132
197390,1990.920589,0,0,2454,133
197410,1990.940590,0,0,2454,139
197430,1990.960624,0,0,2454,138
197450,1990.980593,0,1,2454,136
197470,1991.000587,0,0,2454,137
197490,1991.020590,0,0,2454,136
197510,1991.040608,0,0,2454,138
197530,1991.060593,0,0,2454,133
197550,1991.080585,0,0,2454,135
197570,1991.100585,0,0,2454,135
197590,1991.120590,0,0,2454,143
197610,1991.140595,0,0,2454,133
197630,1991.160588,0,1,2454,135
197650,1991.180255,0,0,2454,137
197670,1991.200159,0,0,2454,137
197690,1991.220167,0,0,2454,140
197710,1991.240171,0,1,2454,140
197730,1991.260159,0,0,2454,141
197750,1991.280162,0,0,2454,140
197770,1991.300155,0,-1,2454,136
197790,1991.320164,0,0,2454,136
197810,1991.340155,0,0,2454,139
197830,1991.360155,0,-1,2454,141
197850,1991.380659,0,0,2454,142
197870,1991.401529,0,0,2454,143
197890,1991.420545,1,-2,2454,139
197910,1991.440540,0,0,2454,141
197930,1991.460543,1,0,2454,141
197950,1991.480547,0,0,2454,141
197970,1991.500545,0,0,2454,134
197990,1991.520539,0,0,2454,139
198010,1991.540794,0,0,2454,138
198030,1991.560118,0,0,2454,139
198050,1991.580160,0,0,2454,142
198070,1991.600122,-1,0,2454,138
198090,1991.620117,-1,0,2454,136
198110,1991.640113,1,0,2454,137
198130,1991.660113,0,0,2454,137
198150,1991.680114,0,0,2454,141
198170,1991.700113,0,0,2454,142
198190,1991.720116,-2,0,2454,139
198210,1991.740116,0,0,2454,136
198230,1991.760114,-1,0,2454,141
198250,1991.780112,2,0,2454,138
198270,1991.800113,-1,0,2454,140
198290,1991.820132,0,0,2454,140
198310,1991.840143,2,0,2454,141
198330,1991.860140,0,-2,2454,139
198350,1991.880145,1,0,2454,140
198370,1991.900140,0,0,2454,136
198390,1991.920141,0,0,2454,139
198410,1991.940136,0,0,2454,136
198430,1991.959564,0,-1,2454,139
198450,1991.979560,0,0,2454,138
198470,1991.999616,0,0,2454,138
198490,1992.019559,0,0,2454,138
198510,1992.039560,0,0,2454,139
198530,1992.059559,1,0,2454,135
198550,1992.079564,0,0,2454,134
198570,1992.099557,0,0,2454,134
198590,1992.119562,0,0,2454,133
198610,1992.139554,0,0,2454,132
198630,1992.159557,0,0,2454,138
198650,1992.179559,0,0,2454,135
198670,1992.199557,0,-1,2454,134
198690,1992.219560,0,0,2454,135
198710,1992.239560,0,0,2454,133
198730,1992.259524,0,0,2454,136
198750,1992.279560,0,0,2454,138
198770,1992.299552,1,0,2454,135
198790,1992.319572,0,0,2454,134
198810,1992.339553,0,0,2454,134
198830,1992.359556,0,1,2454,135
198850,1992.379552,0,0,2454,138
198870,1992.399552,0,0,2454,138
198890,1992.419555,0,0,2454,135
198910,1992.439555,0,1,2454,140
198930,1992.459549,0,0,2454,139
198950,1992.479552,0,0,2454,138
198970,1992.499547,0,0,2454,136
198990,1992.519550,0,0,2454,138
199010,1992.539545,0,0,2454,133
199030,1992.559548,0,0,2454,138
199050,1992.579552,0,0,2454,136
199070,1992.599546,0,0,2454,135
199090,1992.619556,0,0,2454,137
199110,1992.639547,0,0,2454,131
199130,1992.659546,0,0,2454,138
199150,1992.679556,0,0,2454,135
199170,1992.699544,0,0,2454,139
199190,1992.719550,0,0,2454,136
199210,1992.739542,0,1,2454,136
199230,1992.759542,0,0,2454,138
199250,1992.779555,0,0,2454,139
199270,1992.799538,0,0,2454,138
199290,1992.819541,0,0,2454,136
199310,1992.839540,0,0,2454,142
199330,1992.859542,0,0,2454,140
199350,1992.879552,0,0,2454,135
199370,1992.899539,0,0,2454,139
199390,1992.919554,0,0,2454,143
199410,1992.939537,0,0,2454,137
199430,1992.959538,0,0,2454,139
199450,1992.979542,0,-1,2454,140
199470,1992.999539,1,0,2454,137
199490,1993.019540,0,0,2454,138
199510,1993.039535,0,0,2454,140
199530,1993.059544,0,0,2454,140
199550,1993.079540,0,1,2454,140
199570,1993.099535,-1,0,2454,138
199590,1993.119546,0,0,2454,145
199610,1993.138537,0,0,2454,138
199630,1993.158536,-1,0,2454,142
199650,1993.179539,1,0,2454,140
199670,1993.199534,1,0,2454,143
199690,1993.218529,0,0,2454,139
199710,1993.238529,0,0,2454,138
199730,1993.258534,0,0,2454,143
199750,1993.279575,0,0,2454,141
199770,1993.298558,0,1,2454,139
199790,1993.318533,0,0,2454,135
199810,1993.338527,0,0,2454,138
199830,1993.358532,0,1,2454,142
199850,1993.379540,0,-1,2454,145
199870,1993.398529,0,0,2454,137
199890,1993.418527,0,0,2454,139
199910,1993.438526,1,0,2454,137
199930,1993.458531,0,0,2454,142
199950,1993.480141,-1,0,2454,138
199970,1993.499114,0,0,2454,140
199990,1993.519153,0,0,2454,138
200010,1993.539109,0,0,2454,144
200030,1993.559108,3,0,2454,142
200050,1993.579118,-1,-1,2454,139
200070,1993.599115,-3,1,2454,143
200090,1993.619106,0,0,2454,140
200110,1993.639103,-2,2,2454,133
200130,1993.659104,0,-1,2454,139
200150,1993.680151,-1,2,2454,133
200170,1993.699104,-1,0,2454,137
200190,1993.719102,0,1,2454,136
200210,1993.739101,0,0,2454,137
200230,1993.759104,-1,0,2454,145
200250,1993.778104,0,-1,2454,143
200270,1993.799104,0,1,2454,144
200290,1993.819131,0,0,2454,140
200310,1993.838102,0,0,2454,137
200330,1993.858103,-1,2,2454,137
200350,1993.878100,0,1,2454,140
200370,1993.898103,0,2,2454,138
200390,1993.918096,-1,0,2454,139
200410,1993.938095,0,0,2454,141
200430,1993.958109,0,0,2454,139
200450,1993.978098,0,0,2454,138
200470,1993.998097,0,0,2454,141
200490,1994.018098,0,0,2454,140
200510,1994.038097,0,0,2454,139
200530,1994.058111,0,0,2454,142
200550,1994.078098,0,0,2454,137
200570,1994.098098,0,0,2454,137
200590,1994.118101,1,0,2454,141
200610,1994.138110,0,0,2454,140
200630,1994.158096,0,0,2454,140
200650,1994.178093,0,-1,2454,141
200670,1994.198095,0,0,2454,138
200690,1994.218091,1,0,2454,139
200710,1994.238092,0,0,2454,141
200730,1994.258104,0,0,2454,141
200750,1994.278092,0,0,2454,140
200770,1994.298119,0,0,2454,138
200790,1994.318106,0,0,2454,137
200810,1994.338122,0,0,2454,140
200830,1994.358115,1,0,2454,138
200850,1994.378108,0,0,2454,137
200870,1994.398107,0,0,2454,144
200890,1994.418106,-1,0,2454,138
200910,1994.438105,0,0,2454,137
200930,1994.458115,0,0,2454,136
200950,1994.478116,0,0,2454,138
200970,1994.498109,0,0,2454,144
200990,1994.518104,1,0,2454,144
201010,1994.538105,0,0,2454,136
201030,1994.558123,-1,0,2454,140
201050,1994.578107,0,0,2454,140
201070,1994.598560,0,0,2454,140
201090,1994.617505,0,0,2454,139
201110,1994.637501,1,0,2454,142
201130,1994.657511,0,0,2454,139
201150,1994.677510,0,0,2454,140
201170,1994.697498,-1,0,2454,140
201190,1994.717495,-1,0,2454,141
201210,1994.737497,0,0,2454,142
201230,1994.757528,0,0,2454,141
201250,1994.777532,0,0,2454,139
201270,1994.797495,-1,0,2454,144
201290,1994.817494,-1,0,2454,139
201310,1994.837493,0,0,2454,141
201330,1994.857504,0,0,2454,142
201350,1994.877491,0,0,2454,142
201370,1994.897493,-1,0,2454,146
201390,1994.917494,1,1,2454,137
201410,1994.937493,0,0,2454,142
201430,1994.957490,0,0,2454,141
201450,1994.977492,0,0,2454,142
201470,1994.997490,0,0,2454,140
201490,1995.017486,0,0,2454,138
201510,1995.037491,0,0,2454,144
201530,1995.057500,0,0,2454,142
201550,1995.077489,0,0,2454,143
201570,1995.097487,0,0,2454,140
201590,1995.117486,0,0,2454,139
201610,1995.137486,0,0,2454,139
201630,1995.157504,0,0,2454,138
201650,1995.177488,0,0,2454,138
201670,1995.197483,0,0,2454,137
201690,1995.217481,-1,0,2454,142
201710,1995.237483,0,0,2454,135
201730,1995.257489,0,0,2454,141
201750,1995.277481,0,0,2454,135
201770,1995.297479,0,0,2454,143
201790,1995.317480,0,0,2454,141
201810,1995.337487,0,0,2454,135
201830,1995.357488,0,0,2454,143
201850,1995.377484,0,0,2454,138
201870,1995.397484,0,0,2454,138
201890,1995.417483,0,0,2454,144
201910,1995.437478,0,0,2454,140
201930,1995.457487,-1,0,2454,139
201950,1995.477476,0,0,2454,140
201970,1995.497482,0,0,2454,143
201990,1995.517479,0,0,2454,147
202010,1995.537480,0,0,2454,141
202030,1995.557476,0,0,2454,140
202050,1995.577492,0,0,2454,143
202070,1995.597480,0,0,2454,144
202090,1995.617494,0,0,2454,138
202110,1995.637477,0,0,2454,137
202130,1995.657503,0,0,2454,139
202150,1995.677476,0,0,2454,143
202170,1995.697475,0,0,2454,141
202190,1995.717471,0,1,2454,140
202210,1995.737475,0,0,2454,136
202230,1995.757490,0,0,2454,143
202250,1995.777472,0,0,2454,145
202270,1995.797472,0,0,2454,138
202290,1995.817471,0,0,2454,138
202310,1995.837478,0,0,2454,142
202330,1995.857474,0,1,2454,142
202350,1995.877471,1,1,2454,142
202370,1995.897472,0,0,2454,136
202390,1995.917467,-1,-1,2454,139
202410,1995.937476,0,0,2454,139
202430,1995.957476,-1,0,2454,142
202450,1995.977467,1,0,2454,141
202470,1995.997467,0,0,2454,140
202490,1996.017464,0,-1,2454,139
202510,1996.037474,0,0,2454,137
202530,1996.056462,0,0,2454,141
202550,1996.076464,0,0,2454,137
202570,1996.096466,0,0,2454,142
202590,1996.116464,0,0,2454,140
202610,1996.136459,0,0,2454,143
202630,1996.156465,0,0,2454,145
202650,1996.176464,0,0,2454,138
202670,1996.196465,0,0,2454,147
202690,1996.216460,0,0,2454,139
202710,1996.236465,0,0,2454,148
202730,1996.256463,0,0,2454,143
202750,1996.276458,0,0,2454,147
202770,1996.296460,0,0,2454,141
202790,1996.316458,0,0,2454,148
202810,1996.336462,2,-2,2454,149
202830,1996.356460,-1,2,2454,141
202850,1996.376458,0,0,2454,144
202870,1996.396457,0,-1,2454,145
202890,1996.416455,2,-1,2454,145
202910,1996.436407,0,-3,2454,149
202930,1996.456426,-1,2,2454,147
202950,1996.476423,0,0,2454,153
202970,1996.496419,0,0,2454,145
202990,1996.516417,0,0,2454,150
203010,1996.536424,0,3,2454,151
203030,1996.556424,1,-3,2454,153
203050,1996.576451,-1,0,2454,149
203070,1996.596418,1,0,2454,149
203090,1996.616418,2,0,2454,153
203110,1996.636416,-1,0,2454,150
203130,1996.656415,0,0,2454,149
203150,1996.676417,1,0,2454,146
203170,1996.696417,0,1,2454,146
203190,1996.716413,0,0,2454,142
203210,1996.736412,0,0,2454,147
203230,1996.756411,0,0,2454,145
203250,1996.776410,0,0,2454,147
203270,1996.796411,0,0,2454,149
203290,1996.816411,1,0,2454,148
203310,1996.836420,0,-1,2454,140
203330,1996.855994,0,0,2454,145
203350,1996.876008,0,0,2454,144
203370,1996.896032,0,0,2454,147
203390,1996.916026,0,0,2454,145
203410,1996.936025,0,-1,2301,143
203430,1996.956025,0,0,2301,142
203450,1996.976026,0,0,2301,137
203470,1996.996040,2,1,2301,141
203490,1997.016026,0,0,2301,144
203510,1997.036025,0,0,2301,146
203530,1997.056027,0,0,2301,142
203550,1997.076025,0,0,2301,144
203570,1997.096029,0,0,2301,147
203590,1997.116026,0,0,2301,147
203610,1997.136028,0,0,2301,145
203630,1997.156022,0,0,2301,151
203650,1997.176020,0,0,2301,154
203670,1997.196035,0,-1,2301,153
203690,1997.216020,1,-2,2301,152
203710,1997.236023,0,0,2301,154
203730,1997.256020,0,0,2301,155
203750,1997.276026,0,0,2301,154
203770,1997.296021,2,-1,2301,151
203790,1997.316018,3,-2,2301,161
203810,1997.336016,2,-1,2301,155
203830,1997.356014,0,1,2301,155
203850,1997.376020,2,-1,2301,154
203870,1997.396019,0,0,2301,151
203890,1997.417018,-2,3,2301,154
203910,1997.436021,0,0,2301,154
203930,1997.456011,-1,0,2301,151
203950,1997.476014,0,0,2301,150
203970,1997.496018,0,0,2301,154
203990,1997.516019,0,0,2301,145
204010,1997.536015,0,0,2158,142
204030,1997.556018,0,0,2158,145
204050,1997.576016,0,0,2158,147
204070,1997.596014,0,0,2158,146
204090,1997.616015,0,0,2158,150
204110,1997.636015,0,0,2158,140
204130,1997.656010,0,0,2158,142
204150,1997.676016,0,0,2158,145
204170,1997.696022,0,-1,2158,143
204190,1997.716008,0,0,2158,138
204210,1997.736013,0,-1,2158,143
204230,1997.756011,-1,0,2158,138
204250,1997.776010,0,0,2158,143
204270,1997.796012,0,0,2158,140
204290,1997.816007,0,-2,2158,140
204310,1997.836000,0,-1,2158,139
204330,1997.856007,2,0,2158,137
204350,1997.876007,1,1,2158,143
204370,1997.896010,1,-3,2158,149
204390,1997.915997,0,-1,2158,143
204410,1997.935997,-1,0,2158,145
204430,1997.956000,0,0,2158,142
204450,1997.975995,0,0,2158,146
204470,1997.995999,-1,0,2158,146
204490,1998.016000,0,0,2158,144
204510,1998.036006,0,0,2158,146
204530,1998.055995,0,0,2158,147
204550,1998.075997,0,0,2158,149
204570,1998.096042,0,-1,2158,143
204590,1998.115999,-1,2,2158,150
204610,1998.134999,0,-1,2158,145
204630,1998.154996,1,0,2158,142
204650,1998.174999,0,-1,2158,144
204670,1998.194998,-2,0,2158,148
204690,1998.214997,0,0,2158,149
204710,1998.234993,0,0,2158,149
204730,1998.254991,0,-1,2158,149
204750,1998.274998,0,0,2158,149
204770,1998.294999,0,0,2158,146
204790,1998.315008,0,0,2158,149
204810,1998.335010,0,-2,2158,146
204830,1998.355000,0,0,2158,150
204850,1998.374995,0,0,2158,143
204870,1998.394996,0,0,2158,151
204890,1998.414990,0,0,2158,149
204910,1998.434991,0,0,2158,149
204930,1998.454993,0,0,2158,150
204950,1998.474996,0,0,2158,149
204970,1998.494994,0,-1,2158,147
204990,1998.514992,0,0,2158,143
205010,1998.535010,0,-1,2158,141
205030,1998.554991,0,0,2158,141
205050,1998.574999,0,0,2158,142
205070,1998.594992,-1,0,2158,144
205090,1998.614992,0,0,2158,145
205110,1998.634988,0,0,2158,142
205130,1998.654984,1,-1,2158,143
205150,1998.674987,0,0,2158,139
205170,1998.694990,0,0,2158,137
205190,1998.714984,0,-3,2158,140
205210,1998.735418,0,0,2158,143
205230,1998.755408,0,-1,2024,135
205250,1998.775408,0,-3,1780,130
205270,1998.795407,0,0,1780,125
205290,1998.815406,0,-2,1669,124
205310,1998.835406,0,0,1669,129
205330,1998.855405,0,0,1669,133
205350,1998.875404,1,-1,1669,131
205370,1998.894408,0,0,1669,124
205390,1998.914402,1,0,1669,126
205410,1998.934408,-1,0,1669,117
205430,1998.954405,0,0,1669,122
205450,1998.975402,0,0,1669,121
205470,1998.994403,0,-1,1669,126
205490,1999.014398,0,0,1669,127
205510,1999.034398,0,0,1669,125
205530,1999.054404,-1,-1,1669,122
205550,1999.074401,-1,1,1669,121
205570,1999.094399,0,0,1669,126
205590,1999.114396,0,-1,1669,119
205610,1999.134396,0,1,1669,124
205630,1999.154401,0,0,1669,128
205650,1999.174407,0,0,1669,121
205670,1999.194397,1,1,1669,123
205690,1999.214395,-1,-1,1669,126
205710,1999.234394,-1,0,1669,124
205730,1999.254397,-1,-3,1669,121
205750,1999.274405,0,-1,1565,121
205770,1999.294393,0,0,1565,120
205790,1999.314393,0,0,1565,122
205810,1999.334392,0,0,1565,126
205830,1999.354390,1,0,1565,124
205850,1999.374400,0,-2,1565,125
205870,1999.394391,0,0,1565,121
205890,1999.414390,0,0,1565,119
205910,1999.434390,0,-1,1565,123
205930,1999.454387,0,0,1565,124
205950,1999.474403,0,0,1565,120
205970,1999.494397,0,0,1565,120
205990,1999.514388,0,0,1565,121
206010,1999.534391,0,0,1565,124
206030,1999.554387,0,0,1565,125
206050,1999.574398,0,0,1565,128
206070,1999.594389,0,0,1468,122
206090,1999.614385,0,1,1468,122
206110,1999.634385,2,0,1468,118
206130,1999.654383,0,0,1468,121
206150,1999.674388,0,0,1468,119
206170,1999.694386,0,0,1468,119
206190,1999.714388,-1,0,1468,120
206210,1999.734384,0,0,1468,122
206230,1999.754382,0,-2,1468,120
206250,1999.774393,0,0,1468,126
206270,1999.794383,0,0,1468,127
206290,1999.814382,0,-1,1468,123
206310,1999.834381,0,0,1377,123
206330,1999.854380,0,0,1377,115
206350,1999.874383,0,0,1377,126
206370,1999.894379,1,-2,1377,123
206390,1999.913956,0,0,1377,118
206410,1999.933957,0,0,1377,121
206430,1999.954960,0,-1,1377,117
206450,1999.974381,0,-1,1377,119
206470,1999.994380,0,0,1291,124
206490,2000.014380,0,0,1291,118
206510,2000.034380,0,0,1291,114
206530,2000.054378,0,-1,1291,120
206550,2000.074376,0,1,1291,123
206570,2000.094376,0,0,1291,118
206590,2000.114951,-1,0,1291,121
206610,2000.133959,0,0,1291,118
206630,2000.153952,1,-2,1291,130
206650,2000.173964,0,0,1291,124
206670,2000.193958,0,0,1211,123
206690,2000.213949,1,-1,1211,122
206710,2000.233952,1,0,1211,120
206730,2000.253956,0,0,1211,127
206750,2000.273963,1,0,1211,123
206770,2000.293954,-1,0,1211,127
206790,2000.313950,0,-1,1211,127
206810,2000.333948,-1,-2,1211,123
206830,2000.353958,0,-1,1136,126
206850,2000.373983,0,0,1136,121
206870,2000.393952,0,-1,1136,123
206890,2000.413951,0,-3,1136,116
206910,2000.433978,0,-1,1136,126
206930,2000.453952,0,-1,1136,125
206950,2000.473947,-1,0,1136,125
206970,2000.493949,0,0,1136,119
206990,2000.513947,-3,-1,1136,125
207010,2000.533944,-1,-1,1065,116
207030,2000.553943,0,-1,1065,122
207050,2000.573950,0,-1,1065,121
207070,2000.593945,0,-1,1065,117
207090,2000.613946,-1,-1,1065,122
207110,2000.633947,0,0,1065,122
207130,2000.653941,0,0,1065,124
207150,2000.673972,1,0,1065,123
207170,2000.693944,-1,-1,1065,120
207190,2000.713941,0,0,1065,120
207210,2000.733950,0,-1,1065,121
207230,2000.753942,0,-1,1065,122
207250,2000.773939,0,0,1065,122
207270,2000.793949,0,-1,1065,123
207290,2000.813982,1,0,1065,123
207310,2000.833939,0,0,999,118
207330,2000.853939,-1,0,999,116
207350,2000.873943,0,-1,999,117
207370,2000.893938,0,-1,999,125
207390,2000.912938,-1,-1,999,121
207410,2000.933936,0,0,999,115
207430,2000.953935,0,0,999,120
207450,2000.973934,0,0,999,115
207470,2000.993937,0,-1,999,123
207490,2001.012984,-2,1,999,122
207510,2001.032934,0,0,999,118
207530,2001.052942,0,0,999,120
207550,2001.072931,0,-2,999,123
207570,2001.092935,0,0,999,119
207590,2001.112934,0,0,999,119
207610,2001.132932,0,0,999,121
207630,2001.152932,1,0,999,116
207650,2001.172931,0,1,999,119
207670,2001.192933,0,0,999,119
207690,2001.212932,0,0,999,117
207710,2001.233371,0,0,999,117
207730,2001.253349,0,0,999,119
207750,2001.273349,0,-1,999,121
207770,2001.293372,0,0,999,118
207790,2001.313349,0,0,999,121
207810,2001.333363,0,0,999,117
207830,2001.353346,-1,0,999,124
207850,2001.373345,0,0,999,119
207870,2001.393350,1,0,999,121
207890,2001.413346,0,0,999,119
207910,2001.433345,0,0,999,119
207930,2001.453361,-2,0,999,118
207950,2001.473295,-1,1,999,121
207970,2001.493299,-1,0,999,120
207990,2001.513312,-2,-2,999,121
208010,2001.533320,0,0,937,116
208030,2001.553887,0,0,937,120
208050,2001.572889,0,1,937,116
208070,2001.593310,0,-1,937,117
208090,2001.612886,0,0,937,117
208110,2001.632892,1,0,937,123
208130,2001.652888,0,0,937,116
208150,2001.672886,0,0,937,121
208170,2001.692867,0,0,937,121
208190,2001.712884,0,-3,937,120
208210,2001.732886,0,1,937,119
208230,2001.752885,0,0,937,120
208250,2001.772881,1,-1,937,110
208270,2001.792921,-1,0,937,120
208290,2001.812920,0,0,937,118
208310,2001.832914,-1,0,937,121
208330,2001.852923,-1,0,937,118
208350,2001.872918,-2,0,937,118
208370,2001.892922,-1,0,937,114
208390,2001.912916,0,0,937,115
208410,2001.932917,0,-1,937,121
208430,2001.952915,0,0,937,118
208450,2001.972913,-1,-2,937,122
208470,2001.993920,0,0,937,116
208490,2002.012914,0,-1,937,122
208510,2002.032917,0,0,937,119
208530,2002.052912,1,0,937,114
208550,2002.072917,-2,-1,937,120
208570,2002.094179,0,0,937,113
208590,2002.112333,0,0,937,117
208610,2002.132332,1,-2,937,119
208630,2002.152328,0,0,937,120
208650,2002.172334,0,-1,937,120
208670,2002.192340,0,-2,937,122
208690,2002.212332,0,1,937,125
208710,2002.232326,0,0,937,122
208730,2002.252325,0,1,937,121
208750,2002.272324,0,0,937,118
208770,2002.293336,-1,0,937,123
208790,2002.312325,0,1,937,122
208810,2002.332323,1,0,937,115
208830,2002.352322,2,0,937,116
208850,2002.372327,1,0,937,111
208870,2002.393335,-2,0,937,119
208890,2002.412321,-2,0,937,119
208910,2002.432321,0,0,937,120
208930,2002.452321,0,0,937,125
208950,2002.472321,0,0,937,118
208970,2002.493331,1,0,937,122
208990,2002.512325,0,0,937,119
209010,2002.532320,2,0,937,120
209030,2002.552323,0,0,937,117
209050,2002.572319,1,-1,937,115
209070,2002.592322,-1,-1,937,114
209090,2002.612321,0,0,937,117
209110,2002.632315,1,0,937,121
209130,2002.652326,0,0,937,118
209150,2002.672315,0,0,937,120
209170,2002.692319,0,0,937,117
209190,2002.712319,0,-1,937,117
209210,2002.732317,1,0,937,120
209230,2002.752321,0,0,937,122
209250,2002.772314,-1,0,937,116
209270,2002.791322,-1,0,937,114
209290,2002.812312,-1,1,937,113
209310,2002.832318,0,-1,937,116
209330,2002.852310,-2,0,937,115
209350,2002.872310,0,0,937,121
209370,2002.891312,0,0,937,123
209390,2002.912343,1,0,937,120
209410,2002.932311,0,0,937,121
209430,2002.952309,-1,0,937,119
209450,2002.971309,0,0,937,118
209470,2002.991316,0,0,937,120
209490,2003.011316,0,0,937,117
209510,2003.031307,0,0,937,119
209530,2003.051307,-1,-1,937,119
209550,2003.071304,0,0,937,114
209570,2003.091309,-1,0,937,119
209590,2003.111305,0,-1,937,123
209610,2003.131888,1,0,937,119
209630,2003.151890,0,-1,937,117
209650,2003.171883,0,1,937,112
209670,2003.191887,1,0,937,117
209690,2003.211883,-1,0,937,114
209710,2003.231882,0,0,937,115
209730,2003.251882,0,0,937,119
209750,2003.271877,0,0,937,115
209770,2003.291880,0,1,937,117
209790,2003.311895,0,0,937,122
209810,2003.331883,0,0,937,113
209830,2003.351885,0,0,937,117
209850,2003.371884,0,0,937,123
209870,2003.391882,0,0,937,117
209890,2003.411877,0,0,937,120
209910,2003.431876,2,0,937,115
209930,2003.451876,0,1,937,115
209950,2003.471877,0,0,937,118
209970,2003.491877,0,0,937,120
209990,2003.511880,0,0,937,113
210010,2003.530888,0,0,937,118
210030,2003.551933,-1,-1,937,118
210050,2003.571877,0,0,937,123
210070,2003.591882,0,0,937,113
210090,2003.611876,-1,0,937,115
210110,2003.630872,0,-1,937,116
210130,2003.650872,0,-1,937,117
210150,2003.671871,0,-1,937,119
210170,2003.690902,0,0,937,113
210190,2003.710870,0,0,937,121
210210,2003.730871,0,0,937,117
210230,2003.750872,0,0,937,114
210250,2003.770872,0,0,937,122
210270,2003.790877,0,0,937,118
210290,2003.810866,-1,0,937,114
210310,2003.830866,0,0,937,117
210330,2003.850867,0,0,937,115
210350,2003.870868,0,0,937,115
210370,2003.890874,0,0,937,118
210390,2003.910871,0,0,937,122
210410,2003.930866,0,0,937,118
210430,2003.950867,0,0,937,116
210450,2003.970866,0,0,937,115
210470,2003.990873,0,0,937,116
210490,2004.010864,0,0,937,114
210510,2004.030862,0,0,937,116
210530,2004.050871,0,0,937,113
210550,2004.070863,0,0,937,114
210570,2004.090869,0,0,937,118
210590,2004.110859,0,-2,937,116
210610,2004.130862,0,-1,937,115
210630,2004.150859,1,-1,937,115
210650,2004.170858,0,1,937,117
210670,2004.190909,0,0,937,119
210690,2004.210859,0,0,937,121
210710,2004.230861,0,0,937,120
210730,2004.250857,0,0,937,115
210750,2004.270858,-1,1,937,119
210770,2004.290860,0,-1,937,115
210790,2004.311280,0,0,937,113
210810,2004.331275,0,0,937,122
210830,2004.351275,1,0,937,117
210850,2004.371278,0,0,937,113
210870,2004.391329,0,0,937,120
210890,2004.411277,0,0,937,114
210910,2004.431274,0,0,937,110
210930,2004.451275,0,0,937,112
210950,2004.471274,0,1,937,114
210970,2004.491288,0,0,937,117
210990,2004.511274,0,0,937,122
211010,2004.531272,0,0,937,116
211030,2004.551270,0,-1,937,113
211050,2004.571273,-2,1,937,119
211070,2004.591272,1,1,937,117
211090,2004.611276,-1,0,937,113
211110,2004.631271,0,1,937,115
211130,2004.650271,0,-1,937,118
211150,2004.670273,1,0,937,108
211170,2004.690269,0,0,937,112
211190,2004.710270,-1,0,937,117
211210,2004.730267,0,0,937,115
211230,2004.750267,0,0,937,111
211250,2004.770264,1,0,937,113
211270,2004.790264,1,0,937,112
211290,2004.810270,0,0,937,115
211310,2004.830262,-1,0,937,111
211330,2004.850264,1,-1,937,118
211350,2004.870266,0,0,937,114
211370,2004.890267,0,0,937,116
211390,2004.910262,0,0,937,110
211410,2004.930263,0,-1,937,116
211430,2004.950267,2,1,937,115
211450,2004.970259,0,0,937,115
211470,2004.990258,0,0,937,112
211490,2005.010260,0,0,937,115
211510,2005.030259,0,0,937,110
211530,2005.050259,0,0,937,120
211550,2005.070259,0,0,937,111
211570,2005.090261,1,0,937,112
211590,2005.110258,0,0,937,116
211610,2005.130255,0,0,937,114
211630,2005.150259,0,0,937,107
211650,2005.170256,0,0,937,113
211670,2005.190254,1,0,937,116
211690,2005.210256,1,0,937,120
211710,2005.230255,0,0,937,119
211730,2005.250257,0,0,937,119
211750,2005.270251,2,0,937,118
211770,2005.290253,0,0,937,112
211790,2005.310260,0,0,937,114
211810,2005.330252,0,0,937,119
211830,2005.350249,1,0,937,116
211850,2005.370248,0,0,937,116
211870,2005.390254,0,0,937,119
211890,2005.410254,0,0,937,113
211910,2005.430315,1,0,937,116
211930,2005.450255,0,0,937,115
211950,2005.470250,0,0,937,115
211970,2005.490248,0,0,937,111
211990,2005.510251,1,0,937,117
212010,2005.530249,0,0,937,114
212030,2005.550249,0,0,937,118
212050,2005.570247,0,0,937,117
212070,2005.590264,0,0,937,118
212090,2005.610247,0,0,937,115
212110,2005.630266,1,0,937,113
212130,2005.650245,0,0,937,113
212150,2005.670246,0,0,937,115
212170,2005.690247,0,0,937,115
212190,2005.710245,-2,0,937,115
212210,2005.730247,-1,0,937,121
212230,2005.750243,0,0,937,116
212250,2005.770243,0,0,937,117
212270,2005.790241,1,0,937,117
212290,2005.810243,0,0,937,116
212310,2005.830244,0,0,937,115
212330,2005.850258,0,0,937,114
212350,2005.870242,0,0,937,116
212370,2005.890240,-1,0,937,113
212390,2005.910240,0,0,937,113
212410,2005.930239,0,0,937,113
212430,2005.950247,0,0,937,114
212450,2005.970237,0,0,937,113
212470,2005.990237,-1,0,937,115
212490,2006.010245,0,0,937,114
212510,2006.030239,-1,1,937,117
212530,2006.049248,0,0,937,114
212550,2006.070247,0,0,937,114
212570,2006.090250,1,0,937,112
212590,2006.110236,0,0,937,113
212610,2006.129235,0,0,937,117
212630,2006.149237,0,-1,937,111
212650,2006.169250,1,0,937,113
212670,2006.189235,1,0,937,113
212690,2006.209235,0,0,937,107
212710,2006.229234,0,0,937,112
212730,2006.249232,0,0,937,106
212750,2006.269238,0,-1,937,111
212770,2006.289234,-1,0,937,118
212790,2006.309234,0,0,937,107
212810,2006.329231,0,0,937,108
212830,2006.349233,0,0,937,114
212850,2006.369234,0,0,937,112
212870,2006.389228,0,0,937,111
212890,2006.409230,0,0,937,112
212910,2006.429227,0,0,937,116
212930,2006.449227,0,0,937,113
212950,2006.469230,0,0,937,114
212970,2006.489293,0,0,937,115
212990,2006.509207,0,0,937,111
213010,2006.529202,0,0,937,113
213030,2006.549196,0,0,937,108
213050,2006.569197,0,0,937,111
213070,2006.589193,0,0,937,114
213090,2006.609198,0,0,937,113
213110,2006.629193,-1,0,937,115
213130,2006.649191,0,0,937,115
213150,2006.669201,0,0,937,112
213170,2006.689228,0,0,937,113
213190,2006.709225,0,0,937,113
213210,2006.729222,0,0,937,107
213230,2006.749223,-1,-1,937,113
213250,2006.769228,0,0,937,113
213270,2006.789220,0,0,937,111
213290,2006.809222,0,0,937,110
213310,2006.829219,0,0,937,112
213330,2006.849215,0,0,937,109
213350,2006.869223,0,1,937,109
213370,2006.889218,0,0,937,112
213390,2006.909223,0,-1,937,116
213410,2006.929217,0,0,937,109
213430,2006.949217,0,0,937,116
213450,2006.969218,0,-1,937,110
213470,2006.989216,0,0,937,113
213490,2007.009221,0,0,937,113
213510,2007.029212,0,1,937,110
213530,2007.049215,0,0,937,112
213550,2007.069219,0,1,937,107
213570,2007.089210,0,0,937,112
213590,2007.109219,0,0,937,106
213610,2007.129212,0,2,937,108
213630,2007.149212,0,0,937,113
213650,2007.169221,0,-1,937,110
213670,2007.189210,0,0,937,110
213690,2007.209214,0,0,937,115
213710,2007.229215,0,0,937,108
213730,2007.249213,0,0,937,107
213750,2007.269219,0,0,937,115
213770,2007.289208,0,0,937,107
213790,2007.309210,0,0,937,109
213810,2007.329209,0,-1,937,114
213830,2007.349207,0,0,937,109
213850,2007.369217,0,0,937,113
213870,2007.389207,0,0,937,113
213890,2007.409213,0,0,937,115
213910,2007.429208,0,0,937,121
213930,2007.449211,0,0,937,109
213950,2007.469208,0,0,937,110
213970,2007.489205,-2,-1,937,112
213990,2007.509205,-2,-1,937,116
214010,2007.529205,0,0,937,113
214030,2007.549201,-1,-1,937,115
214050,2007.569205,0,0,937,116
214070,2007.589197,1,1,937,114
214090,2007.609204,0,0,937,111
214110,2007.628224,0,0,937,111
214130,2007.648202,-1,0,937,113
214150,2007.668197,0,0,937,115
214170,2007.688195,3,0,937,112
214190,2007.708198,4,2,937,114
214210,2007.728199,7,0,937,115
214230,2007.748197,-2,1,937,113
214250,2007.768202,-3,1,937,109
214270,2007.788192,-3,-2,937,111
214290,2007.808202,-3,0,937,117
214310,2007.828197,0,2,937,118
214330,2007.848195,1,-2,937,116
214350,2007.868196,-3,2,937,116
214370,2007.888193,0,0,937,114
214390,2007.908206,-1,1,937,119
214410,2007.928232,0,0,937,114
214430,2007.948214,-1,2,937,114
214450,2007.968194,0,0,937,117
214470,2007.988198,0,2,937,117
214490,2008.008192,0,0,937,118
214510,2008.028190,0,0,937,115
214530,2008.048189,0,-1,937,110
214550,2008.068194,0,0,937,117
214570,2008.088187,-4,-3,937,109
214590,2008.108188,-3,-1,937,113
214610,2008.128193,0,0,937,110
214630,2008.148187,1,0,937,110
214650,2008.168187,0,0,937,111
214670,2008.188188,0,0,937,108
214690,2008.208208,0,0,937,113
214710,2008.228189,0,0,937,115
214730,2008.248196,0,0,937,118
214750,2008.268191,0,0,937,117
214770,2008.288181,0,0,937,114
214790,2008.308194,0,0,937,115
214810,2008.328183,0,0,937,110
214830,2008.348199,-1,0,937,112
214850,2008.368184,0,0,937,111
214870,2008.388184,0,0,937,114
214890,2008.408191,0,0,937,108
214910,2008.428180,0,0,937,115
214930,2008.448181,0,0,937,107
214950,2008.468185,0,0,937,110
214970,2008.488178,0,0,937,113
214990,2008.508184,-1,0,937,112
215010,2008.528182,0,0,937,108
215030,2008.548189,0,0,937,113
215050,2008.568195,0,-1,937,118
215070,2008.588181,0,0,937,116
215090,2008.608174,0,0,937,118
215110,2008.628179,0,0,937,115
215130,2008.648171,-2,0,937,111
215150,2008.668169,-1,1,937,113
215170,2008.688170,0,0,937,115
215190,2008.708181,2,-1,937,108
215210,2008.728172,-2,0,937,114
215230,2008.748178,-3,-1,937,116
215250,2008.768186,0,0,937,111
215270,2008.788174,0,0,937,112
215290,2008.808191,0,0,937,110
215310,2008.828173,0,0,937,111
215330,2008.848169,0,0,937,103
215350,2008.868166,-1,0,937,113
215370,2008.888170,0,0,937,115
215390,2008.908175,1,0,937,112
