cf_timestamp_ms,host_monotonic_s,motion.outlierCount,motion.motion,motion.std
183751,1977.291917,0,176,2.0
183771,1977.311907,0,176,2.0
183791,1977.331903,0,48,2.0
183811,1977.351902,0,48,2.0
183831,1977.371902,0,48,2.0
183851,1977.391904,0,48,2.0
183871,1977.411899,0,48,2.0
183891,1977.431915,0,48,2.0
183911,1977.451898,0,48,2.0
183931,1977.471897,0,48,2.0
183951,1977.491914,0,176,2.0
183971,1977.510898,0,176,2.0
183991,1977.530898,0,48,2.0
184011,1977.550896,0,176,2.0
184031,1977.570901,0,176,2.0
184051,1977.590895,0,176,2.0
184071,1977.610895,0,48,2.0
184091,1977.630893,0,176,2.0
184111,1977.650895,0,48,2.0
184131,1977.670895,0,48,2.0
184151,1977.690917,0,176,2.0
184171,1977.710893,0,48,2.0
184191,1977.730891,0,48,2.0
184211,1977.750896,0,48,2.0
184231,1977.770894,0,48,2.0
184251,1977.790909,0,48,2.0
184271,1977.810889,0,48,2.0
184291,1977.830890,0,48,2.0
184311,1977.851889,0,176,2.0
184331,1977.870893,0,48,2.0
184351,1977.890966,0,48,2.0
184371,1977.910890,0,48,2.0
184391,1977.930892,0,48,2.0
184411,1977.951918,0,48,2.0
184431,1977.970891,0,48,2.0
184451,1977.990934,0,176,2.0
184471,1978.010892,0,48,2.0
184491,1978.030889,0,48,2.0
184511,1978.051890,0,48,2.0
184531,1978.070886,0,48,2.0
184551,1978.090881,0,48,2.0
184571,1978.110889,0,48,2.0
184591,1978.130885,0,176,2.0
184611,1978.151887,0,48,2.0
184631,1978.170893,0,48,2.0
184651,1978.190884,0,176,2.0
184671,1978.210880,0,176,2.0
184691,1978.230879,0,176,2.0
184711,1978.250882,0,48,2.0
184731,1978.270889,0,176,2.0
184751,1978.290905,0,176,2.0
184771,1978.310920,0,176,2.0
184791,1978.330879,0,48,2.0
184811,1978.350879,0,48,2.0
184831,1978.370885,0,48,2.0
184851,1978.391898,0,48,2.0
184871,1978.410878,0,48,2.0
184891,1978.430873,0,48,2.0
184911,1978.450875,0,48,2.0
184931,1978.470883,0,48,2.0
184951,1978.490918,0,48,2.0
184971,1978.510876,0,48,2.0
184991,1978.530891,0,48,2.0
185011,1978.550877,0,176,2.0
185031,1978.570880,0,48,2.0
185051,1978.590905,0,48,2.0
185071,1978.610870,0,176,2.0
185091,1978.630870,0,48,2.0
185111,1978.650867,0,176,2.0
185131,1978.670875,0,48,2.0
185151,1978.690887,0,176,2.0
185171,1978.710868,0,48,2.0
185191,1978.730464,0,176,2.0
185211,1978.750448,0,48,2.0
185231,1978.770447,0,48,2.0
185251,1978.790445,0,48,2.0
185271,1978.810446,0,48,2.0
185291,1978.830446,0,48,2.0
185311,1978.850448,0,48,2.0
185331,1978.870444,0,48,2.0
185351,1978.890441,0,48,2.0
185371,1978.910447,0,48,2.0
185391,1978.930440,0,48,2.0
185411,1978.950471,0,48,2.0
185431,1978.970446,0,48,2.0
185451,1978.990439,0,48,2.0
185471,1979.010443,0,48,2.0
185491,1979.030441,0,48,2.0
185511,1979.050443,0,48,2.0
185531,1979.070438,0,48,2.0
185551,1979.090438,0,48,2.0
185571,1979.110442,0,48,2.0
185591,1979.130437,0,48,2.0
185611,1979.150439,0,48,2.0
185631,1979.170445,0,48,2.0
185651,1979.190438,0,48,2.0
185671,1979.210440,0,48,2.0
185691,1979.230433,0,48,2.0
185711,1979.250440,0,176,2.0
185731,1979.270437,0,176,2.0
185751,1979.290434,0,48,2.0
185771,1979.310431,0,48,2.0
185791,1979.330430,0,176,2.0
185811,1979.350434,0,48,2.0
185831,1979.370434,0,48,2.0
185851,1979.390433,0,48,2.0
185871,1979.410432,0,48,2.0
185891,1979.430429,0,48,2.0
185911,1979.450429,0,48,2.0
185931,1979.470437,0,48,2.0
185951,1979.490435,0,48,2.0
185971,1979.510429,0,48,2.0
185991,1979.529428,0,48,2.0
186011,1979.549426,0,48,2.0
186031,1979.569441,0,48,2.0
186051,1979.589426,0,48,2.0
186071,1979.609428,0,48,2.0
186091,1979.629427,0,48,2.0
186111,1979.649425,0,48,2.0
186131,1979.669439,0,176,2.0
186151,1979.689424,0,48,2.0
186171,1979.709429,0,48,2.0
186191,1979.729425,0,48,2.0
186211,1979.749424,0,48,2.0
186231,1979.769439,0,176,2.0
186251,1979.789429,0,48,2.0
186271,1979.809846,0,48,2.0
186291,1979.829842,0,176,2.0
186311,1979.849845,0,48,2.0
186331,1979.869849,0,48,2.0
186351,1979.889841,0,176,2.0
186371,1979.909845,0,48,2.0
186391,1979.929475,0,176,2.0
186411,1979.949420,0,48,2.0
186431,1979.969418,0,48,2.0
186451,1979.989416,0,48,2.0
186471,1980.009418,0,48,2.0
186491,1980.029418,0,48,2.0
186511,1980.049415,0,48,2.0
186531,1980.069411,0,48,2.0
186551,1980.089413,0,176,2.0
186571,1980.109414,0,48,2.0
186591,1980.129411,0,48,2.0
186611,1980.149418,0,48,2.0
186631,1980.169411,0,48,2.0
186651,1980.189410,0,48,2.0
186671,1980.209414,0,48,2.0
186691,1980.229423,0,48,2.0
186711,1980.249411,0,176,2.0
186731,1980.269409,0,48,2.0
186751,1980.289406,0,176,2.0
186771,1980.309410,0,48,2.0
186791,1980.329407,0,176,2.0
186811,1980.349406,0,48,2.0
186831,1980.369405,0,48,2.0
186851,1980.389404,0,48,2.0
186871,1980.409404,0,48,2.0
186891,1980.429406,0,48,2.0
186911,1980.449446,0,48,2.0
186931,1980.469406,0,48,2.0
186951,1980.489403,0,48,2.0
186971,1980.509405,0,176,2.0
186991,1980.529401,0,48,2.0
187011,1980.549404,0,48,2.0
187031,1980.569403,0,48,2.0
187051,1980.589401,0,48,2.0
187071,1980.609403,0,48,2.0
187091,1980.629400,0,48,2.0
187111,1980.649402,0,48,2.0
187131,1980.669406,0,48,2.0
187151,1980.689400,0,176,2.0
187171,1980.709400,0,48,2.0
187191,1980.729400,0,176,2.0
187211,1980.749399,0,48,2.0
187231,1980.769397,0,176,2.0
187251,1980.789396,0,48,2.0
187271,1980.809400,0,48,2.0
187291,1980.829395,0,48,2.0
187311,1980.849396,0,48,2.0
187331,1980.869401,0,48,2.0
187351,1980.888396,0,48,2.0
187371,1980.909396,0,176,2.0
187391,1980.929395,0,176,2.0
187411,1980.949389,0,48,2.0
187431,1980.968396,0,48,2.0
187451,1980.988396,0,48,2.0
187471,1981.008395,0,48,2.0
187491,1981.028392,0,48,2.0
187511,1981.048391,0,48,2.0
187531,1981.068392,0,176,2.0
187551,1981.088399,0,48,2.0
187571,1981.108397,0,48,2.0
187591,1981.128390,0,176,2.0
187611,1981.148387,0,48,2.0
187631,1981.168389,0,48,2.0
187651,1981.188389,0,48,2.0
187671,1981.208394,0,176,2.0
187691,1981.228385,0,48,2.0
187711,1981.248385,0,48,2.0
187731,1981.268387,0,48,2.0
187751,1981.288390,0,48,2.0
187771,1981.308396,0,48,2.0
187791,1981.328350,0,48,2.0
187811,1981.348347,0,48,2.0
187831,1981.368358,0,176,2.0
187851,1981.388361,0,176,2.0
187871,1981.408363,0,48,2.0
187891,1981.428355,0,176,2.0
187911,1981.448358,0,48,2.0
187931,1981.468355,0,48,2.0
187951,1981.488356,0,48,2.0
187971,1981.508360,0,48,2.0
187991,1981.528355,0,176,2.0
188011,1981.548355,0,48,2.0
188031,1981.568353,0,48,2.0
188051,1981.588355,0,48,2.0
188071,1981.608364,0,48,2.0
188091,1981.628354,0,176,2.0
188111,1981.648350,0,48,2.0
188131,1981.668352,0,48,2.0
188151,1981.688354,0,176,2.0
188171,1981.708374,0,48,2.0
188191,1981.728352,0,48,2.0
188211,1981.748350,0,48,2.0
188231,1981.768350,0,48,2.0
188251,1981.788353,0,48,2.0
188271,1981.808359,0,48,2.0
188291,1981.828346,0,48,2.0
188311,1981.848384,0,48,2.0
188331,1981.868381,0,48,2.0
188351,1981.888381,0,48,2.0
188371,1981.908410,0,48,2.0
188391,1981.928378,0,48,2.0
188411,1981.948375,0,48,2.0
188431,1981.968376,0,48,2.0
188451,1981.988377,0,48,2.0
188471,1982.008378,0,48,2.0
188491,1982.028379,0,48,2.0
188511,1982.048373,0,48,2.0
188531,1982.068374,0,48,2.0
188551,1982.088377,0,48,2.0
188571,1982.108419,0,48,2.0
188591,1982.128374,0,48,2.0
188611,1982.148372,0,48,2.0
188631,1982.168378,0,48,2.0
188651,1982.188374,0,48,2.0
188671,1982.208374,0,48,2.0
188691,1982.228369,0,48,2.0
188711,1982.248369,0,48,2.0
188731,1982.268379,0,176,2.0
188751,1982.288377,0,48,2.0
188771,1982.308406,0,48,2.0
188791,1982.327372,0,48,2.0
188811,1982.348366,0,48,2.0
188831,1982.368372,0,48,2.0
188851,1982.388375,0,176,2.0
188871,1982.408391,0,176,2.0
188891,1982.428365,0,48,2.0
188911,1982.448369,0,48,2.0
188931,1982.468366,0,48,2.0
188951,1982.487388,0,48,2.0
188971,1982.507381,0,48,2.0
188991,1982.527397,0,48,2.0
189011,1982.547367,0,48,2.0
189031,1982.567362,0,48,2.0
189051,1982.587362,0,176,2.0
189071,1982.607368,0,176,2.0
189091,1982.627361,0,48,2.0
189111,1982.647362,0,48,2.0
189131,1982.667359,0,176,2.0
189151,1982.687367,0,176,2.0
189171,1982.707378,0,48,2.0
189191,1982.727393,0,48,2.0
189211,1982.747362,0,176,2.0
189231,1982.767359,0,48,2.0
189251,1982.787359,0,48,2.0
189271,1982.807358,0,48,2.0
189291,1982.827359,0,48,2.0
189311,1982.847356,0,48,2.0
189331,1982.867777,0,176,2.0
189351,1982.887800,0,48,2.0
189371,1982.907789,0,48,2.0
189391,1982.927814,0,48,2.0
189411,1982.947777,0,48,2.0
189431,1982.967774,0,176,2.0
189451,1982.987776,0,176,2.0
189471,1983.007788,0,48,2.0
189491,1983.027772,0,176,2.0
189511,1983.047773,0,48,2.0
189531,1983.067740,0,176,2.0
189551,1983.087773,0,48,2.0
189571,1983.106769,0,176,2.0
189591,1983.126769,0,48,2.0
189611,1983.147398,0,176,2.0
189631,1983.167344,0,48,2.0
189651,1983.187357,0,176,2.0
189671,1983.207371,0,176,2.0
189691,1983.227344,0,48,2.0
189711,1983.247349,0,48,2.0
189731,1983.267347,0,48,2.0
189751,1983.287345,0,48,2.0
189771,1983.307346,0,48,2.0
189791,1983.327347,0,48,2.0
189811,1983.347413,0,48,2.0
189831,1983.367353,0,176,2.0
189851,1983.387370,0,48,2.0
189871,1983.407353,0,176,2.0
189891,1983.427340,0,48,2.0
189911,1983.447340,0,48,2.0
189931,1983.467344,0,176,2.0
189951,1983.487340,0,48,2.0
189971,1983.507353,0,176,2.0
189991,1983.527338,0,48,2.0
190011,1983.547381,0,176,2.0
190031,1983.567340,0,48,2.0
190051,1983.587344,0,176,2.0
190071,1983.607344,0,48,2.0
190091,1983.627337,0,176,2.0
190111,1983.647334,0,48,2.0
190131,1983.667336,0,48,2.0
190151,1983.687345,0,176,2.0
190171,1983.707350,0,176,2.0
190191,1983.726333,0,48,2.0
190211,1983.747333,0,48,2.0
190231,1983.766794,0,176,2.0
190251,1983.786763,0,48,2.0
190271,1983.806754,0,176,2.0
190291,1983.826754,0,48,2.0
190311,1983.846750,0,48,2.0
190331,1983.866753,0,48,2.0
190351,1983.886760,0,48,2.0
190371,1983.906757,0,48,2.0
190391,1983.926751,0,48,2.0
190411,1983.946752,0,176,2.0
190431,1983.966795,0,48,2.0
190451,1983.986758,0,48,2.0
190471,1984.006750,0,48,2.0
190491,1984.026751,0,176,2.0
190511,1984.046747,0,48,2.0
190531,1984.066755,0,176,2.0
190551,1984.086754,0,48,2.0
190571,1984.106745,0,48,2.0
190591,1984.126750,0,176,2.0
190611,1984.146744,0,176,2.0
190631,1984.166799,0,48,2.0
190651,1984.186756,0,48,2.0
190671,1984.206762,0,48,2.0
190691,1984.226745,0,48,2.0
190711,1984.246747,0,48,2.0
190731,1984.266748,0,48,2.0
190751,1984.286748,0,176,2.0
190771,1984.306744,0,176,2.0
190791,1984.326742,0,48,2.0
190811,1984.346745,0,48,2.0
190831,1984.366352,0,48,2.0
190851,1984.386334,0,176,2.0
190871,1984.406318,0,48,2.0
190891,1984.426321,0,48,2.0
190911,1984.446319,0,176,2.0
190931,1984.466318,0,176,2.0
190951,1984.486325,0,48,2.0
190971,1984.506322,0,48,2.0
190991,1984.526319,0,48,2.0
191011,1984.546315,0,176,2.0
191031,1984.566320,0,48,2.0
191051,1984.586333,0,48,2.0
191071,1984.606316,0,48,2.0
191091,1984.626318,0,48,2.0
191111,1984.646312,0,48,2.0
191131,1984.666316,0,176,2.0
191151,1984.686322,0,176,2.0
191171,1984.706311,0,48,2.0
191191,1984.726312,0,48,2.0
191211,1984.746310,0,48,2.0
191231,1984.766313,0,176,2.0
191251,1984.786330,0,176,2.0
191271,1984.806309,0,48,2.0
191291,1984.826314,0,48,2.0
191311,1984.846309,0,176,2.0
191331,1984.867316,0,48,2.0
191351,1984.886319,0,48,2.0
191371,1984.906305,0,48,2.0
191391,1984.926310,0,48,2.0
191411,1984.946304,0,176,2.0
191431,1984.967311,0,48,2.0
191451,1984.986326,0,176,2.0
191471,1985.006310,0,176,2.0
191491,1985.026308,0,176,2.0
191511,1985.046307,0,48,2.0
191531,1985.067309,0,48,2.0
191551,1985.086313,0,48,2.0
191571,1985.106315,0,48,2.0
191591,1985.126307,0,48,2.0
191611,1985.145304,0,176,2.0
191631,1985.166305,0,48,2.0
191651,1985.185313,0,176,2.0
191671,1985.206301,0,176,2.0
191691,1985.226308,0,48,2.0
191711,1985.245305,0,48,2.0
191731,1985.266318,0,176,2.0
191751,1985.285298,0,176,2.0
191771,1985.305298,0,176,2.0
191791,1985.325316,0,48,2.0
191811,1985.345297,0,176,2.0
191831,1985.366308,0,176,2.0
191851,1985.385298,0,48,2.0
191871,1985.405298,0,176,2.0
191891,1985.425302,0,176,2.0
191911,1985.445294,0,48,2.0
191931,1985.466303,0,48,2.0
191951,1985.485294,0,48,2.0
191971,1985.505293,0,48,2.0
191991,1985.525306,0,176,2.0
192011,1985.545296,0,48,2.0
192031,1985.566300,0,48,2.0
192051,1985.585290,0,48,2.0
192071,1985.605296,0,176,2.0
192091,1985.625296,0,48,2.0
192111,1985.645291,0,48,2.0
192131,1985.666303,0,48,2.0
192151,1985.685288,0,48,2.0
192171,1985.705331,0,48,2.0
192191,1985.725292,0,48,2.0
192211,1985.745288,0,48,2.0
192231,1985.766295,0,48,2.0
192251,1985.785287,0,176,2.0
192271,1985.805295,0,48,2.0
192291,1985.825288,0,176,2.0
192311,1985.845287,0,48,2.0
192331,1985.865287,0,176,2.0
192351,1985.885282,0,176,2.0
192371,1985.905285,0,48,2.0
192391,1985.925287,0,176,2.0
192411,1985.945286,0,48,2.0
192431,1985.965282,0,176,2.0
192451,1985.985286,0,176,2.0
192471,1986.005293,0,176,2.0
192491,1986.025299,0,176,2.0
192511,1986.045282,0,176,2.0
192531,1986.065284,0,48,2.0
192551,1986.085283,0,176,2.0
192571,1986.105281,0,176,2.0
192591,1986.125286,0,176,2.0
192611,1986.145275,0,176,2.0
192631,1986.165275,0,176,2.0
192651,1986.185279,0,48,2.0
192671,1986.205282,0,176,2.0
192691,1986.225302,0,176,2.0
192711,1986.245277,0,48,2.0
192731,1986.265278,0,176,2.0
192751,1986.285275,0,48,2.0
192771,1986.305276,0,176,2.0
192791,1986.325279,0,176,2.0
192811,1986.345275,0,176,2.0
192831,1986.365226,0,176,2.0
192851,1986.385248,0,176,2.0
192871,1986.405233,0,48,2.0
192891,1986.425263,0,176,2.0
192911,1986.445244,0,176,2.0
192931,1986.465242,0,176,2.0
192951,1986.485239,0,176,2.0
192971,1986.505240,0,176,2.0
192991,1986.525245,0,176,2.0
193011,1986.545237,0,48,2.0
193031,1986.565237,0,48,2.0
193051,1986.585257,0,48,2.0
193071,1986.604237,0,176,2.0
193091,1986.625249,0,176,2.0
193111,1986.644272,0,176,2.0
193131,1986.664239,0,176,2.0
193151,1986.685235,0,176,2.0
193171,1986.704235,0,48,2.0
193191,1986.725237,0,48,2.0
193211,1986.744242,0,176,2.0
193231,1986.764234,0,176,2.0
193251,1986.784233,0,48,2.0
193271,1986.804234,0,176,2.0
193291,1986.824236,0,176,2.0
193311,1986.844301,0,48,2.0
193331,1986.864271,0,48,2.0
193351,1986.884266,0,48,2.0
193371,1986.904264,0,176,2.0
193391,1986.924272,0,48,2.0
193411,1986.944264,0,48,2.0
193431,1986.964261,0,176,2.0
193451,1986.984257,0,48,2.0
193471,1987.004260,0,48,2.0
193491,1987.024260,0,176,2.0
193511,1987.044258,0,48,2.0
193531,1987.064318,0,176,2.0
193551,1987.084272,0,176,2.0
193571,1987.104274,0,48,2.0
193591,1987.124270,0,176,2.0
193611,1987.144272,0,48,2.0
193631,1987.164276,0,176,2.0
193651,1987.184271,0,48,2.0
193671,1987.204270,0,176,2.0
193691,1987.224271,0,48,2.0
193711,1987.244269,0,48,2.0
193731,1987.264300,0,48,2.0
193751,1987.284268,0,176,2.0
193771,1987.304271,0,176,2.0
193791,1987.324279,0,176,2.0
193811,1987.344266,0,176,2.0
193831,1987.364266,0,48,2.0
193851,1987.384295,0,176,2.0
193871,1987.404268,0,48,2.0
193891,1987.424267,0,48,2.0
193911,1987.445266,0,176,2.0
193931,1987.465273,0,48,2.0
193951,1987.484264,0,176,2.0
193971,1987.504262,0,48,2.0
193991,1987.524282,0,48,2.0
194011,1987.544262,0,176,2.0
194031,1987.564261,0,176,2.0
194051,1987.584249,0,48,2.0
194071,1987.604252,0,176,2.0
194091,1987.624260,0,176,2.0
194111,1987.644240,0,176,2.0
194131,1987.664246,0,176,2.0
194151,1987.684272,0,176,2.0
194171,1987.704245,0,48,2.0
194191,1987.724259,0,48,2.0
194211,1987.744243,0,176,2.0
194231,1987.764239,0,176,2.0
194251,1987.784242,0,176,2.0
194271,1987.804245,0,48,2.0
194291,1987.824292,0,176,2.0
194311,1987.844238,0,48,2.0
194331,1987.864238,0,176,2.0
194351,1987.884274,0,176,2.0
194371,1987.904239,0,48,2.0
194391,1987.924250,0,176,2.0
194411,1987.944239,0,176,2.0
194431,1987.964234,0,48,2.0
194451,1987.984235,0,176,2.0
194471,1988.004244,0,48,2.0
194491,1988.024233,0,48,2.0
194511,1988.044244,0,176,2.0
194531,1988.064233,0,176,2.0
194551,1988.084230,0,176,2.0
194571,1988.104241,0,48,2.0
194591,1988.124252,0,176,2.0
194611,1988.144234,0,176,2.0
194631,1988.164231,0,176,2.0
194651,1988.184228,0,48,2.0
194671,1988.204231,0,48,2.0
194691,1988.224245,0,176,2.0
194711,1988.244231,0,176,2.0
194731,1988.264235,0,48,2.0
194751,1988.284228,0,48,2.0
194771,1988.304234,0,176,2.0
194791,1988.324239,0,176,2.0
194811,1988.344227,0,48,2.0
194831,1988.364233,0,48,2.0
194851,1988.384226,0,48,2.0
194871,1988.404229,0,48,2.0
194891,1988.424237,0,48,2.0
194911,1988.444227,0,48,2.0
194931,1988.464226,0,48,2.0
194951,1988.484227,0,48,2.0
194971,1988.503651,0,48,2.0
194991,1988.523681,0,176,2.0
195011,1988.543646,0,48,2.0
195031,1988.563643,0,176,2.0
195051,1988.583647,0,48,2.0
195071,1988.603641,0,48,2.0
195091,1988.623639,0,48,2.0
195111,1988.643641,0,48,2.0
195131,1988.663638,0,176,2.0
195151,1988.683639,0,48,2.0
195171,1988.703640,0,48,2.0
195191,1988.723640,0,176,2.0
195211,1988.743639,0,48,2.0
195231,1988.763218,0,48,2.0
195251,1988.783217,0,48,2.0
195271,1988.803223,0,176,2.0
195291,1988.823216,0,48,2.0
195311,1988.843218,0,48,2.0
195331,1988.863212,0,48,2.0
195351,1988.883215,0,176,2.0
195371,1988.903224,0,176,2.0
195391,1988.923217,0,176,2.0
195411,1988.943216,0,176,2.0
195431,1988.963211,0,176,2.0
195451,1988.983211,0,176,2.0
195471,1989.003214,0,48,2.0
195491,1989.023210,0,176,2.0
195511,1989.043210,0,176,2.0
195531,1989.063210,0,48,2.0
195551,1989.083210,0,176,2.0
195571,1989.103216,0,176,2.0
195591,1989.123218,0,48,2.0
195611,1989.143210,0,48,2.0
195631,1989.163205,0,48,2.0
195651,1989.183210,0,48,2.0
195671,1989.203213,0,48,2.0
195691,1989.223208,0,48,2.0
195711,1989.243209,0,48,2.0
195731,1989.263207,0,48,2.0
195751,1989.283207,0,48,2.0
195771,1989.303211,0,48,2.0
195791,1989.323206,0,48,2.0
195811,1989.343214,0,48,2.0
195831,1989.363204,0,176,2.0
195851,1989.383201,0,48,2.0
195871,1989.403211,0,48,2.0
195891,1989.423200,0,176,2.0
195911,1989.443204,0,176,2.0
195931,1989.463205,0,176,2.0
195951,1989.483200,0,48,2.0
195971,1989.503209,0,48,2.0
195991,1989.523204,0,48,2.0
196011,1989.543204,0,48,2.0
196031,1989.563203,0,176,2.0
196051,1989.582201,0,48,2.0
196071,1989.602196,0,176,2.0
196091,1989.622201,0,48,2.0
196111,1989.642200,0,176,2.0
196131,1989.662199,0,48,2.0
196151,1989.682193,0,48,2.0
196171,1989.702194,0,176,2.0
196191,1989.722199,0,48,2.0
196211,1989.742255,0,176,2.0
196231,1989.762200,0,48,2.0
196251,1989.782190,0,176,2.0
196271,1989.802193,0,48,2.0
196291,1989.822199,0,48,2.0
196311,1989.842196,0,48,2.0
196331,1989.862194,0,48,2.0
196351,1989.882189,0,48,2.0
196371,1989.902189,0,48,2.0
196391,1989.922192,0,48,2.0
196411,1989.942230,0,48,2.0
196431,1989.962191,0,48,2.0
196451,1989.982197,0,48,2.0
196471,1990.002188,0,48,2.0
196491,1990.022190,0,48,2.0
196511,1990.042193,0,48,2.0
196531,1990.062190,0,48,2.0
196551,1990.082183,0,48,2.0
196571,1990.102185,0,176,2.0
196591,1990.122188,0,48,2.0
196611,1990.142231,0,48,2.0
196631,1990.162184,0,48,2.0
196651,1990.182187,0,48,2.0
196671,1990.202189,0,48,2.0
196691,1990.222183,0,48,2.0
196711,1990.242190,0,48,2.0
196731,1990.262182,0,48,2.0
196751,1990.282184,0,176,2.0
196771,1990.302178,0,48,2.0
196791,1990.322182,0,48,2.0
196811,1990.342184,0,48,2.0
196831,1990.362180,0,48,2.0
196851,1990.381605,0,176,2.0
196871,1990.401602,0,176,2.0
196891,1990.421551,0,48,2.0
196911,1990.442548,0,48,2.0
196931,1990.462568,0,48,2.0
196951,1990.482568,0,48,2.0
196971,1990.502576,0,48,2.0
196991,1990.521613,0,48,2.0
197011,1990.541617,0,48,2.0
197031,1990.561631,0,176,2.0
197051,1990.581603,0,48,2.0
197071,1990.601596,0,176,2.0
197091,1990.621605,0,48,2.0
197111,1990.641624,0,48,2.0
197131,1990.661594,0,48,2.0
197151,1990.681592,0,48,2.0
197171,1990.701591,0,48,2.0
197191,1990.721605,0,48,2.0
197211,1990.741608,0,48,2.0
197231,1990.761652,0,48,2.0
197251,1990.781593,0,48,2.0
197271,1990.801591,0,48,2.0
197291,1990.821619,0,48,2.0
197311,1990.841605,0,48,2.0
197331,1990.861589,0,48,2.0
197351,1990.881594,0,48,2.0
197371,1990.901588,0,48,2.0
197391,1990.921590,0,48,2.0
197411,1990.941607,0,48,2.0
197431,1990.961627,0,48,2.0
197451,1990.981590,0,176,2.0
197471,1991.001588,0,48,2.0
197491,1991.021589,0,48,2.0
197511,1991.041589,0,48,2.0
197531,1991.061585,0,48,2.0
197551,1991.081586,0,48,2.0
197571,1991.101582,0,48,2.0
197591,1991.121587,0,48,2.0
197611,1991.141606,0,48,2.0
197631,1991.161586,0,176,2.0
197651,1991.181193,0,48,2.0
197671,1991.201157,0,48,2.0
197691,1991.221158,0,48,2.0
197711,1991.241163,0,176,2.0
197731,1991.261155,0,48,2.0
197751,1991.281158,0,48,2.0
197771,1991.301153,0,176,2.0
197791,1991.321154,0,48,2.0
197811,1991.341181,0,48,2.0
197831,1991.361151,0,176,2.0
197851,1991.381595,0,48,2.0
197871,1991.402525,0,48,2.0
197891,1991.421542,0,176,2.0
197911,1991.441536,0,48,2.0
197931,1991.461540,0,176,2.0
197951,1991.481546,0,48,2.0
197971,1991.501541,0,48,2.0
197991,1991.521537,0,48,2.0
198011,1991.542134,0,48,2.0
198031,1991.561119,0,48,2.0
198051,1991.581103,0,48,2.0
198071,1991.601114,0,176,2.0
198091,1991.621110,0,176,2.0
198111,1991.641115,0,176,2.0
198131,1991.661111,0,48,2.0
198151,1991.681110,0,48,2.0
198171,1991.701110,0,48,2.0
198191,1991.721112,0,176,2.0
198211,1991.741117,0,48,2.0
198231,1991.761110,0,176,2.0
198251,1991.781109,0,176,2.0
198271,1991.801112,0,176,2.0
198291,1991.821166,0,48,2.0
198311,1991.841157,0,176,2.0
198331,1991.861138,0,176,2.0
198351,1991.881143,0,176,2.0
198371,1991.901137,0,48,2.0
198391,1991.921135,0,48,2.0
198411,1991.941170,0,48,2.0
198431,1991.960559,0,176,2.0
198451,1991.980565,0,48,2.0
198471,1992.000582,0,48,2.0
198491,1992.020558,0,48,2.0
198511,1992.040562,0,48,2.0
198531,1992.060556,0,176,2.0
198551,1992.080559,0,48,2.0
198571,1992.100556,0,48,2.0
198591,1992.120553,0,48,2.0
198611,1992.140573,0,48,2.0
198631,1992.160558,0,48,2.0
198651,1992.180556,0,48,2.0
198671,1992.200553,0,176,2.0
198691,1992.220559,0,48,2.0
198711,1992.240559,0,48,2.0
198731,1992.260532,0,48,2.0
198751,1992.280554,0,48,2.0
198771,1992.300550,0,176,2.0
198791,1992.320558,0,48,2.0
198811,1992.340562,0,48,2.0
198831,1992.360549,0,176,2.0
198851,1992.380552,0,48,2.0
198871,1992.400548,0,48,2.0
198891,1992.420550,0,48,2.0
198911,1992.440562,0,176,2.0
198931,1992.460547,0,48,2.0
198951,1992.480548,0,48,2.0
198971,1992.500545,0,48,2.0
198991,1992.520546,0,48,2.0
199011,1992.540543,0,48,2.0
199031,1992.560544,0,48,2.0
199051,1992.580595,0,48,2.0
199071,1992.600545,0,48,2.0
199091,1992.620546,0,48,2.0
199111,1992.640543,0,48,2.0
199131,1992.660544,0,48,2.0
199151,1992.680546,0,48,2.0
199171,1992.700541,0,48,2.0
199191,1992.720542,0,48,2.0
199211,1992.740538,0,176,2.0
199231,1992.760544,0,48,2.0
199251,1992.780548,0,48,2.0
199271,1992.800539,0,48,2.0
199291,1992.820546,0,48,2.0
199311,1992.840538,0,48,2.0
199331,1992.860540,0,48,2.0
199351,1992.880544,0,48,2.0
199371,1992.900536,0,48,2.0
199391,1992.920544,0,48,2.0
199411,1992.940536,0,48,2.0
199431,1992.960537,0,48,2.0
199451,1992.980539,0,176,2.0
199471,1993.000534,0,176,2.0
199491,1993.020537,0,48,2.0
199511,1993.040555,0,48,2.0
199531,1993.060537,0,48,2.0
199551,1993.080537,0,176,2.0
199571,1993.100553,0,176,2.0
199591,1993.120536,0,48,2.0
199611,1993.139532,0,48,2.0
199631,1993.159531,0,176,2.0
199651,1993.180536,0,176,2.0
199671,1993.200531,0,176,2.0
199691,1993.219539,0,48,2.0
199711,1993.239528,0,48,2.0
199731,1993.259528,0,48,2.0
199751,1993.280535,0,48,2.0
199771,1993.299538,0,176,2.0
199791,1993.319544,0,48,2.0
199811,1993.339528,0,48,2.0
199831,1993.359532,0,176,2.0
199851,1993.380531,0,176,2.0
199871,1993.399537,0,48,2.0
199891,1993.419525,0,48,2.0
199911,1993.439523,0,176,2.0
199931,1993.459525,0,48,2.0
199951,1993.481121,0,176,2.0
199971,1993.500117,0,48,2.0
199991,1993.520122,0,48,2.0
200011,1993.540105,0,48,2.0
200031,1993.560104,0,176,2.0
200051,1993.580113,0,176,2.0
200071,1993.600110,0,176,2.0
200091,1993.620106,0,48,2.0
200111,1993.640101,0,176,2.0
200131,1993.660101,0,176,2.0
200151,1993.681111,0,176,2.0
200171,1993.700107,0,176,2.0
200191,1993.720103,0,176,2.0
200211,1993.740101,0,48,2.0
200231,1993.760101,0,176,2.0
200251,1993.780109,0,176,2.0
200271,1993.800099,0,176,2.0
200291,1993.820133,0,48,2.0
200311,1993.839098,0,48,2.0
200331,1993.859096,0,176,2.0
200351,1993.880104,0,176,2.0
200371,1993.899116,0,176,2.0
200391,1993.919102,0,176,2.0
200411,1993.939094,0,48,2.0
200431,1993.959098,0,48,2.0
200451,1993.980110,0,48,2.0
200471,1993.999095,0,48,2.0
200491,1994.019091,0,48,2.0
200511,1994.039094,0,48,2.0
200531,1994.059098,0,48,2.0
200551,1994.080102,0,48,2.0
200571,1994.099092,0,48,2.0
200591,1994.119130,0,176,2.0
200611,1994.139105,0,48,2.0
200631,1994.159089,0,48,2.0
200651,1994.180103,0,176,2.0
200671,1994.199089,0,48,2.0
200691,1994.219085,0,176,2.0
200711,1994.239085,0,48,2.0
200731,1994.259094,0,48,2.0
200751,1994.280099,0,48,2.0
200771,1994.299103,0,48,2.0
200791,1994.319102,0,48,2.0
200811,1994.339112,0,48,2.0
200831,1994.359119,0,176,2.0
200851,1994.379110,0,48,2.0
200871,1994.399110,0,48,2.0
200891,1994.419108,0,176,2.0
200911,1994.439102,0,48,2.0
200931,1994.459115,0,48,2.0
200951,1994.479109,0,48,2.0
200971,1994.499112,0,48,2.0
200991,1994.519099,0,176,2.0
201011,1994.539105,0,48,2.0
201031,1994.559104,0,176,2.0
201051,1994.579102,0,48,2.0
201071,1994.599556,0,48,2.0
201091,1994.618499,0,48,2.0
201111,1994.639500,0,176,2.0
201131,1994.658503,0,48,2.0
201151,1994.678500,0,48,2.0
201171,1994.698495,0,176,2.0
201191,1994.719518,0,176,2.0
201211,1994.738494,0,48,2.0
201231,1994.758499,0,48,2.0
201251,1994.778499,0,48,2.0
201271,1994.798494,0,176,2.0
201291,1994.818491,0,176,2.0
201311,1994.838490,0,48,2.0
201331,1994.858492,0,48,2.0
201351,1994.878500,0,48,2.0
201371,1994.898491,0,176,2.0
201391,1994.918491,0,176,2.0
201411,1994.938490,0,48,2.0
201431,1994.958484,0,48,2.0
201451,1994.978503,0,48,2.0
201471,1994.998486,0,48,2.0
201491,1995.018485,0,48,2.0
201511,1995.038485,0,48,2.0
201531,1995.058490,0,48,2.0
201551,1995.078496,0,48,2.0
201571,1995.098488,0,48,2.0
201591,1995.118485,0,48,2.0
201611,1995.138482,0,48,2.0
201631,1995.158490,0,48,2.0
201651,1995.178532,0,48,2.0
201671,1995.198484,0,48,2.0
201691,1995.218479,0,176,2.0
201711,1995.238481,0,48,2.0
201731,1995.258482,0,48,2.0
201751,1995.278485,0,48,2.0
201771,1995.298478,0,48,2.0
201791,1995.318480,0,48,2.0
201811,1995.338484,0,48,2.0
201831,1995.358480,0,48,2.0
201851,1995.378492,0,48,2.0
201871,1995.398494,0,48,2.0
201891,1995.418479,0,48,2.0
201911,1995.438474,0,48,2.0
201931,1995.458480,0,176,2.0
201951,1995.478485,0,48,2.0
201971,1995.498478,0,48,2.0
201991,1995.518477,0,48,2.0
202011,1995.538475,0,48,2.0
202031,1995.558484,0,48,2.0
202051,1995.578480,0,48,2.0
202071,1995.598483,0,48,2.0
202091,1995.618479,0,48,2.0
202111,1995.638474,0,48,2.0
202131,1995.658471,0,48,2.0
202151,1995.678473,0,48,2.0
202171,1995.698471,0,48,2.0
202191,1995.718471,0,176,2.0
202211,1995.738472,0,48,2.0
202231,1995.758468,0,48,2.0
202251,1995.778468,0,48,2.0
202271,1995.798469,0,48,2.0
202291,1995.818467,0,48,2.0
202311,1995.838473,0,48,2.0
202331,1995.858467,0,176,2.0
202351,1995.878466,0,176,2.0
202371,1995.898467,0,48,2.0
202391,1995.918473,0,176,2.0
202411,1995.938467,0,48,2.0
202431,1995.958470,0,176,2.0
202451,1995.978465,0,176,2.0
202471,1995.998464,0,48,2.0
202491,1996.018462,0,176,2.0
202511,1996.038469,0,48,2.0
202531,1996.058468,0,48,2.0
202551,1996.077462,0,48,2.0
202571,1996.097465,0,48,2.0
202591,1996.117461,0,48,2.0
202611,1996.137464,0,48,2.0
202631,1996.157460,0,48,2.0
202651,1996.177462,0,48,2.0
202671,1996.197462,0,48,2.0
202691,1996.217459,0,48,2.0
202711,1996.237471,0,48,2.0
202731,1996.257471,0,48,2.0
202751,1996.277457,0,48,2.0
202771,1996.297459,0,48,2.0
202791,1996.317458,0,48,2.0
202811,1996.337464,0,176,2.0
202831,1996.357461,0,176,2.0
202851,1996.377455,0,48,2.0
202871,1996.397454,0,176,2.0
202891,1996.417455,0,176,2.0
202911,1996.437407,0,176,2.0
202931,1996.457448,0,176,2.0
202951,1996.477419,0,48,2.0
202971,1996.497418,0,48,2.0
202991,1996.517419,0,48,2.0
203011,1996.537427,0,176,2.0
203031,1996.557444,0,176,2.0
203051,1996.577441,0,176,2.0
203071,1996.597416,0,176,2.0
203091,1996.617415,0,176,2.0
203111,1996.637412,0,176,2.0
203131,1996.657415,0,48,2.0
203151,1996.677417,0,176,2.0
203171,1996.697413,0,176,2.0
203191,1996.717410,0,48,2.0
203211,1996.737411,0,48,2.0
203231,1996.757409,0,48,2.0
203251,1996.777410,0,48,2.0
203271,1996.797409,0,48,2.0
203291,1996.817408,0,176,2.0
203311,1996.837414,0,176,2.0
203331,1996.856992,0,48,2.0
203351,1996.877052,0,48,2.0
203371,1996.897036,0,48,2.0
203391,1996.917024,0,48,2.0
203411,1996.937021,0,176,2.0
203431,1996.957023,0,48,2.0
203451,1996.977023,0,48,2.0
203471,1996.997029,0,176,2.0
203491,1997.017020,0,48,2.0
203511,1997.037021,0,48,2.0
203531,1997.057036,0,48,2.0
203551,1997.077021,0,48,2.0
203571,1997.097023,0,48,2.0
203591,1997.117021,0,48,2.0
203611,1997.137024,0,48,2.0
203631,1997.157018,0,48,2.0
203651,1997.177018,0,48,2.0
203671,1997.197025,0,176,2.0
203691,1997.217016,0,176,2.0
203711,1997.237017,0,48,2.0
203731,1997.257023,0,48,2.0
203751,1997.277023,0,48,2.0
203771,1997.297020,0,176,2.0
203791,1997.317017,0,176,2.0
203811,1997.337011,0,176,2.0
203831,1997.357011,0,176,2.0
203851,1997.377018,0,176,2.0
203871,1997.397019,0,48,2.0
203891,1997.418016,0,176,2.0
203911,1997.437016,0,48,2.0
203931,1997.457045,0,176,2.0
203951,1997.477010,0,48,2.0
203971,1997.497014,0,48,2.0
203991,1997.517016,0,48,2.0
204011,1997.537013,0,48,2.0
204031,1997.557013,0,48,2.0
204051,1997.577087,0,48,2.0
204071,1997.597015,0,48,2.0
204091,1997.617011,0,48,2.0
204111,1997.637012,0,48,2.0
204131,1997.657009,0,48,2.0
204151,1997.677011,0,48,2.0
204171,1997.697013,0,176,2.0
204191,1997.717009,0,48,2.0
204211,1997.737014,0,176,2.0
204231,1997.757008,0,176,2.0
204251,1997.777006,0,48,2.0
204271,1997.797010,0,48,2.0
204291,1997.816999,0,176,2.0
204311,1997.837012,0,176,2.0
204331,1997.857000,0,176,2.0
204351,1997.876998,0,176,2.0
204371,1997.897006,0,176,2.0
204391,1997.917005,0,176,2.0
204411,1997.937000,0,176,2.0
204431,1997.957013,0,48,2.0
204451,1997.977005,0,48,2.0
204471,1997.996999,0,176,2.0
204491,1998.016998,0,48,2.0
204511,1998.037000,0,48,2.0
204531,1998.056993,0,48,2.0
204551,1998.077005,0,48,2.0
204571,1998.097033,0,176,2.0
204591,1998.117006,0,176,2.0
204611,1998.136994,0,176,2.0
204631,1998.157016,0,176,2.0
204651,1998.176993,0,176,2.0
204671,1998.196997,0,176,2.0
204691,1998.217006,0,48,2.0
204711,1998.236990,0,48,2.0
204731,1998.256990,0,176,2.0
204751,1998.276992,0,48,2.0
204771,1998.297007,0,48,2.0
204791,1998.317026,0,48,2.0
204811,1998.336995,0,176,2.0
204831,1998.356996,0,48,2.0
204851,1998.376991,0,48,2.0
204871,1998.396990,0,48,2.0
204891,1998.416994,0,48,2.0
204911,1998.436992,0,48,2.0
204931,1998.456993,0,48,2.0
204951,1998.476993,0,48,2.0
204971,1998.496988,0,176,2.0
204991,1998.516989,0,48,2.0
205011,1998.536994,0,176,2.0
205031,1998.555992,0,48,2.0
205051,1998.577013,0,48,2.0
205071,1998.595992,0,176,2.0
205091,1998.615986,0,48,2.0
205111,1998.635988,0,48,2.0
205131,1998.655986,0,176,2.0
205151,1998.675983,0,48,2.0
205171,1998.696000,0,48,2.0
205191,1998.715981,0,176,2.0
205211,1998.736410,0,48,2.0
205231,1998.756406,0,176,2.0
205251,1998.776405,0,176,2.0
205271,1998.796406,0,48,2.0
205291,1998.816402,0,176,2.0
205311,1998.836402,0,48,2.0
205331,1998.856406,0,48,2.0
205351,1998.876401,0,176,2.0
205371,1998.896399,0,48,2.0
205391,1998.916402,0,176,2.0
205411,1998.936405,0,176,2.0
205431,1998.955411,0,48,2.0
205451,1998.976398,0,48,2.0
205471,1998.995402,0,176,2.0
205491,1999.015398,0,48,2.0
205511,1999.035396,0,48,2.0
205531,1999.055395,0,176,2.0
205551,1999.075397,0,176,2.0
205571,1999.095397,0,48,2.0
205591,1999.115426,0,176,2.0
205611,1999.135394,0,176,2.0
205631,1999.155398,0,48,2.0
205651,1999.175400,0,48,2.0
205671,1999.195396,0,176,2.0
205691,1999.215393,0,176,2.0
205711,1999.235392,0,176,2.0
205731,1999.255392,0,176,2.0
205751,1999.275394,0,176,2.0
205771,1999.295392,0,48,2.0
205791,1999.315390,0,48,2.0
205811,1999.335391,0,48,2.0
205831,1999.355389,0,176,2.0
205851,1999.375392,0,176,2.0
205871,1999.395393,0,48,2.0
205891,1999.415387,0,48,2.0
205911,1999.435388,0,176,2.0
205931,1999.455386,0,48,2.0
205951,1999.475389,0,48,2.0
205971,1999.495388,0,48,2.0
205991,1999.515386,0,48,2.0
206011,1999.535389,0,48,2.0
206031,1999.555388,0,48,2.0
206051,1999.575391,0,48,2.0
206071,1999.595389,0,48,2.0
206091,1999.615386,0,176,2.0
206111,1999.635383,0,176,2.0
206131,1999.655379,0,48,2.0
206151,1999.675380,0,48,2.0
206171,1999.695383,0,48,2.0
206191,1999.715382,0,176,2.0
206211,1999.735379,0,48,2.0
206231,1999.755381,0,176,2.0
206251,1999.775383,0,48,2.0
206271,1999.795380,0,48,2.0
206291,1999.815380,0,176,2.0
206311,1999.835383,0,48,2.0
206331,1999.855378,0,48,2.0
206351,1999.875379,0,48,2.0
206371,1999.895377,0,176,2.0
206391,1999.914954,0,48,2.0
206411,1999.934956,0,48,2.0
206431,1999.955957,0,176,2.0
206451,1999.975375,0,176,2.0
206471,1999.995380,0,48,2.0
206491,2000.015380,0,48,2.0
206511,2000.035374,0,48,2.0
206531,2000.055381,0,176,2.0
206551,2000.075373,0,176,2.0
206571,2000.095374,0,48,2.0
206591,2000.115955,0,176,2.0
206611,2000.134953,0,48,2.0
206631,2000.154954,0,176,2.0
206651,2000.174955,0,48,2.0
206671,2000.194956,0,48,2.0
206691,2000.214952,0,176,2.0
206711,2000.234950,0,176,2.0
206731,2000.254952,0,48,2.0
206751,2000.274948,0,176,2.0
206771,2000.294949,0,176,2.0
206791,2000.314949,0,176,2.0
206811,2000.334946,0,176,2.0
206831,2000.354950,0,176,2.0
206851,2000.374952,0,48,2.0
206871,2000.394959,0,176,2.0
206891,2000.414947,0,176,2.0
206911,2000.434952,0,176,2.0
206931,2000.454944,0,176,2.0
206951,2000.474951,0,176,2.0
206971,2000.494945,0,48,2.0
206991,2000.514945,0,176,2.0
207011,2000.534940,0,176,2.0
207031,2000.554939,0,176,2.0
207051,2000.574943,0,176,2.0
207071,2000.594948,0,176,2.0
207091,2000.614948,0,176,2.0
207111,2000.634942,0,48,2.0
207131,2000.654942,0,48,2.0
207151,2000.674940,0,176,2.0
207171,2000.694948,0,176,2.0
207191,2000.714942,0,48,2.0
207211,2000.734947,0,176,2.0
207231,2000.754942,0,176,2.0
207251,2000.774947,0,48,2.0
207271,2000.794939,0,176,2.0
207291,2000.814951,0,176,2.0
207311,2000.834938,0,48,2.0
207331,2000.854933,0,176,2.0
207351,2000.874938,0,176,2.0
207371,2000.894934,0,176,2.0
207391,2000.914936,0,176,2.0
207411,2000.934934,0,48,2.0
207431,2000.954932,0,48,2.0
207451,2000.974938,0,48,2.0
207471,2000.994936,0,176,2.0
207491,2001.013989,0,176,2.0
207511,2001.033933,0,48,2.0
207531,2001.053930,0,48,2.0
207551,2001.073933,0,176,2.0
207571,2001.093933,0,48,2.0
207591,2001.113930,0,48,2.0
207611,2001.133930,0,48,2.0
207631,2001.153929,0,176,2.0
207651,2001.173941,0,176,2.0
207671,2001.193930,0,48,2.0
207691,2001.213930,0,48,2.0
207711,2001.234355,0,48,2.0
207731,2001.254347,0,48,2.0
207751,2001.274348,0,176,2.0
207771,2001.294352,0,48,2.0
207791,2001.314349,0,48,2.0
207811,2001.334355,0,48,2.0
207831,2001.354351,0,176,2.0
207851,2001.374350,0,48,2.0
207871,2001.394345,0,176,2.0
207891,2001.414343,0,48,2.0
207911,2001.434349,0,48,2.0
207931,2001.454396,0,176,2.0
207951,2001.474321,0,176,2.0
207971,2001.494309,0,176,2.0
207991,2001.514309,0,176,2.0
208011,2001.534308,0,48,2.0
208031,2001.554885,0,48,2.0
208051,2001.573886,0,176,2.0
208071,2001.594305,0,176,2.0
208091,2001.613886,0,48,2.0
208111,2001.633884,0,176,2.0
208131,2001.653885,0,48,2.0
208151,2001.673885,0,48,2.0
208171,2001.693866,0,48,2.0
208191,2001.713883,0,176,2.0
208211,2001.733883,0,176,2.0
208231,2001.753885,0,48,2.0
208251,2001.773892,0,176,2.0
208271,2001.793917,0,48,2.0
208291,2001.813914,0,48,2.0
208311,2001.833916,0,176,2.0
208331,2001.853912,0,176,2.0
208351,2001.873913,0,176,2.0
208371,2001.893918,0,176,2.0
208391,2001.913914,0,48,2.0
208411,2001.933928,0,176,2.0
208431,2001.953910,0,48,2.0
208451,2001.973945,0,176,2.0
208471,2001.994911,0,48,2.0
208491,2002.013913,0,176,2.0
208511,2002.033912,0,48,2.0
208531,2002.053911,0,176,2.0
208551,2002.073908,0,176,2.0
208571,2002.095392,0,48,2.0
208591,2002.113330,0,48,2.0
208611,2002.133330,0,176,2.0
208631,2002.153326,0,48,2.0
208651,2002.173327,0,176,2.0
208671,2002.193330,0,176,2.0
208691,2002.213325,0,176,2.0
208711,2002.233324,0,48,2.0
208731,2002.253326,0,176,2.0
208751,2002.273322,0,48,2.0
208771,2002.294352,0,176,2.0
208791,2002.313327,0,176,2.0
208811,2002.333324,0,176,2.0
208831,2002.353319,0,176,2.0
208851,2002.373321,0,176,2.0
208871,2002.394327,0,176,2.0
208891,2002.413322,0,176,2.0
208911,2002.433322,0,48,2.0
208931,2002.453323,0,48,2.0
208951,2002.473319,0,48,2.0
208971,2002.494335,0,176,2.0
208991,2002.513323,0,48,2.0
209011,2002.533362,0,176,2.0
209031,2002.553321,0,48,2.0
209051,2002.573315,0,176,2.0
209071,2002.594326,0,176,2.0
209091,2002.613316,0,48,2.0
209111,2002.633313,0,176,2.0
209131,2002.653314,0,48,2.0
209151,2002.673312,0,48,2.0
209171,2002.694323,0,48,2.0
209191,2002.713315,0,176,2.0
209211,2002.733318,0,176,2.0
209231,2002.753320,0,48,2.0
209251,2002.773311,0,176,2.0
209271,2002.793323,0,176,2.0
209291,2002.813309,0,176,2.0
209311,2002.833312,0,176,2.0
209331,2002.853326,0,176,2.0
209351,2002.873307,0,48,2.0
209371,2002.893321,0,48,2.0
209391,2002.913379,0,176,2.0
209411,2002.933307,0,48,2.0
209431,2002.953314,0,176,2.0
209451,2002.973304,0,48,2.0
209471,2002.993319,0,48,2.0
209491,2003.013305,0,48,2.0
209511,2003.033303,0,48,2.0
209531,2003.053311,0,176,2.0
209551,2003.073303,0,48,2.0
209571,2003.093312,0,176,2.0
209591,2003.113350,0,176,2.0
209611,2003.132881,0,176,2.0
209631,2003.152884,0,176,2.0
209651,2003.172881,0,176,2.0
209671,2003.193894,0,176,2.0
209691,2003.212881,0,176,2.0
209711,2003.232885,0,48,2.0
209731,2003.252878,0,48,2.0
209751,2003.272882,0,48,2.0
209771,2003.292879,0,176,2.0
209791,2003.312938,0,48,2.0
209811,2003.332881,0,48,2.0
209831,2003.352881,0,48,2.0
209851,2003.372878,0,48,2.0
209871,2003.392878,0,48,2.0
209891,2003.412873,0,48,2.0
209911,2003.432877,0,176,2.0
209931,2003.452874,0,176,2.0
209951,2003.472874,0,48,2.0
209971,2003.492879,0,48,2.0
209991,2003.512875,0,48,2.0
210011,2003.532874,0,48,2.0
210031,2003.552930,0,176,2.0
210051,2003.572874,0,48,2.0
210071,2003.592873,0,48,2.0
210091,2003.612871,0,176,2.0
210111,2003.632870,0,176,2.0
210131,2003.652871,0,176,2.0
210151,2003.672868,0,176,2.0
210171,2003.692872,0,48,2.0
210191,2003.712875,0,48,2.0
210211,2003.732869,0,48,2.0
210231,2003.752868,0,48,2.0
210251,2003.772870,0,48,2.0
210271,2003.792868,0,48,2.0
210291,2003.812864,0,176,2.0
210311,2003.832863,0,48,2.0
210331,2003.851863,0,48,2.0
210351,2003.871863,0,48,2.0
210371,2003.891869,0,48,2.0
210391,2003.911867,0,48,2.0
210411,2003.931864,0,48,2.0
210431,2003.951866,0,48,2.0
210451,2003.971867,0,48,2.0
210471,2003.991864,0,48,2.0
210491,2004.011861,0,48,2.0
210511,2004.031865,0,48,2.0
210531,2004.051864,0,48,2.0
210551,2004.071853,0,48,2.0
210571,2004.091865,0,48,2.0
210591,2004.111859,0,176,2.0
210611,2004.131859,0,176,2.0
210631,2004.151859,0,176,2.0
210651,2004.171856,0,176,2.0
210671,2004.191867,0,48,2.0
210691,2004.211858,0,48,2.0
210711,2004.231855,0,48,2.0
210731,2004.251859,0,48,2.0
210751,2004.271855,0,176,2.0
210771,2004.291872,0,176,2.0
210791,2004.312276,0,48,2.0
210811,2004.332274,0,48,2.0
210831,2004.352274,0,176,2.0
210851,2004.372276,0,48,2.0
210871,2004.392326,0,48,2.0
210891,2004.412275,0,48,2.0
210911,2004.432272,0,48,2.0
210931,2004.452275,0,48,2.0
210951,2004.472277,0,176,2.0
210971,2004.492288,0,48,2.0
210991,2004.512270,0,48,2.0
211011,2004.532269,0,48,2.0
211031,2004.552269,0,176,2.0
211051,2004.572273,0,176,2.0
211071,2004.592280,0,176,2.0
211091,2004.612271,0,176,2.0
211111,2004.632268,0,176,2.0
211131,2004.652267,0,176,2.0
211151,2004.672267,0,176,2.0
211171,2004.691272,0,48,2.0
211191,2004.711265,0,176,2.0
211211,2004.731268,0,48,2.0
211231,2004.751263,0,48,2.0
211251,2004.771263,0,176,2.0
211271,2004.791278,0,176,2.0
211291,2004.811267,0,48,2.0
211311,2004.831265,0,176,2.0
211331,2004.851261,0,176,2.0
211351,2004.871264,0,48,2.0
211371,2004.891267,0,48,2.0
211391,2004.911262,0,48,2.0
211411,2004.931259,0,176,2.0
211431,2004.951265,0,176,2.0
211451,2004.971258,0,48,2.0
211471,2004.991266,0,48,2.0
211491,2005.011264,0,48,2.0
211511,2005.031259,0,48,2.0
211531,2005.051258,0,48,2.0
211551,2005.071257,0,48,2.0
211571,2005.091257,0,176,2.0
211591,2005.111261,0,48,2.0
211611,2005.131255,0,48,2.0
211631,2005.151256,0,48,2.0
211651,2005.171257,0,48,2.0
211671,2005.191258,0,176,2.0
211691,2005.211260,0,176,2.0
211711,2005.231252,0,48,2.0
211731,2005.251254,0,48,2.0
211751,2005.271250,0,176,2.0
211771,2005.291276,0,48,2.0
211791,2005.311252,0,48,2.0
211811,2005.331250,0,48,2.0
211831,2005.351252,0,176,2.0
211851,2005.371252,0,48,2.0
211871,2005.391255,0,48,2.0
211891,2005.411254,0,48,2.0
211911,2005.431262,0,176,2.0
211931,2005.451250,0,48,2.0
211951,2005.471248,0,48,2.0
211971,2005.491250,0,48,2.0
211991,2005.511248,0,176,2.0
212011,2005.531248,0,48,2.0
212031,2005.551248,0,48,2.0
212051,2005.571245,0,48,2.0
212071,2005.591249,0,48,2.0
212091,2005.611246,0,48,2.0
212111,2005.631276,0,176,2.0
212131,2005.651246,0,48,2.0
212151,2005.671241,0,48,2.0
212171,2005.691247,0,48,2.0
212191,2005.711242,0,176,2.0
212211,2005.731251,0,176,2.0
212231,2005.751248,0,48,2.0
212251,2005.771243,0,48,2.0
212271,2005.791263,0,176,2.0
212291,2005.811243,0,48,2.0
212311,2005.831241,0,48,2.0
212331,2005.851254,0,48,2.0
212351,2005.871238,0,48,2.0
212371,2005.891242,0,176,2.0
212391,2005.911238,0,48,2.0
212411,2005.931238,0,48,2.0
212431,2005.951240,0,48,2.0
212451,2005.971242,0,48,2.0
212471,2005.991238,0,176,2.0
212491,2006.011242,0,48,2.0
212511,2006.031235,0,176,2.0
212531,2006.050254,0,48,2.0
212551,2006.071236,0,48,2.0
212571,2006.091239,0,176,2.0
212591,2006.111233,0,48,2.0
212611,2006.130235,0,48,2.0
212631,2006.151238,0,176,2.0
212651,2006.170231,0,176,2.0
212671,2006.190232,0,176,2.0
212691,2006.210230,0,48,2.0
212711,2006.230231,0,48,2.0
212731,2006.250233,0,48,2.0
212751,2006.270233,0,176,2.0
212771,2006.290231,0,176,2.0
212791,2006.310232,0,48,2.0
212811,2006.330229,0,48,2.0
212831,2006.350230,0,48,2.0
212851,2006.370231,0,48,2.0
212871,2006.390235,0,48,2.0
212891,2006.410228,0,48,2.0
212911,2006.430227,0,48,2.0
212931,2006.450232,0,48,2.0
212951,2006.470228,0,48,2.0
212971,2006.490250,0,48,2.0
212991,2006.510188,0,48,2.0
213011,2006.530199,0,48,2.0
213031,2006.550195,0,48,2.0
213051,2006.570193,0,48,2.0
213071,2006.590202,0,48,2.0
213091,2006.610194,0,48,2.0
213111,2006.630191,0,176,2.0
213131,2006.650190,0,48,2.0
213151,2006.670192,0,48,2.0
213171,2006.690224,0,48,2.0
213191,2006.710219,0,48,2.0
213211,2006.730217,0,48,2.0
213231,2006.750219,0,176,2.0
213251,2006.770219,0,48,2.0
213271,2006.790222,0,48,2.0
213291,2006.810224,0,48,2.0
213311,2006.830219,0,48,2.0
213331,2006.850217,0,48,2.0
213351,2006.870215,0,176,2.0
213371,2006.890218,0,48,2.0
213391,2006.910226,0,176,2.0
213411,2006.930214,0,48,2.0
213431,2006.950226,0,48,2.0
213451,2006.970218,0,176,2.0
213471,2006.990213,0,48,2.0
213491,2007.010213,0,48,2.0
213511,2007.030211,0,176,2.0
213531,2007.050211,0,48,2.0
213551,2007.070211,0,176,2.0
213571,2007.090246,0,48,2.0
213591,2007.110216,0,48,2.0
213611,2007.130210,0,176,2.0
213631,2007.150212,0,48,2.0
213651,2007.170210,0,176,2.0
213671,2007.190208,0,48,2.0
213691,2007.210208,0,48,2.0
213711,2007.230209,0,48,2.0
213731,2007.250212,0,48,2.0
213751,2007.270208,0,48,2.0
213771,2007.290203,0,48,2.0
213791,2007.310210,0,48,2.0
213811,2007.330207,0,176,2.0
213831,2007.350210,0,48,2.0
213851,2007.370208,0,48,2.0
213871,2007.390204,0,48,2.0
213891,2007.410206,0,48,2.0
213911,2007.430205,0,48,2.0
213931,2007.450204,0,48,2.0
213951,2007.470202,0,48,2.0
213971,2007.490203,0,176,2.0
213991,2007.510202,0,176,2.0
214011,2007.530204,0,48,2.0
214031,2007.550217,0,176,2.0
214051,2007.570209,0,48,2.0
214071,2007.590217,0,176,2.0
214091,2007.610198,0,48,2.0
214111,2007.630221,0,48,2.0
214131,2007.650201,0,176,2.0
214151,2007.669213,0,48,2.0
214171,2007.689194,0,176,2.0
214191,2007.709195,0,176,2.0
214211,2007.729197,0,176,2.0
214231,2007.749197,0,176,2.0
214251,2007.769206,0,176,2.0
214271,2007.789192,0,176,2.0
214291,2007.809194,0,176,2.0
214311,2007.829196,0,176,2.0
214331,2007.849192,0,176,2.0
214351,2007.869203,0,176,2.0
214371,2007.889194,0,48,2.0
214391,2007.909200,0,176,2.0
214411,2007.929258,0,48,2.0
214431,2007.949235,0,176,2.0
214451,2007.969191,0,48,2.0
214471,2007.989191,0,176,2.0
214491,2008.009188,0,48,2.0
214511,2008.029188,0,48,2.0
214531,2008.049187,0,176,2.0
214551,2008.069195,0,48,2.0
214571,2008.089184,0,176,2.0
214591,2008.109192,0,176,2.0
214611,2008.129253,0,48,2.0
214631,2008.149188,0,176,2.0
214651,2008.169191,0,48,2.0
214671,2008.189185,0,48,2.0
214691,2008.209207,0,48,2.0
214711,2008.229185,0,48,2.0
214731,2008.249187,0,48,2.0
214751,2008.269190,0,48,2.0
214771,2008.289182,0,48,2.0
214791,2008.309181,0,48,2.0
214811,2008.329189,0,48,2.0
214831,2008.349202,0,176,2.0
214851,2008.369183,0,48,2.0
214871,2008.389184,0,48,2.0
214891,2008.409182,0,48,2.0
214911,2008.429182,0,48,2.0
214931,2008.449178,0,48,2.0
214951,2008.469180,0,48,2.0
214971,2008.489176,0,48,2.0
214991,2008.509182,0,176,2.0
215011,2008.529175,0,48,2.0
215031,2008.549186,0,48,2.0
215051,2008.569198,0,176,2.0
215071,2008.589178,0,48,2.0
215091,2008.609172,0,48,2.0
215111,2008.629177,0,48,2.0
215131,2008.649172,0,176,2.0
215151,2008.669177,0,176,2.0
215171,2008.689170,0,48,2.0
215191,2008.709177,0,176,2.0
215211,2008.729169,0,176,2.0
215231,2008.749172,0,176,2.0
215251,2008.769189,0,48,2.0
215271,2008.789171,0,48,2.0
215291,2008.809187,0,48,2.0
215311,2008.829171,0,48,2.0
215331,2008.849167,0,48,2.0
215351,2008.869178,0,176,2.0
215371,2008.889164,0,48,2.0
215391,2008.909176,0,176,2.0
