cf_timestamp_ms,host_monotonic_s,range.zrange,stabilizer.roll,stabilizer.pitch
132555,1926.133111,747,-2.0686302185058594,2.7958288192749023
132575,1926.152094,747,-2.030573606491089,2.7523529529571533
132595,1926.172101,744,-1.966513752937317,2.688032388687134
132615,1926.192096,744,-1.9568753242492676,2.658529043197632
132635,1926.212107,747,-1.9766780138015747,2.6414637565612793
132655,1926.232123,747,-1.9424939155578613,2.610433578491211
132675,1926.252099,741,-1.9386224746704102,2.6309821605682373
132695,1926.273092,741,-1.9841887950897217,2.631927967071533
132715,1926.292099,744,-2.022697925567627,2.619468927383423
132735,1926.312095,744,-2.0277442932128906,2.608567953109741
132755,1926.332081,744,-2.0377581119537354,2.5271294116973877
132775,1926.352083,742,-2.051724910736084,2.488748788833618
132795,1926.373083,742,-2.0617282390594482,2.4857780933380127
132815,1926.392083,737,-2.0777032375335693,2.5060462951660156
132835,1926.412088,737,-2.111477851867676,2.5466580390930176
132855,1926.432078,747,-2.1579666137695312,2.558612823486328
132875,1926.452088,747,-2.170675277709961,2.5596916675567627
132895,1926.472079,744,-2.1524720191955566,2.559246778488159
132915,1926.492081,744,-2.1407225131988525,2.5750648975372314
132935,1926.512103,740,-2.161043882369995,2.6112711429595947
132955,1926.532106,740,-2.152996778488159,2.6045753955841064
132975,1926.552075,741,-2.1503419876098633,2.610668420791626
132995,1926.573077,741,-2.1898984909057617,2.6321210861206055
133015,1926.592079,740,-2.193269729614258,2.6104090213775635
133035,1926.612076,740,-2.14507794380188,2.5857481956481934
133055,1926.632074,740,-2.126826286315918,2.577564239501953
133075,1926.652073,745,-2.1610500812530518,2.568209648132324
133095,1926.673078,745,-2.1588003635406494,2.548499584197998
133115,1926.692081,740,-2.14711594581604,2.5369668006896973
133135,1926.712073,740,-2.1474881172180176,2.5519328117370605
133155,1926.732081,740,-2.1534323692321777,2.565967559814453
133175,1926.752080,740,-2.104382038116455,2.608121633529663
133195,1926.773084,745,-2.0636508464813232,2.6359941959381104
133215,1926.792076,745,-2.087827682495117,2.6576449871063232
133235,1926.812076,743,-2.0637528896331787,2.6990180015563965
133255,1926.832072,743,-2.027837038040161,2.7405192852020264
133275,1926.852075,742,-2.018873691558838,2.725954532623291
133295,1926.872070,742,-2.0401251316070557,2.73964786529541
133315,1926.892076,742,-2.0603673458099365,2.7443530559539795
133335,1926.912074,743,-2.044032573699951,2.7233705520629883
133355,1926.932069,743,-2.0527052879333496,2.7541732788085938
133375,1926.952070,743,-2.057842254638672,2.768321990966797
133395,1926.972077,743,-2.042022228240967,2.746708869934082
133415,1926.993071,745,-2.0465917587280273,2.7381432056427
133435,1927.012068,745,-2.0667457580566406,2.7145309448242188
133455,1927.032065,744,-2.088033437728882,2.703890323638916
133475,1927.052042,744,-2.109220504760742,2.706944465637207
133495,1927.073066,745,-2.1221330165863037,2.695474863052368
133515,1927.092066,745,-2.1294238567352295,2.693932294845581
133535,1927.112064,740,-2.12477445602417,2.666616916656494
133555,1927.132065,740,-2.1225147247314453,2.6272456645965576
133575,1927.152065,740,-2.151095390319824,2.643911123275757
133595,1927.172064,743,-2.181459665298462,2.6412017345428467
133615,1927.192072,743,-2.217067003250122,2.6981594562530518
133635,1927.212090,738,-2.2237932682037354,2.751462459564209
133655,1927.232065,738,-2.185708522796631,2.724461317062378
133675,1927.252064,744,-2.183795928955078,2.746941328048706
133695,1927.272071,744,-2.2178637981414795,2.794232130050659
133715,1927.292069,743,-2.186028480529785,2.821807861328125
133735,1927.312061,743,-2.154135227203369,2.7948741912841797
133755,1927.332078,745,-2.1666512489318848,2.7693772315979004
133775,1927.352067,745,-2.1634910106658936,2.7237088680267334
133795,1927.372065,748,-2.1253867149353027,2.7063238620758057
133815,1927.392070,748,-2.1100430488586426,2.665093183517456
133835,1927.412062,748,-2.1138999462127686,2.6212728023529053
133855,1927.432062,744,-2.1460814476013184,2.5715482234954834
133875,1927.452064,744,-2.1919162273406982,2.516294479370117
133895,1927.472060,743,-2.212397813796997,2.4599688053131104
133915,1927.492064,743,-2.2609243392944336,2.418705463409424
133935,1927.512063,743,-2.338226556777954,2.399848699569702
133955,1927.532037,743,-2.378660202026367,2.3828940391540527
133975,1927.552051,741,-2.386842727661133,2.4043853282928467
133995,1927.572058,741,-2.384800434112549,2.4237406253814697
134015,1927.592059,741,-2.4400529861450195,2.3852689266204834
134035,1927.612074,741,-2.563934087753296,2.4144389629364014
134055,1927.632034,741,-2.6630377769470215,2.410189151763916
134075,1927.652055,741,-2.665090799331665,2.4034583568573
134095,1927.672060,738,-2.6368391513824463,2.374272584915161
134115,1927.692061,738,-2.6469528675079346,2.3308465480804443
134135,1927.712058,738,-2.685190200805664,2.329136610031128
134155,1927.732026,737,-2.725349187850952,2.306894302368164
134175,1927.752052,737,-2.752438545227051,2.3005504608154297
134195,1927.772059,739,-2.7601847648620605,2.324937343597412
134215,1927.792032,739,-2.711966037750244,2.343571901321411
134235,1927.812061,740,-2.718397617340088,2.377520799636841
134255,1927.832068,740,-2.7468314170837402,2.4023025035858154
134275,1927.851047,743,-2.758807897567749,2.4249467849731445
134295,1927.872024,743,-2.706125259399414,2.4467124938964844
134315,1927.891063,739,-2.6520369052886963,2.458639621734619
134335,1927.911023,739,-2.6660454273223877,2.489140033721924
134355,1927.931047,738,-2.6397483348846436,2.444185733795166
134375,1927.951046,738,-2.6280770301818848,2.455325126647949
134395,1927.972050,738,-2.5970795154571533,2.4887776374816895
134415,1927.991049,740,-2.5478105545043945,2.4581634998321533
134435,1928.011040,740,-2.5148370265960693,2.459033489227295
134455,1928.031049,734,-2.525700330734253,2.421203136444092
134475,1928.051049,734,-2.5576419830322266,2.417534828186035
134495,1928.072049,741,-2.566938638687134,2.4340436458587646
134515,1928.092050,741,-2.568856954574585,2.432821035385132
134535,1928.111041,737,-2.5590531826019287,2.4077019691467285
134555,1928.132043,737,-2.532517671585083,2.4011640548706055
134575,1928.151042,738,-2.563892126083374,2.410585403442383
134595,1928.172044,738,-2.605168104171753,2.4142708778381348
134615,1928.191058,743,-2.605438470840454,2.442716360092163
134635,1928.211041,743,-2.5662753582000732,2.4631073474884033
134655,1928.232039,742,-2.590001344680786,2.474531650543213
134675,1928.251036,742,-2.646636486053467,2.444654941558838
134695,1928.272042,742,-2.623784065246582,2.43597149848938
134715,1928.291056,739,-2.5920259952545166,2.450742244720459
134735,1928.312038,739,-2.615370750427246,2.5145671367645264
134755,1928.331037,741,-2.635063886642456,2.540982246398926
134775,1928.351043,741,-2.6599538326263428,2.5287349224090576
134795,1928.372042,738,-2.6935455799102783,2.5384907722473145
134815,1928.391052,738,-2.6822428703308105,2.5433974266052246
134835,1928.411039,742,-2.6717944145202637,2.53955078125
134855,1928.432039,742,-2.6862688064575195,2.553018808364868
134875,1928.451044,735,-2.6812052726745605,2.548600673675537
134895,1928.472041,735,-2.7063956260681152,2.544330358505249
134915,1928.491052,738,-2.7749273777008057,2.561124801635742
134935,1928.512036,738,-2.8030858039855957,2.602720260620117
134955,1928.531037,738,-2.750999927520752,2.59600830078125
134975,1928.551038,736,-2.757505416870117,2.610060691833496
134995,1928.573036,736,-2.809107780456543,2.6242456436157227
135015,1928.591075,739,-2.8351428508758545,2.669858455657959
135035,1928.611039,739,-2.7816615104675293,2.672290325164795
135055,1928.631035,741,-2.7549030780792236,2.6806623935699463
135075,1928.651035,741,-2.775190591812134,2.695173978805542
135095,1928.672045,741,-2.7600810527801514,2.6867473125457764
135115,1928.691024,741,-2.7453973293304443,2.6953823566436768
135135,1928.711034,738,-2.777883768081665,2.7156949043273926
135155,1928.731024,738,-2.8108363151550293,2.7201104164123535
135175,1928.751031,741,-2.7978904247283936,2.731071949005127
135195,1928.772034,741,-2.780745506286621,2.7181828022003174
135215,1928.791034,737,-2.8172249794006348,2.728121519088745
135235,1928.811022,737,-2.788789749145508,2.729404926300049
135255,1928.832023,737,-2.7352216243743896,2.730804681777954
135275,1928.851019,742,-2.720081329345703,2.744837760925293
135295,1928.872033,742,-2.6834850311279297,2.7782976627349854
135315,1928.891024,742,-2.6356236934661865,2.823258638381958
135335,1928.911021,742,-2.6111624240875244,2.8745157718658447
135355,1928.932020,742,-2.6222927570343018,2.9151594638824463
135375,1928.951028,742,-2.6098275184631348,2.9265296459198
135395,1928.973032,741,-2.5642833709716797,2.911999464035034
135415,1928.992021,741,-2.534435510635376,2.895969867706299
135435,1929.011020,744,-2.526618480682373,2.8940327167510986
135455,1929.032019,744,-2.484044075012207,2.892151355743408
135475,1929.051020,740,-2.4564521312713623,2.8999414443969727
135495,1929.072029,740,-2.4573864936828613,2.915572166442871
135515,1929.092018,739,-2.474545955657959,2.873870611190796
135535,1929.111020,739,-2.466890573501587,2.869199752807617
135555,1929.132020,739,-2.431813955307007,2.887240409851074
135575,1929.150016,746,-2.4316565990448,2.9105796813964844
135595,1929.172029,746,-2.4620516300201416,2.9334986209869385
135615,1929.190013,742,-2.499130964279175,2.9304981231689453
135635,1929.210013,742,-2.528839111328125,2.913935422897339
135655,1929.230017,745,-2.5283069610595703,2.8806684017181396
135675,1929.251017,745,-2.5027897357940674,2.822249174118042
135695,1929.272028,743,-2.5178208351135254,2.787278175354004
135715,1929.290014,743,-2.561613082885742,2.755709409713745
135735,1929.310011,743,-2.6047449111938477,2.7425382137298584
135755,1929.330016,743,-2.5450973510742188,2.739320755004883
135775,1929.350013,744,-2.5174121856689453,2.6943938732147217
135795,1929.370021,744,-2.599543571472168,2.7024033069610596
135815,1929.390013,744,-2.624455690383911,2.7042009830474854
135835,1929.410012,747,-2.5764834880828857,2.7014262676239014
135855,1929.431013,747,-2.5819759368896484,2.7299745082855225
135875,1929.450011,746,-2.6228654384613037,2.7368075847625732
135895,1929.470016,746,-2.6239187717437744,2.7146477699279785
135915,1929.490032,744,-2.656193971633911,2.7189736366271973
135935,1929.510011,744,-2.670053243637085,2.71435284614563
135955,1929.530009,743,-2.63384747505188,2.6953577995300293
135975,1929.550008,743,-2.611259698867798,2.718607187271118
135995,1929.570014,744,-2.627751350402832,2.7148451805114746
136015,1929.590006,744,-2.6894123554229736,2.7014355659484863
136035,1929.610010,743,-2.6954360008239746,2.6927003860473633
136055,1929.630016,743,-2.6595005989074707,2.6774911880493164
136075,1929.650009,740,-2.6383187770843506,2.633782386779785
136095,1929.670015,740,-2.643911361694336,2.6079108715057373
136115,1929.690009,740,-2.666987895965576,2.5777204036712646
136135,1929.711006,745,-2.7577590942382812,2.5880773067474365
136155,1929.731007,745,-2.8062031269073486,2.6310577392578125
136175,1929.749997,740,-2.7913992404937744,2.6188433170318604
136195,1929.771004,740,-2.780308723449707,2.668785810470581
136215,1929.790006,746,-2.806340217590332,2.685115098953247
136235,1929.810007,746,-2.8259801864624023,2.696573495864868
136255,1929.830006,745,-2.840430498123169,2.7343618869781494
136275,1929.850995,745,-2.8708503246307373,2.7465567588806152
136295,1929.870998,743,-2.8905575275421143,2.7572672367095947
136315,1929.891021,743,-2.8886842727661133,2.7769181728363037
136335,1929.910016,745,-2.8892908096313477,2.7467598915100098
136355,1929.929999,745,-2.884207248687744,2.731998920440674
136375,1929.949995,745,-2.853022575378418,2.709639549255371
136395,1929.970014,742,-2.866002321243286,2.715285539627075
136415,1929.989999,742,-2.8738715648651123,2.6954872608184814
136435,1930.009999,745,-2.8219549655914307,2.6403110027313232
136455,1930.029999,745,-2.8057448863983154,2.6136059761047363
136475,1930.050007,743,-2.842649459838867,2.59621524810791
136495,1930.070016,743,-2.8622875213623047,2.605738401412964
136515,1930.089997,749,-2.8127079010009766,2.602574110031128
136535,1930.110071,749,-2.7244303226470947,2.5896639823913574
136555,1930.129991,747,-2.720404624938965,2.590056896209717
136575,1930.149990,747,-2.7690365314483643,2.6424806118011475
136595,1930.170010,745,-2.7537424564361572,2.6308281421661377
136615,1930.190020,745,-2.7584187984466553,2.6514060497283936
136635,1930.209988,745,-2.775329113006592,2.6952404975891113
136655,1930.229996,744,-2.7918429374694824,2.6890881061553955
136675,1930.249937,744,-2.7745540142059326,2.688758134841919
136695,1930.269965,741,-2.7909631729125977,2.71821665763855
136715,1930.289959,741,-2.8210318088531494,2.7207155227661133
136735,1930.309958,747,-2.8108391761779785,2.7095844745635986
136755,1930.330011,747,-2.7811598777770996,2.7099180221557617
136775,1930.349998,745,-2.806079864501953,2.707641363143921
136795,1930.369997,745,-2.875028371810913,2.6782631874084473
136815,1930.389984,745,-2.971311092376709,2.6691503524780273
136835,1930.409987,745,-3.0627808570861816,2.6548211574554443
136855,1930.430986,745,-3.1870226860046387,2.6058740615844727
136875,1930.450985,745,-3.3516998291015625,2.5697097778320312
136895,1930.470985,748,-3.466132640838623,2.61605167388916
136915,1930.489982,748,-3.5610432624816895,2.617567539215088
136935,1930.509986,748,-3.676772117614746,2.6308298110961914
136955,1930.530984,754,-3.8028318881988525,2.6975340843200684
136975,1930.550007,754,-3.889251708984375,2.7529654502868652
136995,1930.570984,753,-3.9288830757141113,2.7441887855529785
137015,1930.590998,753,-3.9619791507720947,2.7961409091949463
137035,1930.609979,755,-4.042458534240723,2.7617805004119873
137055,1930.630983,755,-4.10680627822876,2.8154642581939697
137075,1930.650980,755,-4.1424102783203125,2.9674527645111084
137095,1930.669989,755,-4.172183513641357,3.0116307735443115
137115,1930.689979,763,-4.072216987609863,2.961719512939453
137135,1930.709976,763,-4.01960563659668,2.925994634628296
137155,1930.729979,765,-3.999263048171997,2.7591910362243652
137175,1930.749993,765,-4.134332656860352,2.7435221672058105
137195,1930.769986,773,-4.195952892303467,2.8968758583068848
137215,1930.789976,773,-4.125179290771484,2.7980806827545166
137235,1930.808975,773,-4.082419395446777,2.7399120330810547
137255,1930.828980,777,-4.050356388092041,2.732221841812134
137275,1930.849972,777,-3.9833109378814697,2.5805141925811768
137295,1930.869981,788,-3.854580879211426,2.523837089538574
137315,1930.889974,788,-3.819812536239624,2.468827724456787
137335,1930.908978,788,-3.858391523361206,2.5302610397338867
137355,1930.929972,788,-3.7752182483673096,2.5906052589416504
137375,1930.950558,798,-3.7312326431274414,2.56404709815979
137395,1930.969558,798,-3.617366075515747,2.5569512844085693
137415,1930.989516,806,-3.49591326713562,2.6482818126678467
137435,1931.009522,806,-3.31630277633667,2.787834405899048
137455,1931.029518,812,-3.111527442932129,2.9296932220458984
137475,1931.049538,812,-3.1214535236358643,3.0580320358276367
137495,1931.069535,812,-3.1709203720092773,3.1207146644592285
137515,1931.089535,817,-2.951105833053589,3.039397716522217
137535,1931.108537,817,-2.7820489406585693,2.991028308868408
137555,1931.129540,830,-2.8592112064361572,2.9178240299224854
137575,1931.149551,830,-2.874347448348999,2.9944326877593994
137595,1931.169534,839,-2.8476710319519043,3.0296719074249268
137615,1931.188533,839,-2.87375545501709,2.858940839767456
137635,1931.208531,848,-2.9068143367767334,2.6780550479888916
137655,1931.228531,848,-2.91654372215271,2.613246202468872
137675,1931.249534,855,-2.9515810012817383,2.622530221939087
137695,1931.269530,855,-2.917931318283081,2.627270460128784
137715,1931.289528,869,-2.876314878463745,2.537653923034668
137735,1931.309527,869,-2.877089500427246,2.4782567024230957
137755,1931.329530,880,-2.921383857727051,2.595266342163086
137775,1931.349559,880,-2.8839333057403564,2.696803569793701
137795,1931.369553,889,-2.847996234893799,2.709935426712036
137815,1931.389546,889,-2.870116949081421,2.732390880584717
137835,1931.409546,900,-2.7866876125335693,2.7612147331237793
137855,1931.429544,900,-2.740140199661255,2.784053325653076
137875,1931.448545,900,-2.732560634613037,2.738161087036133
137895,1931.469543,903,-2.8067092895507812,2.643449306488037
137915,1931.489543,903,-2.941112995147705,2.6804184913635254
137935,1931.509560,915,-3.084678888320923,2.74817156791687
137955,1931.529560,915,-3.274380922317505,2.8847813606262207
137975,1931.549558,922,-3.272378444671631,3.00093150138855
137995,1931.569550,922,-3.1451632976531982,2.9055299758911133
138015,1931.589539,935,-3.213374137878418,3.061159133911133
138035,1931.609540,935,-3.3453094959259033,3.208601713180542
138055,1931.629540,941,-3.5939888954162598,3.1310133934020996
138075,1931.649538,941,-3.9447410106658936,3.2253825664520264
138095,1931.669556,949,-4.174368381500244,3.361727476119995
138115,1931.689554,949,-4.383083820343018,3.521005868911743
138135,1931.708554,957,-4.595107555389404,3.5128173828125
138155,1931.729555,957,-4.843911170959473,3.5171334743499756
138175,1931.748553,963,-5.085223197937012,3.3572378158569336
138195,1931.768552,963,-5.127234935760498,3.0939576625823975
138215,1931.788560,968,-5.18043851852417,3.248823881149292
138235,1931.808552,968,-5.404011249542236,3.300501585006714
138255,1931.828549,968,-5.575357437133789,3.0861740112304688
138275,1931.848550,971,-5.573519229888916,2.95149302482605
138295,1931.868549,971,-5.55014705657959,2.855785608291626
138315,1931.888551,986,-5.489025592803955,2.733203887939453
138335,1931.908550,986,-5.381840229034424,2.7496113777160645
138355,1931.928549,985,-5.377893924713135,2.9336140155792236
138375,1931.948525,985,-5.3976216316223145,3.0430877208709717
138395,1931.968511,990,-5.339988708496094,3.262031078338623
138415,1931.988515,990,-5.294493198394775,3.404022693634033
138435,1932.008549,991,-5.270005226135254,3.249436378479004
138455,1932.028545,991,-5.159311294555664,3.154390335083008
138475,1932.048548,1005,-5.075870513916016,3.2608861923217773
138495,1932.068544,1005,-5.052158832550049,3.3936033248901367
138515,1932.088545,1007,-5.040306091308594,3.580406904220581
138535,1932.108545,1007,-4.947789192199707,3.715153455734253
138555,1932.128542,1007,-4.816106796264648,3.589996814727783
138575,1932.148545,1013,-4.825379848480225,3.566416025161743
138595,1932.168543,1013,-4.8479180335998535,3.6622862815856934
138615,1932.188545,1020,-4.783918380737305,3.7230732440948486
138635,1932.208542,1020,-4.713531970977783,3.510124683380127
138655,1932.228546,1025,-4.707042217254639,3.3380043506622314
138675,1932.248546,1025,-4.650557041168213,3.287369966506958
138695,1932.268543,1025,-4.588912487030029,3.165814161300659
138715,1932.288539,1025,-4.631717205047607,3.151762008666992
138735,1932.308543,1031,-4.610332489013672,3.2607169151306152
138755,1932.328541,1031,-4.591860771179199,3.446913003921509
138775,1932.347541,1030,-4.518229007720947,3.204789876937866
138795,1932.368539,1030,-4.556607723236084,2.958566188812256
138815,1932.388541,1034,-4.63657283782959,2.862940549850464
138835,1932.407547,1034,-4.712398052215576,2.885561466217041
138855,1932.427537,1036,-4.780576229095459,2.833907127380371
138875,1932.447538,1036,-4.80513334274292,2.680621385574341
138895,1932.467537,1036,-4.812712669372559,2.4466543197631836
138915,1932.487540,1032,-4.853842258453369,2.348292589187622
138935,1932.507546,1032,-4.8241143226623535,2.218193531036377
138955,1932.527534,1023,-4.7446489334106445,2.061373710632324
138975,1932.547536,1023,-4.62306022644043,1.8942517042160034
138995,1932.567534,1026,-4.640486717224121,1.7849349975585938
139015,1932.587536,1026,-4.631765365600586,1.6132988929748535
139035,1932.607537,1027,-4.633129119873047,1.4842922687530518
139055,1932.627533,1027,-4.712033271789551,1.5216243267059326
139075,1932.647532,1021,-4.750218391418457,1.4733012914657593
139095,1932.667530,1021,-4.690221309661865,1.4413467645645142
139115,1932.687548,1018,-4.698588848114014,1.442509651184082
139135,1932.707525,1018,-4.80648946762085,1.3941264152526855
139155,1932.727515,1023,-4.869140148162842,1.442825436592102
139175,1932.747538,1023,-4.870742321014404,1.3973591327667236
139195,1932.767531,1020,-4.882340431213379,1.3542512655258179
139215,1932.787534,1020,-4.891319751739502,1.4545975923538208
139235,1932.807536,1020,-4.816463947296143,1.4418317079544067
139255,1932.827528,1025,-4.787054061889648,1.3982911109924316
139275,1932.847532,1025,-4.872848033905029,1.5333917140960693
139295,1932.867530,1031,-4.890896797180176,1.495011568069458
139315,1932.887530,1031,-4.812921047210693,1.4477641582489014
139335,1932.907532,1018,-4.805110454559326,1.4369686841964722
139355,1932.927525,1018,-4.79396390914917,1.419472575187683
139375,1932.947526,1024,-4.798922061920166,1.4514944553375244
139395,1932.967525,1024,-4.833737373352051,1.5280051231384277
139415,1932.987530,1031,-4.779849052429199,1.5223115682601929
139435,1933.007531,1031,-4.645696640014648,1.4171032905578613
139455,1933.027525,1030,-4.597873210906982,1.4111425876617432
139475,1933.048528,1030,-4.592390060424805,1.4280203580856323
139495,1933.067524,1020,-4.5425004959106445,1.4729955196380615
139515,1933.087527,1020,-4.533510684967041,1.5102465152740479
139535,1933.107527,1029,-4.559512615203857,1.4869533777236938
139555,1933.127521,1029,-4.529734134674072,1.5636533498764038
139575,1933.147531,1023,-4.508479118347168,1.573085069656372
139595,1933.168520,1023,-4.533707141876221,1.5889780521392822
139615,1933.188521,1023,-4.501621246337891,1.5475281476974487
139635,1933.207539,1031,-4.417799949645996,1.6090021133422852
139655,1933.228519,1031,-4.41738224029541,1.6489838361740112
139675,1933.248521,1031,-4.485342025756836,1.6995905637741089
139695,1933.267523,1031,-4.509139537811279,1.8580518960952759
139715,1933.288520,1030,-4.480993747711182,1.8898462057113647
139735,1933.308518,1030,-4.538341045379639,1.8937865495681763
139755,1933.328518,1029,-4.637325286865234,1.9864052534103394
139775,1933.348520,1029,-4.6065354347229,2.0436384677886963
139795,1933.367515,1035,-4.522850036621094,1.9839749336242676
139815,1933.387519,1035,-4.496455669403076,1.9351962804794312
139835,1933.407529,1032,-4.537912845611572,1.9633936882019043
139855,1933.427518,1032,-4.603970050811768,1.9998297691345215
139875,1933.447512,1040,-4.638311386108398,2.027367353439331
139895,1933.467513,1040,-4.532559394836426,1.899863600730896
139915,1933.487515,1041,-4.478451728820801,1.817752718925476
139935,1933.507514,1041,-4.532336711883545,1.835855484008789
139955,1933.527511,1041,-4.540565490722656,1.8612138032913208
139975,1933.547511,1033,-4.517539024353027,1.81694757938385
139995,1933.567517,1033,-4.5662312507629395,1.7264885902404785
140015,1933.587515,1035,-4.564913272857666,1.6753395795822144
140035,1933.607511,1035,-4.522912502288818,1.6920679807662964
140055,1933.627509,1038,-4.570018291473389,1.6751978397369385
140075,1933.647508,1038,-4.66003942489624,1.7011568546295166
140095,1933.667508,1036,-4.668869972229004,1.7651770114898682
140115,1933.687510,1036,-4.574297904968262,1.7023532390594482
140135,1933.707519,1033,-4.525033950805664,1.6787594556808472
140155,1933.727494,1033,-4.5593647956848145,1.7424770593643188
140175,1933.747486,1039,-4.551091194152832,1.8345208168029785
140195,1933.767487,1039,-4.559694290161133,1.9682841300964355
140215,1933.787495,1036,-4.587223052978516,1.9655567407608032
140235,1933.807497,1036,-4.568740367889404,1.9572430849075317
140255,1933.827496,1034,-4.604648113250732,2.0201425552368164
140275,1933.847488,1034,-4.689313888549805,2.0842719078063965
140295,1933.867490,1034,-4.634999752044678,2.127753973007202
140315,1933.887496,1043,-4.569627285003662,2.143083095550537
140335,1933.907487,1043,-4.623787879943848,2.0640835762023926
140355,1933.927504,1045,-4.679789066314697,2.068366050720215
140375,1933.946501,1045,-4.592848777770996,2.1034862995147705
140395,1933.966501,1045,-4.528332710266113,2.158641815185547
140415,1933.987505,1045,-4.531497955322266,2.0914437770843506
140435,1934.007500,1038,-4.538841247558594,2.0820133686065674
140455,1934.026498,1038,-4.480672359466553,2.1101906299591064
140475,1934.047511,1045,-4.438571929931641,2.132826805114746
140495,1934.066502,1045,-4.435410022735596,2.031299591064453
140515,1934.086547,1040,-4.432796955108643,1.9858368635177612
140535,1934.107500,1040,-4.4416279792785645,1.976413369178772
140555,1934.127499,1046,-4.422420024871826,1.9829399585723877
140575,1934.147500,1046,-4.358250617980957,2.0587918758392334
140595,1934.166498,1043,-4.310064792633057,1.8958728313446045
140615,1934.187503,1043,-4.371011734008789,1.8642240762710571
140635,1934.207500,1045,-4.3927507400512695,1.9457793235778809
140655,1934.226494,1045,-4.333085536956787,1.9528145790100098
140675,1934.246506,1045,-4.310225009918213,1.8974432945251465
140695,1934.266496,1040,-4.3574113845825195,1.9078751802444458
140715,1934.286541,1040,-4.413707733154297,1.8807913064956665
140735,1934.306515,1045,-4.4423394203186035,1.8901232481002808
140755,1934.326492,1045,-4.408480644226074,1.8637393712997437
140775,1934.346489,1039,-4.389143466949463,1.8324227333068848
140795,1934.366496,1039,-4.431488990783691,1.9623076915740967
140815,1934.386559,1045,-4.473998069763184,1.980268955230713
140835,1934.406492,1045,-4.492995738983154,1.9320276975631714
140855,1934.426494,1045,-4.446800708770752,1.9800113439559937
140875,1934.446492,1045,-4.385721206665039,1.9845008850097656
140895,1934.466497,1046,-4.412734031677246,2.0450525283813477
140915,1934.486541,1046,-4.4458394050598145,2.0368845462799072
140935,1934.506489,1047,-4.402595043182373,1.9385063648223877
140955,1934.526490,1047,-4.438429355621338,1.9511443376541138
140975,1934.546491,1040,-4.469808101654053,1.9938713312149048
140995,1934.566485,1040,-4.391901016235352,2.0126898288726807
141015,1934.586538,1042,-4.331490993499756,1.9582329988479614
141035,1934.606490,1042,-4.320237636566162,1.9196956157684326
141055,1934.626485,1042,-4.291384696960449,2.006344795227051
141075,1934.646486,1048,-4.218491554260254,2.0355942249298096
141095,1934.666501,1048,-4.1833600997924805,2.0330216884613037
141115,1934.686544,1044,-4.1491265296936035,2.118469476699829
141135,1934.706487,1044,-4.078011989593506,2.209672689437866
141155,1934.726488,1047,-3.9713714122772217,2.234600305557251
141175,1934.746471,1047,-3.895077705383301,2.2206971645355225
141195,1934.766465,1048,-3.898519277572632,2.255525588989258
141215,1934.786464,1048,-3.8825807571411133,2.2554590702056885
141235,1934.806466,1045,-3.837385654449463,2.242368459701538
141255,1934.826464,1045,-3.78999662399292,2.2346949577331543
141275,1934.846460,1046,-3.794896364212036,2.2718446254730225
141295,1934.866490,1046,-3.7787926197052,2.3354320526123047
141315,1934.887469,1050,-3.7029757499694824,2.283149003982544
141335,1934.906463,1050,-3.713456153869629,2.403794527053833
141355,1934.926483,1050,-3.7335822582244873,2.3999595642089844
141375,1934.946482,1050,-3.718996286392212,2.410954713821411
141395,1934.966480,1050,-3.673362970352173,2.422454833984375
141415,1934.986540,1048,-3.650989055633545,2.426459312438965
141435,1935.006480,1048,-3.6376094818115234,2.529620885848999
141455,1935.026478,1048,-3.6344404220581055,2.457653045654297
141475,1935.046476,1048,-3.660541534423828,2.4503023624420166
141495,1935.066476,1046,-3.6801962852478027,2.506075859069824
141515,1935.086572,1046,-3.712989568710327,2.5599913597106934
141535,1935.106476,1035,-3.7507357597351074,2.566863536834717
141555,1935.126475,1035,-3.759786367416382,2.5336458683013916
141575,1935.146476,1040,-3.7543156147003174,2.5060513019561768
141595,1935.166475,1040,-3.7492361068725586,2.432854175567627
141615,1935.186549,1046,-3.825143814086914,2.4498729705810547
141635,1935.206471,1046,-3.856926441192627,2.428300380706787
141655,1935.226472,1051,-3.8030965328216553,2.3815863132476807
141675,1935.246476,1051,-3.741079330444336,2.385667085647583
141695,1935.266472,1051,-3.740981101989746,2.352297067642212
141715,1935.285472,1047,-3.800691843032837,2.327763557434082
141735,1935.305472,1047,-3.8663601875305176,2.286378860473633
141755,1935.325472,1044,-3.8422884941101074,2.162635564804077
141775,1935.345469,1044,-3.7913694381713867,2.1528985500335693
141795,1935.365470,1047,-3.7724971771240234,2.1403615474700928
141815,1935.386534,1047,-3.7782914638519287,2.1232826709747314
141835,1935.405469,1043,-3.7808587551116943,2.0903072357177734
141855,1935.425470,1043,-3.7661831378936768,2.023557424545288
141875,1935.445466,1045,-3.8137733936309814,2.1158690452575684
141895,1935.465465,1045,-3.7954437732696533,2.0849571228027344
141915,1935.486536,1042,-3.7866485118865967,2.043073892593384
141935,1935.505468,1042,-3.870445489883423,2.0461065769195557
141955,1935.525465,1039,-3.915332794189453,1.9395217895507812
141975,1935.545463,1039,-3.925259590148926,1.9533565044403076
141995,1935.565466,1038,-3.9164435863494873,2.006812334060669
142015,1935.586546,1038,-3.862339973449707,2.0223546028137207
142035,1935.605465,1038,-3.8642139434814453,2.000617265701294
142055,1935.625461,1041,-3.873307466506958,1.8940900564193726
142075,1935.645463,1041,-3.885145902633667,1.9115544557571411
142095,1935.665473,1043,-3.916029930114746,1.9382470846176147
142115,1935.686530,1043,-3.9387106895446777,1.8723933696746826
142135,1935.705460,1044,-3.9641613960266113,1.9063146114349365
142155,1935.725465,1044,-3.9437954425811768,1.9284374713897705
142175,1935.745466,1042,-3.8953425884246826,1.8947982788085938
142195,1935.765466,1042,-3.8425114154815674,1.8399548530578613
142215,1935.786531,1048,-3.800766944885254,1.87368643283844
142235,1935.805460,1048,-3.7785167694091797,1.861138939857483
142255,1935.825461,1041,-3.7895824909210205,1.813681960105896
142275,1935.845461,1041,-3.832786798477173,1.8602516651153564
142295,1935.865458,1041,-3.823355197906494,1.824099063873291
142315,1935.886530,1041,-3.805914878845215,1.879422903060913
142335,1935.906458,1044,-3.7952733039855957,1.9144483804702759
142355,1935.925458,1044,-3.774217128753662,1.8358381986618042
142375,1935.945467,1039,-3.782097578048706,1.8440797328948975
142395,1935.965455,1039,-3.811340570449829,1.9031081199645996
142415,1935.986546,1039,-3.788055658340454,1.8447701930999756
142435,1936.005491,1044,-3.723391532897949,1.902515172958374
142455,1936.025393,1044,-3.697100877761841,1.9170994758605957
142475,1936.045406,1040,-3.7395517826080322,1.9278850555419922
142495,1936.065421,1040,-3.7233314514160156,1.9793413877487183
142515,1936.085420,1042,-3.698477268218994,1.9371764659881592
142535,1936.105421,1042,-3.699753999710083,1.932454228401184
142555,1936.126422,1045,-3.702141284942627,1.9328314065933228
142575,1936.145452,1045,-3.673583745956421,1.8965827226638794
142595,1936.165456,1046,-3.6346938610076904,1.9094674587249756
142615,1936.185454,1046,-3.665097236633301,1.8855797052383423
142635,1936.205448,1036,-3.6524713039398193,1.8234258890151978
142655,1936.226449,1036,-3.6420164108276367,1.8203237056732178
142675,1936.245451,1040,-3.635521173477173,1.797208547592163
142695,1936.265452,1040,-3.578796625137329,1.8009709119796753
142715,1936.285459,1040,-3.5644235610961914,1.7844680547714233
142735,1936.305447,1042,-3.6166810989379883,1.7779613733291626
142755,1936.325448,1042,-3.641937255859375,1.7027357816696167
142775,1936.345479,1045,-3.602971076965332,1.7097517251968384
142795,1936.365449,1045,-3.5632917881011963,1.7025924921035767
142815,1936.385448,1039,-3.591855764389038,1.6710684299468994
142835,1936.405447,1039,-3.6146090030670166,1.5713880062103271
142855,1936.425445,1049,-3.6160411834716797,1.5477235317230225
142875,1936.445451,1049,-3.5552961826324463,1.6038093566894531
142895,1936.465444,1045,-3.4693925380706787,1.5577406883239746
142915,1936.486552,1045,-3.465742826461792,1.564423680305481
142935,1936.505444,1037,-3.534825325012207,1.5961381196975708
142955,1936.525441,1037,-3.5335330963134766,1.5853832960128784
142975,1936.545459,1043,-3.5018818378448486,1.5893253087997437
142995,1936.565445,1043,-3.5337073802948,1.5540075302124023
143015,1936.586534,1042,-3.5714664459228516,1.560948371887207
143035,1936.605441,1042,-3.5450282096862793,1.5138269662857056
143055,1936.625442,1050,-3.5427396297454834,1.4327400922775269
143075,1936.645442,1050,-3.6107194423675537,1.4259586334228516
143095,1936.665439,1050,-3.664546012878418,1.3639389276504517
143115,1936.686519,1049,-3.6716644763946533,1.337710976600647
143135,1936.705441,1049,-3.665839910507202,1.3249706029891968
143155,1936.725438,1045,-3.660956859588623,1.2836302518844604
143175,1936.745437,1045,-3.668523073196411,1.258587121963501
143195,1936.765451,1042,-3.6566884517669678,1.272655725479126
143215,1936.786533,1042,-3.684238910675049,1.2610173225402832
143235,1936.805438,1047,-3.7087550163269043,1.25485098361969
143255,1936.825437,1047,-3.7343313694000244,1.263027310371399
143275,1936.845437,1042,-3.7759180068969727,1.3275680541992188
143295,1936.865436,1042,-3.8027780055999756,1.3115571737289429
143315,1936.886516,1041,-3.8452460765838623,1.3101303577423096
143335,1936.905435,1041,-3.8208303451538086,1.2809953689575195
143355,1936.925436,1050,-3.840620756149292,1.3152682781219482
143375,1936.945432,1050,-3.870389223098755,1.3844695091247559
143395,1936.965449,1044,-3.8580706119537354,1.3548716306686401
143415,1936.986523,1044,-3.8689937591552734,1.329679250717163
143435,1937.004434,1044,-3.894207000732422,1.3796793222427368
143455,1937.025434,1042,-3.9059643745422363,1.2961783409118652
143475,1937.045431,1042,-3.94111704826355,1.2784943580627441
143495,1937.064434,1044,-3.9330062866210938,1.2860826253890991
143515,1937.086515,1044,-3.931022882461548,1.293352484703064
143535,1937.104431,1055,-3.9861042499542236,1.309154987335205
143555,1937.125429,1055,-4.000413417816162,1.2459157705307007
143575,1937.144428,1046,-3.9766345024108887,1.2658274173736572
143595,1937.165433,1046,-3.966360569000244,1.2922377586364746
143615,1937.186420,1035,-3.9655773639678955,1.3329079151153564
143635,1937.204418,1035,-3.9372735023498535,1.4156023263931274
143655,1937.225417,1042,-3.9055914878845215,1.393267035484314
143675,1937.244418,1042,-3.9410266876220703,1.394044041633606
143695,1937.264417,1040,-3.916142463684082,1.3157175779342651
143715,1937.287438,1040,-3.877415895462036,1.3372682332992554
143735,1937.304414,1040,-3.8781628608703613,1.3405097723007202
143755,1937.325427,1045,-3.912461042404175,1.4473427534103394
143775,1937.344427,1045,-3.849273204803467,1.4914088249206543
143795,1937.364428,1041,-3.7983508110046387,1.4039212465286255
143815,1937.386546,1041,-3.804708957672119,1.4535287618637085
143835,1937.405424,1042,-3.7928009033203125,1.4194073677062988
143855,1937.424426,1042,-3.7870264053344727,1.3975814580917358
143875,1937.444422,1050,-3.805636405944824,1.4302561283111572
143895,1937.464424,1050,-3.8218069076538086,1.4016486406326294
143915,1937.486511,1051,-3.816690683364868,1.404105305671692
143935,1937.504424,1051,-3.82002592086792,1.4234459400177002
143955,1937.524426,1049,-3.8738129138946533,1.4153748750686646
143975,1937.544421,1049,-3.9271633625030518,1.4700430631637573
143995,1937.564420,1047,-3.909881830215454,1.5002753734588623
144015,1937.585440,1047,-3.894519805908203,1.4717806577682495
144035,1937.604423,1056,-3.9592525959014893,1.4545291662216187
144055,1937.624421,1056,-3.9844319820404053,1.4392368793487549
144075,1937.644421,1050,-3.9583027362823486,1.4424339532852173
144095,1937.664416,1050,-3.942593812942505,1.4163249731063843
144115,1937.685436,1050,-3.9787800312042236,1.3429417610168457
144135,1937.704418,1047,-4.065445423126221,1.2496999502182007
144155,1937.724420,1047,-4.119387626647949,1.2171385288238525
144175,1937.744415,1044,-4.121158599853516,1.2284290790557861
144195,1937.765416,1044,-4.114719390869141,1.176446557044983
144215,1937.785438,1046,-4.141297817230225,1.1576426029205322
144235,1937.804424,1046,-4.198423862457275,1.1508793830871582
144255,1937.824420,1052,-4.262182235717773,1.2589045763015747
144275,1937.844413,1052,-4.278674602508545,1.2728594541549683
144295,1937.864412,1043,-4.238830089569092,1.2259156703948975
144315,1937.885432,1043,-4.222548007965088,1.218613624572754
144335,1937.904418,1042,-4.196442604064941,1.1443054676055908
144355,1937.924416,1042,-4.1995768547058105,1.084342360496521
144375,1937.944412,1048,-4.259198188781738,1.1613974571228027
144395,1937.964409,1048,-4.250718593597412,1.1941888332366943
144415,1937.985428,1037,-4.216169357299805,1.1864831447601318
144435,1938.004413,1037,-4.212897777557373,1.1692105531692505
144455,1938.024427,1045,-4.275024890899658,1.164330244064331
144475,1938.044412,1045,-4.314242839813232,1.1400537490844727
144495,1938.064411,1045,-4.2688212394714355,1.0977317094802856
144515,1938.085425,1041,-4.228747367858887,1.0855966806411743
144535,1938.104411,1041,-4.240034580230713,1.001025676727295
144555,1938.124412,1043,-4.251829624176025,0.9604433178901672
144575,1938.144404,1043,-4.26992654800415,0.9770886898040771
144595,1938.164408,1042,-4.2668962478637695,0.9834346771240234
144615,1938.184408,1042,-4.253313064575195,0.9233049154281616
144635,1938.204406,1044,-4.2744927406311035,0.9143674969673157
144655,1938.224406,1044,-4.281935691833496,0.8726034164428711
144675,1938.244404,1041,-4.277793884277344,0.7996721267700195
144695,1938.264404,1041,-4.333693981170654,0.8016900420188904
144715,1938.284402,1040,-4.351423740386963,0.8138349652290344
144735,1938.304405,1040,-4.303005218505859,0.7839103937149048
144755,1938.324409,1049,-4.305302143096924,0.7703355550765991
144775,1938.344403,1049,-4.304009914398193,0.8009399771690369
144795,1938.364402,1045,-4.241955280303955,0.7632694244384766
144815,1938.384401,1045,-4.2665019035339355,0.7539137601852417
144835,1938.404404,1045,-4.2882981300354,0.7376313805580139
144855,1938.424403,1044,-4.268636226654053,0.7283294796943665
144875,1938.444400,1044,-4.301661014556885,0.7080172896385193
144895,1938.464399,1044,-4.3292388916015625,0.7570875883102417
144915,1938.484397,1044,-4.3189191818237305,0.7250040769577026
144935,1938.504399,1034,-4.31529426574707,0.6903874278068542
144955,1938.524403,1034,-4.3074212074279785,0.6750990748405457
144975,1938.544399,1038,-4.315820693969727,0.573935329914093
144995,1938.564398,1038,-4.341432094573975,0.5949417352676392
145015,1938.584394,1042,-4.335790634155273,0.6617706418037415
145035,1938.604400,1042,-4.319537162780762,0.6239253282546997
145055,1938.624399,1041,-4.320174217224121,0.6503321528434753
145075,1938.644395,1041,-4.35209846496582,0.5704092979431152
145095,1938.664394,1045,-4.391632556915283,0.6042103171348572
145115,1938.684394,1045,-4.385951042175293,0.6084499359130859
145135,1938.704395,1036,-4.368932247161865,0.5601990222930908
145155,1938.724418,1036,-4.38657808303833,0.5771338939666748
145175,1938.744383,1036,-4.4138970375061035,0.6065452098846436
145195,1938.764392,1038,-4.396875381469727,0.5873709321022034
145215,1938.784393,1038,-4.412232875823975,0.5416260361671448
145235,1938.804392,1041,-4.436920642852783,0.5521513819694519
145255,1938.824397,1041,-4.399386882781982,0.4722048342227936
145275,1938.844391,1034,-4.359367847442627,0.4632268249988556
145295,1938.864388,1034,-4.377050399780273,0.4862804710865021
145315,1938.884395,1031,-4.421954154968262,0.40792980790138245
145335,1938.905389,1031,-4.450831413269043,0.31679201126098633
145355,1938.924392,1027,-4.509538173675537,0.3175157308578491
145375,1938.944386,1027,-4.515493869781494,0.24188512563705444
145395,1938.964354,1036,-4.531808376312256,0.0977182611823082
145415,1938.984386,1036,-4.549794673919678,-0.00044332820107229054
145435,1939.004386,1036,-4.600135326385498,-0.16096635162830353
145455,1939.024389,1036,-4.679222106933594,-0.29586535692214966
145475,1939.044397,1030,-4.710196495056152,-0.4198216199874878
145495,1939.064386,1030,-4.708653450012207,-0.5450233817100525
145515,1939.084386,1029,-4.730162143707275,-0.6772994995117188
145535,1939.104385,1029,-4.870196342468262,-0.6776370406150818
145555,1939.123386,1029,-4.970271587371826,-0.7404412627220154
145575,1939.144383,1020,-5.023436546325684,-0.8534954190254211
145595,1939.164382,1020,-5.05360221862793,-1.0632859468460083
145615,1939.183385,1019,-5.106052398681641,-1.1196720600128174
145635,1939.204383,1019,-5.176455974578857,-1.2037715911865234
145655,1939.224386,1018,-5.210114479064941,-1.302955985069275
145675,1939.244365,1018,-5.178407192230225,-1.3915772438049316
145695,1939.264379,1014,-5.210972785949707,-1.4488246440887451
145715,1939.283382,1014,-5.268016815185547,-1.4631370306015015
145735,1939.303388,1003,-5.254566192626953,-1.6070590019226074
145755,1939.323380,1003,-5.2431840896606445,-1.720868706703186
145775,1939.343380,1008,-5.241021633148193,-1.6681628227233887
145795,1939.363382,1008,-5.235354900360107,-1.7381623983383179
145815,1939.383380,998,-5.235054016113281,-1.9030978679656982
145835,1939.403389,998,-5.236372470855713,-1.9533206224441528
145855,1939.423378,998,-5.255463600158691,-1.9585771560668945
145875,1939.443383,998,-5.248327732086182,-2.076653480529785
145895,1939.463376,998,-5.239027500152588,-1.9815728664398193
145915,1939.483379,989,-5.244852542877197,-1.9538918733596802
145935,1939.503383,989,-5.318692207336426,-2.0607826709747314
145955,1939.523376,988,-5.347502708435059,-2.1893885135650635
145975,1939.543377,988,-5.315820693969727,-2.255366086959839
145995,1939.563376,979,-5.3680739402771,-2.293224573135376
146015,1939.583378,979,-5.450799942016602,-2.4078879356384277
146035,1939.603384,977,-5.357560157775879,-2.4467976093292236
146055,1939.622373,977,-5.275520324707031,-2.537727117538452
146075,1939.642371,964,-5.302266597747803,-2.723158121109009
146095,1939.663411,964,-5.372998237609863,-2.726700782775879
146115,1939.683375,959,-5.443273067474365,-2.691814661026001
146135,1939.703379,959,-5.505105495452881,-2.88049054145813
146155,1939.722370,952,-5.591553211212158,-3.0121161937713623
146175,1939.743368,952,-5.6414361000061035,-3.0949370861053467
146195,1939.763368,946,-5.669083595275879,-3.1792356967926025
146215,1939.783375,946,-5.660079479217529,-3.2601091861724854
146235,1939.803376,939,-5.590262413024902,-3.2566215991973877
146255,1939.823370,939,-5.451619625091553,-3.395237684249878
146275,1939.843368,939,-5.372600555419922,-3.628492593765259
146295,1939.863398,928,-5.392078876495361,-3.5559654235839844
146315,1939.883368,928,-5.357677936553955,-3.309699773788452
146335,1939.903371,914,-5.216985702514648,-3.1587612628936768
146355,1939.923368,914,-4.99723482131958,-3.027437925338745
146375,1939.943364,907,-4.722191333770752,-2.9463624954223633
146395,1939.963365,907,-4.710694789886475,-2.9453258514404297
146415,1939.983368,897,-4.727924346923828,-2.903390645980835
146435,1940.003368,897,-4.71685791015625,-2.8862555027008057
146455,1940.023372,889,-4.730468273162842,-2.780913829803467
146475,1940.043362,889,-4.664098739624023,-2.6475894451141357
146495,1940.062372,878,-4.650070667266846,-2.5984139442443848
146515,1940.082362,878,-4.655834674835205,-2.5664381980895996
146535,1940.102359,871,-4.657104015350342,-2.5138537883758545
146555,1940.122364,871,-4.677526950836182,-2.296374797821045
146575,1940.142359,863,-4.642147064208984,-2.278141736984253
146595,1940.163358,863,-4.621696949005127,-2.3931045532226562
146615,1940.183358,863,-4.692630290985107,-2.249847412109375
146635,1940.203368,861,-4.737664222717285,-2.1751580238342285
146655,1940.223363,861,-4.640347480773926,-1.978259801864624
146675,1940.243358,845,-4.437532901763916,-1.7459312677383423
146695,1940.263360,845,-4.425490379333496,-1.5615863800048828
146715,1940.283365,842,-4.491351127624512,-1.3550041913986206
146735,1940.302356,842,-4.440603733062744,-1.442376971244812
146755,1940.323357,836,-4.356018543243408,-1.2935309410095215
146775,1940.343358,836,-4.2746734619140625,-1.0268288850784302
146795,1940.363354,829,-4.226773738861084,-0.7877504825592041
146815,1940.383356,829,-4.079065799713135,-0.8592299222946167
146835,1940.403362,823,-4.068589210510254,-0.9310294389724731
146855,1940.422353,823,-4.2319817543029785,-0.7294554114341736
146875,1940.442356,818,-4.365570545196533,-0.6327196955680847
146895,1940.462352,818,-4.2921833992004395,-0.42419829964637756
146915,1940.482357,813,-4.121735572814941,-0.13714294135570526
146935,1940.502354,813,-3.8616840839385986,-0.10854379087686539
146955,1940.522351,813,-3.7833304405212402,-0.18343262374401093
146975,1940.542352,806,-3.7689642906188965,-0.015713565051555634
146995,1940.562352,806,-3.6407859325408936,0.1580580472946167
147015,1940.582350,801,-3.511361598968506,0.3270547389984131
147035,1940.602350,801,-3.4675896167755127,0.340473473072052
147055,1940.622350,799,-3.372913360595703,0.4530552923679352
147075,1940.642347,799,-3.316953659057617,0.6265594363212585
147095,1940.662348,788,-3.227235794067383,0.8178255558013916
147115,1940.682354,788,-3.159956216812134,0.9217913150787354
147135,1940.702349,791,-3.120044231414795,1.1434192657470703
147155,1940.722347,791,-3.0843539237976074,1.2211575508117676
147175,1940.742346,789,-3.1527199745178223,1.2315936088562012
147195,1940.762345,789,-3.22037935256958,1.3400459289550781
147215,1940.782345,789,-3.24023699760437,1.7591907978057861
147235,1940.802344,787,-3.326977014541626,1.9266189336776733
147255,1940.822345,787,-3.482966423034668,2.0468578338623047
147275,1940.842342,782,-3.6278107166290283,2.2765378952026367
147295,1940.862343,782,-3.5932650566101074,2.2854843139648438
147315,1940.882344,784,-3.611002206802368,2.1955480575561523
147335,1940.902349,784,-3.6088972091674805,2.2950992584228516
147355,1940.922343,776,-3.6645238399505615,2.220884084701538
147375,1940.942338,776,-3.8431172370910645,2.0163323879241943
147395,1940.962339,772,-3.975248336791992,1.9640206098556519
147415,1940.982339,772,-4.001809597015381,1.9722893238067627
147435,1941.002340,774,-3.904139757156372,1.9387245178222656
147455,1941.022340,774,-3.883087396621704,2.012972116470337
147475,1941.042368,768,-3.8874263763427734,1.9854859113693237
147495,1941.062296,768,-3.8851637840270996,1.9160438776016235
147515,1941.082299,768,-3.8827929496765137,1.9272726774215698
147535,1941.102307,769,-3.853818655014038,1.8780204057693481
147555,1941.122304,769,-3.827544689178467,1.8169078826904297
147575,1941.141311,767,-3.7409632205963135,1.8211040496826172
147595,1941.162301,767,-3.7308390140533447,1.8948770761489868
147615,1941.182298,770,-3.799365520477295,1.86752450466156
147635,1941.202293,770,-3.8207569122314453,1.831028699874878
147655,1941.222290,773,-3.76399827003479,2.0002076625823975
147675,1941.242298,773,-3.7023000717163086,1.9963079690933228
147695,1941.261290,766,-3.7484004497528076,1.8930898904800415
147715,1941.281291,766,-3.8082947731018066,1.844841480255127
147735,1941.302290,769,-3.867645263671875,1.8407000303268433
147755,1941.322299,769,-3.9364490509033203,1.878823161125183
147775,1941.341301,779,-4.003161907196045,1.952998399734497
147795,1941.362301,779,-4.005392551422119,1.9866487979888916
147815,1941.381297,779,-3.996960401535034,1.8835891485214233
147835,1941.401333,772,-4.074856758117676,1.9112231731414795
147855,1941.421335,772,-4.126916885375977,1.9715442657470703
147875,1941.441345,773,-4.062373638153076,1.8991634845733643
147895,1941.461329,773,-3.9835219383239746,1.8358134031295776
147915,1941.481330,771,-3.89420747756958,1.8070173263549805
147935,1941.501338,771,-3.828263998031616,1.8584930896759033
147955,1941.521328,768,-3.8399851322174072,1.8527741432189941
147975,1941.541331,768,-3.8458783626556396,1.754447102546692
147995,1941.561328,775,-3.839609384536743,1.784468650817871
148015,1941.581326,775,-3.832171678543091,1.7102279663085938
148035,1941.601328,772,-3.857884407043457,1.6419081687927246
148055,1941.621327,772,-3.8486883640289307,1.665993332862854
148075,1941.641325,772,-3.7299234867095947,1.65468168258667
148095,1941.661328,777,-3.655704975128174,1.605579137802124
148115,1941.681324,777,-3.738187074661255,1.5109925270080566
148135,1941.701327,773,-3.8140017986297607,1.396899700164795
148155,1941.721325,773,-3.8444886207580566,1.4039021730422974
148175,1941.741328,770,-3.8761978149414062,1.3585257530212402
148195,1941.761322,770,-3.9039864540100098,1.2046136856079102
148215,1941.781324,768,-3.863682508468628,1.17695951461792
148235,1941.801321,768,-3.80033540725708,1.0970252752304077
148255,1941.821322,768,-3.81767201423645,1.013399362564087
148275,1941.841321,768,-3.8617405891418457,1.0559415817260742
148295,1941.861323,762,-3.896016836166382,1.0293997526168823
148315,1941.881322,762,-3.9770166873931885,0.9706339836120605
148335,1941.901322,760,-4.042052268981934,0.9873839616775513
148355,1941.921320,760,-4.071197986602783,0.9991112947463989
148375,1941.941319,760,-4.124683380126953,0.9512700438499451
148395,1941.961320,759,-4.210355281829834,1.07700514793396
148415,1941.981318,759,-4.227907180786133,1.1341456174850464
148435,1942.001319,766,-4.256577491760254,1.0678502321243286
148455,1942.021321,766,-4.355104446411133,1.1716690063476562
148475,1942.041321,762,-4.395680904388428,1.2418041229248047
148495,1942.061315,762,-4.398529529571533,1.163593053817749
148515,1942.081315,768,-4.427548885345459,1.1427699327468872
148535,1942.101319,768,-4.465200424194336,1.2672011852264404
148555,1942.121315,765,-4.526129245758057,1.2635319232940674
148575,1942.141319,765,-4.614737033843994,1.188051462173462
148595,1942.161312,764,-4.6641764640808105,1.220442533493042
148615,1942.181315,764,-4.613587856292725,1.2166705131530762
148635,1942.201314,764,-4.5037055015563965,1.1812286376953125
148655,1942.221313,769,-4.4260358810424805,1.157233476638794
148675,1942.241319,769,-4.473441123962402,1.1961009502410889
148695,1942.261311,766,-4.515106201171875,1.2128363847732544
148715,1942.281311,766,-4.500067234039307,1.132641077041626
148735,1942.301316,767,-4.504309177398682,1.2077879905700684
148755,1942.321311,767,-4.540112495422363,1.1170564889907837
148775,1942.341313,765,-4.582477569580078,1.0913575887680054
148795,1942.361313,765,-4.597092628479004,1.1003496646881104
148815,1942.381311,763,-4.54386043548584,1.1415791511535645
148835,1942.401318,763,-4.510738849639893,1.1907808780670166
148855,1942.421311,764,-4.54607629776001,1.226519227027893
148875,1942.440308,764,-4.592045307159424,1.1948602199554443
148895,1942.461307,764,-4.647678852081299,1.2264412641525269
148915,1942.481307,761,-4.696882724761963,1.2062817811965942
148935,1942.500306,761,-4.645035266876221,1.1881057024002075
148955,1942.520313,756,-4.537060260772705,1.2054877281188965
148975,1942.540308,756,-4.518551826477051,1.1996617317199707
148995,1942.560303,763,-4.548521518707275,1.2391202449798584
149015,1942.580306,763,-4.541182518005371,1.1154500246047974
149035,1942.600303,758,-4.545144081115723,1.0218429565429688
149055,1942.620311,758,-4.5085625648498535,1.0986971855163574
149075,1942.640301,761,-4.516120910644531,1.1370820999145508
149095,1942.660303,761,-4.625882625579834,1.2044346332550049
149115,1942.680300,757,-4.687259674072266,1.119959831237793
149135,1942.700304,757,-4.654058456420898,1.0765490531921387
149155,1942.720308,763,-4.581441879272461,1.0925028324127197
149175,1942.740304,763,-4.544372081756592,1.0850653648376465
149195,1942.760300,763,-4.5933685302734375,1.0796715021133423
149215,1942.780301,763,-4.666497230529785,1.0982708930969238
149235,1942.800299,763,-4.717284202575684,1.1100239753723145
149255,1942.820308,756,-4.724222660064697,1.136733055114746
149275,1942.840313,756,-4.634520053863525,1.0681803226470947
149295,1942.860295,759,-4.582200050354004,1.065843105316162
149315,1942.880305,759,-4.690140247344971,1.0984723567962646
149335,1942.900305,758,-4.808955669403076,1.0093753337860107
149355,1942.920304,758,-4.804940223693848,0.9650986194610596
149375,1942.940284,755,-4.801033973693848,0.9948012232780457
149395,1942.960296,755,-4.787604808807373,0.9730592370033264
149415,1942.980302,753,-4.810427188873291,1.024631142616272
149435,1943.000286,753,-4.826987266540527,1.0380786657333374
149455,1943.020286,758,-4.834749221801758,0.99702388048172
149475,1943.040301,758,-4.811968803405762,0.9510032534599304
149495,1943.060294,758,-4.799566268920898,0.9618195295333862
149515,1943.080292,751,-4.754592418670654,0.9159880876541138
149535,1943.100296,751,-4.796611785888672,0.9336958527565002
149555,1943.120296,752,-4.865945339202881,1.04499351978302
149575,1943.140288,752,-4.857395172119141,0.9791328310966492
149595,1943.160291,749,-4.8539204597473145,0.9254151582717896
149615,1943.180294,749,-4.881174564361572,1.0000604391098022
149635,1943.200289,750,-4.866634368896484,0.9219953417778015
149655,1943.221289,750,-4.832746982574463,0.8686105012893677
149675,1943.240288,754,-4.886814117431641,0.888604462146759
149695,1943.260289,754,-4.938676834106445,0.9088807106018066
149715,1943.281288,753,-4.942884922027588,0.9046120643615723
149735,1943.301287,753,-4.9043474197387695,0.8124323487281799
149755,1943.321287,753,-4.93644905090332,0.7722384333610535
149775,1943.340290,752,-4.949690341949463,0.831714928150177
149795,1943.361292,752,-4.874691009521484,0.7701672315597534
149815,1943.380291,752,-4.868253707885742,0.7470011711120605
149835,1943.401287,752,-4.9636359214782715,0.8050433993339539
149855,1943.420289,748,-4.994723320007324,0.7167924046516418
149875,1943.440306,748,-4.9644389152526855,0.794291615486145
149895,1943.461283,753,-4.936501979827881,0.7970193028450012
149915,1943.481284,753,-4.972569942474365,0.7802973389625549
149935,1943.500285,754,-4.990750789642334,0.8315531015396118
149955,1943.520287,754,-4.894784927368164,0.7569442987442017
149975,1943.540281,746,-4.847062110900879,0.8171672821044922
149995,1943.560279,746,-4.8643412590026855,0.8607348203659058
150015,1943.580330,746,-4.875361919403076,0.7956693172454834
150035,1943.600269,752,-4.902276992797852,0.7833608388900757
150055,1943.620273,752,-4.913307189941406,0.7826822400093079
150075,1943.640282,751,-4.885692119598389,0.7557603120803833
150095,1943.660278,751,-4.839446544647217,0.7729540467262268
150115,1943.680276,749,-4.855513572692871,0.7649309635162354
150135,1943.700280,749,-4.875857353210449,0.6875654458999634
150155,1943.720283,753,-4.827466011047363,0.6901273727416992
150175,1943.740275,753,-4.795286178588867,0.7188056111335754
150195,1943.760277,749,-4.81083345413208,0.6691041588783264
150215,1943.780316,749,-4.859079360961914,0.671435534954071
150235,1943.800276,754,-4.8131890296936035,0.6780984997749329
150255,1943.820290,754,-4.780184268951416,0.6114187240600586
150275,1943.840273,750,-4.790480613708496,0.6007107496261597
150295,1943.860277,750,-4.731605052947998,0.5510447025299072
150315,1943.880275,750,-4.759272575378418,0.6365589499473572
150335,1943.900276,752,-4.7986159324646,0.6383997201919556
150355,1943.920279,752,-4.711726188659668,0.6097860932350159
150375,1943.940283,754,-4.675156116485596,0.6641245484352112
150395,1943.959261,754,-4.720901012420654,0.6709152460098267
150415,1943.980291,751,-4.736424922943115,0.6538299322128296
150435,1944.000273,751,-4.703586101531982,0.6986396312713623
150455,1944.019273,753,-4.659909725189209,0.714867889881134
150475,1944.040270,753,-4.601860046386719,0.6739862561225891
150495,1944.060271,757,-4.5851593017578125,0.6639567017555237
150515,1944.079275,757,-4.565751075744629,0.6465355753898621
150535,1944.100269,756,-4.635194301605225,0.6327622532844543
150555,1944.119268,756,-4.680660724639893,0.582642674446106
150575,1944.139268,756,-4.628895282745361,0.5311090350151062
150595,1944.159295,751,-4.635739803314209,0.5209854245185852
150615,1944.180269,751,-4.7082109451293945,0.46569523215293884
150635,1944.200273,753,-4.684003829956055,0.42904195189476013
150655,1944.219264,753,-4.646275520324707,0.41790536046028137
150675,1944.239265,754,-4.690481662750244,0.3804371953010559
150695,1944.260269,754,-4.735491752624512,0.3316113352775574
150715,1944.280255,758,-4.699509620666504,0.3524247407913208
150735,1944.300250,758,-4.674435138702393,0.3076925277709961
150755,1944.320255,752,-4.698509693145752,0.264530211687088
150775,1944.339253,752,-4.668019771575928,0.23445548117160797
150795,1944.359250,754,-4.677136421203613,0.17087605595588684
150815,1944.379247,754,-4.744877815246582,0.20639297366142273
150835,1944.400220,754,-4.721342086791992,0.21719162166118622
150855,1944.419251,752,-4.654115200042725,0.27962231636047363
150875,1944.439253,752,-4.653393745422363,0.25217998027801514
150895,1944.459261,754,-4.623400688171387,0.19989846646785736
150915,1944.479256,754,-4.61358118057251,0.16876308619976044
150935,1944.499243,754,-4.630709648132324,0.15200039744377136
150955,1944.519247,754,-4.618008136749268,0.11488503217697144
150975,1944.539246,753,-4.613032817840576,0.1014944389462471
150995,1944.559246,753,-4.609516143798828,0.07347813993692398
151015,1944.579253,751,-4.585399627685547,0.07899761199951172
151035,1944.600243,751,-4.497716903686523,0.04598480463027954
151055,1944.619248,752,-4.472797393798828,0.04338434711098671
151075,1944.639242,752,-4.537506580352783,0.06663549691438675
151095,1944.659245,747,-4.550848484039307,0.0923386961221695
151115,1944.679242,747,-4.49262809753418,0.07566879689693451
151135,1944.700241,747,-4.501419544219971,0.044965870678424835
151155,1944.719238,753,-4.557891368865967,0.08219216763973236
151175,1944.739239,753,-4.554417133331299,0.12900078296661377
151195,1944.759222,748,-4.499454498291016,0.10490643978118896
151215,1944.779237,748,-4.4547247886657715,0.1419537216424942
151235,1944.799237,751,-4.457794189453125,0.15012362599372864
151255,1944.819277,751,-4.5248870849609375,0.1564463973045349
151275,1944.839244,753,-4.603862285614014,0.11655290424823761
151295,1944.859245,753,-4.563079833984375,0.08391289412975311
151315,1944.879235,751,-4.502908229827881,0.04646134003996849
151335,1944.899237,751,-4.531806945800781,0.09317082911729813
151355,1944.920240,753,-4.614736080169678,0.003587505081668496
151375,1944.939239,753,-4.719716548919678,0.0466168150305748
151395,1944.959239,750,-4.738646030426025,-0.03189422935247421
151415,1944.979237,750,-4.693165302276611,-0.0464143306016922
151435,1944.999235,750,-4.678425312042236,-0.017340274527668953
151455,1945.019241,745,-4.738100051879883,-0.059365179389715195
151475,1945.039232,745,-4.750405788421631,-0.09822916984558105
151495,1945.059232,752,-4.747776985168457,-0.17610964179039001
151515,1945.079231,752,-4.702189922332764,-0.18144384026527405
151535,1945.099232,744,-4.6423234939575195,-0.20264832675457
151555,1945.119233,744,-4.652069568634033,-0.24406598508358002
151575,1945.139229,747,-4.66254997253418,-0.28266841173171997
151595,1945.159234,747,-4.6575026512146,-0.23878243565559387
151615,1945.179229,740,-4.648855686187744,-0.23182041943073273
151635,1945.199230,740,-4.676077842712402,-0.18163713812828064
151655,1945.219235,754,-4.629014015197754,-0.1917024403810501
151675,1945.239240,754,-4.559716701507568,-0.2501511871814728
151695,1945.259227,754,-4.5517497062683105,-0.2592807114124298
151715,1945.279228,749,-4.537210941314697,-0.2865642309188843
151735,1945.299232,749,-4.496434211730957,-0.25096768140792847
151755,1945.319226,743,-4.484065532684326,-0.22460699081420898
151775,1945.339231,743,-4.469730854034424,-0.21480883657932281
151795,1945.359230,747,-4.458618640899658,-0.2477121651172638
151815,1945.379228,747,-4.432669162750244,-0.23285533487796783
151835,1945.399227,744,-4.400415897369385,-0.27314847707748413
151855,1945.419224,744,-4.410386562347412,-0.27269256114959717
151875,1945.438232,743,-4.399443626403809,-0.27039003372192383
151895,1945.458224,743,-4.367273807525635,-0.2820402681827545
151915,1945.478224,744,-4.355423927307129,-0.2598179578781128
151935,1945.499223,744,-4.340088367462158,-0.2553499937057495
151955,1945.518222,749,-4.288173675537109,-0.2263118177652359
151975,1945.538224,749,-4.219865322113037,-0.25354596972465515
151995,1945.558225,749,-4.18820333480835,-0.22914303839206696
152015,1945.578219,746,-4.2093892097473145,-0.22224873304367065
152035,1945.599228,746,-4.251315116882324,-0.2205076515674591
152055,1945.618217,742,-4.231802940368652,-0.26445919275283813
152075,1945.638224,742,-4.201328754425049,-0.2636047303676605
152095,1945.658236,741,-4.19093132019043,-0.2611057460308075
152115,1945.678224,741,-4.152362823486328,-0.31282639503479004
152135,1945.699220,744,-4.160878658294678,-0.30188512802124023
152155,1945.718215,744,-4.208909034729004,-0.3407716155052185
152175,1945.738217,746,-4.215545654296875,-0.3403915464878082
152195,1945.758219,746,-4.119132995605469,-0.31069427728652954
152215,1945.778219,743,-4.037567138671875,-0.2936146855354309
152235,1945.799218,743,-4.038499355316162,-0.21700406074523926
152255,1945.818217,743,-4.043437957763672,-0.20446914434432983
152275,1945.838214,749,-4.01962423324585,-0.2505210041999817
152295,1945.858232,749,-3.9975054264068604,-0.24942603707313538
152315,1945.878218,748,-3.9904682636260986,-0.2634730339050293
152335,1945.899219,748,-3.938483238220215,-0.31737247109413147
152355,1945.918222,749,-3.8871002197265625,-0.2680261731147766
152375,1945.938214,749,-3.9026472568511963,-0.20049896836280823
152395,1945.958224,747,-3.9301517009735107,-0.16661356389522552
152415,1945.978215,747,-3.917957305908203,-0.11832790821790695
152435,1945.999225,754,-3.916924238204956,-0.11813440173864365
152455,1946.018226,754,-3.944061279296875,-0.10737497359514236
152475,1946.038226,750,-3.9641122817993164,-0.1333298683166504
152495,1946.058222,750,-3.9635133743286133,-0.15301728248596191
152515,1946.078251,748,-3.9551069736480713,-0.17439225316047668
152535,1946.099160,748,-3.990748167037964,-0.17551802098751068
152555,1946.118186,748,-4.0211029052734375,-0.17314623296260834
