cf_timestamp_ms,host_monotonic_s,sensorFilter.surfN,sensorFilter.surfBaroD,sensorFilter.surfCandInn,sensorFilter.surfState,sensorFilter.surfReason
132554,1926.132103,5,-0.2952728271484375,18.854001998901367,1,3
132574,1926.151106,5,-0.2952728271484375,18.854001998901367,1,3
132594,1926.171103,5,-0.2898063659667969,18.80062484741211,1,3
132614,1926.191104,5,-0.2898063659667969,18.80062484741211,1,3
132634,1926.211097,5,-0.2952728271484375,18.981700897216797,1,3
132654,1926.231089,5,-0.2952728271484375,18.981700897216797,1,3
132674,1926.251099,5,-0.20778656005859375,18.6717472076416,1,3
132694,1926.272093,5,-0.20778656005859375,18.6717472076416,1,3
132714,1926.291112,5,-0.15857315063476562,18.947397232055664,1,3
132734,1926.311119,5,-0.15857315063476562,18.947397232055664,1,3
132754,1926.331087,5,-0.15857315063476562,18.947397232055664,1,3
132774,1926.351092,5,-0.2023162841796875,18.878664016723633,1,3
132794,1926.372087,5,-0.2023162841796875,18.878664016723633,1,3
132814,1926.391098,5,-0.13123321533203125,18.70142364501953,1,3
132834,1926.411086,5,-0.13123321533203125,18.70142364501953,1,3
132854,1926.431085,5,-0.08201980590820312,19.259098052978516,1,3
132874,1926.451079,5,-0.08201980590820312,19.259098052978516,1,3
132894,1926.471081,5,-0.22418594360351562,18.987844467163086,1,3
132914,1926.491098,5,-0.22418594360351562,18.987844467163086,1,3
132934,1926.511084,5,-0.16404342651367188,18.85978889465332,1,3
132954,1926.531087,5,-0.16404342651367188,18.85978889465332,1,3
132974,1926.551080,5,-0.20778656005859375,18.966693878173828,1,3
132994,1926.572084,5,-0.20778656005859375,18.966693878173828,1,3
133014,1926.591080,5,-0.15857315063476562,18.90721321105957,1,3
133034,1926.611079,5,-0.15857315063476562,18.90721321105957,1,3
133054,1926.631082,5,-0.15857315063476562,18.90721321105957,1,3
133074,1926.651078,5,-0.2515296936035156,19.224811553955078,1,3
133094,1926.672082,5,-0.2515296936035156,19.224811553955078,1,3
133114,1926.691093,5,-0.246063232421875,19.051513671875,1,3
133134,1926.711078,5,-0.246063232421875,19.051513671875,1,3
133154,1926.731091,5,-0.2624664306640625,19.08826446533203,1,3
133174,1926.751080,5,-0.2624664306640625,19.08826446533203,1,3
133194,1926.772090,5,-0.19684600830078125,19.38616943359375,1,3
133214,1926.791093,5,-0.19684600830078125,19.38616943359375,1,3
133234,1926.811079,5,-0.19684600830078125,19.088123321533203,1,3
133254,1926.831076,5,-0.19684600830078125,19.088123321533203,1,3
133274,1926.851075,5,-0.2023162841796875,19.10076904296875,1,3
133294,1926.871078,5,-0.2023162841796875,19.10076904296875,1,3
133314,1926.891094,5,-0.2023162841796875,19.10076904296875,1,3
133334,1926.911077,5,-0.153106689453125,19.089162826538086,1,3
133354,1926.931068,5,-0.153106689453125,19.089162826538086,1,3
133374,1926.951077,5,-0.1367034912109375,19.091123580932617,1,3
133394,1926.971077,5,-0.1367034912109375,19.091123580932617,1,3
133414,1926.992074,5,-0.14763641357421875,19.2102108001709,1,3
133434,1927.011071,5,-0.14763641357421875,19.2102108001709,1,3
133454,1927.031066,5,-0.2679328918457031,19.183979034423828,1,3
133474,1927.051072,5,-0.2679328918457031,19.183979034423828,1,3
133494,1927.072072,5,-0.10389328002929688,19.18024444580078,1,3
133514,1927.091079,5,-0.10389328002929688,19.18024444580078,1,3
133534,1927.111066,5,-0.10389328002929688,19.18024444580078,1,3
133554,1927.131067,5,-0.1093597412109375,18.868186950683594,1,3
133574,1927.151070,5,-0.1093597412109375,18.868186950683594,1,3
133594,1927.171069,5,-0.12029647827148438,19.02388572692871,1,3
133614,1927.191088,5,-0.12029647827148438,19.02388572692871,1,3
133634,1927.211067,5,-0.10389328002929688,18.740638732910156,1,3
133654,1927.231067,5,-0.10389328002929688,18.740638732910156,1,3
133674,1927.251064,5,-0.05467987060546875,19.037185668945312,1,3
133694,1927.271071,5,-0.05467987060546875,19.037185668945312,1,3
133714,1927.291068,5,-0.12576675415039062,18.937164306640625,1,3
133734,1927.311062,5,-0.12576675415039062,18.937164306640625,1,3
133754,1927.331098,5,-0.1093597412109375,18.931884765625,1,3
133774,1927.351085,5,-0.1093597412109375,18.931884765625,1,3
133794,1927.371073,5,-0.19684600830078125,19.168685913085938,1,3
133814,1927.391090,5,-0.19684600830078125,19.168685913085938,1,3
133834,1927.411062,5,-0.19684600830078125,19.168685913085938,1,3
133854,1927.431064,5,-0.16950607299804688,18.935298919677734,1,3
133874,1927.451067,5,-0.16950607299804688,18.935298919677734,1,3
133894,1927.471066,5,-0.23512649536132812,18.921165466308594,1,3
133914,1927.491079,5,-0.23512649536132812,18.921165466308594,1,3
133934,1927.511064,5,-0.24059295654296875,19.02951431274414,1,3
133954,1927.531061,5,-0.24059295654296875,19.02951431274414,1,3
133974,1927.551036,5,-0.3718299865722656,19.066801071166992,1,3
133994,1927.571064,5,-0.3718299865722656,19.066801071166992,1,3
134014,1927.591076,5,-0.2898063659667969,19.165191650390625,1,3
134034,1927.611063,5,-0.2898063659667969,19.165191650390625,1,3
134054,1927.631060,5,-0.21325302124023438,19.321949005126953,1,3
134074,1927.651035,5,-0.21325302124023438,19.321949005126953,1,3
134094,1927.671064,5,-0.21325302124023438,19.20241355895996,1,3
134114,1927.691088,5,-0.21325302124023438,19.20241355895996,1,3
134134,1927.711058,5,-0.21325302124023438,19.20241355895996,1,3
134154,1927.731061,5,-0.1859130859375,19.185787200927734,1,3
134174,1927.751042,5,-0.1859130859375,19.185787200927734,1,3
134194,1927.771038,5,-0.19684600830078125,19.46920394897461,1,3
134214,1927.791062,5,-0.19684600830078125,19.46920394897461,1,3
134234,1927.811025,5,-0.22965621948242188,19.56981086730957,1,3
134254,1927.831077,5,-0.22965621948242188,19.56981086730957,1,3
134274,1927.850051,5,-0.09295654296875,19.72871208190918,1,3
134294,1927.871034,5,-0.09295654296875,19.72871208190918,1,3
134314,1927.890050,5,-0.1093597412109375,19.415069580078125,1,3
134334,1927.910037,5,-0.1093597412109375,19.415069580078125,1,3
134354,1927.930062,5,-0.246063232421875,19.431283950805664,1,3
134374,1927.950053,5,-0.246063232421875,19.431283950805664,1,3
134394,1927.971059,5,-0.246063232421875,19.431283950805664,1,3
134414,1927.990071,5,-0.2734031677246094,19.531335830688477,1,3
134434,1928.010044,5,-0.2734031677246094,19.531335830688477,1,3
134454,1928.030079,1,-0.2679328918457031,19.5778751373291,1,3
134474,1928.050046,1,-0.2679328918457031,19.5778751373291,1,3
134494,1928.071059,2,-0.404632568359375,19.716543197631836,1,3
134514,1928.091062,2,-0.404632568359375,19.716543197631836,1,3
134534,1928.110045,3,-0.2624664306640625,19.784465789794922,1,3
134554,1928.131042,3,-0.2624664306640625,19.784465789794922,1,3
134574,1928.150045,4,-0.3116798400878906,19.846263885498047,1,3
134594,1928.171059,4,-0.3116798400878906,19.846263885498047,1,3
134614,1928.190041,1,-0.22418594360351562,19.875627517700195,1,3
134634,1928.210046,1,-0.22418594360351562,19.875627517700195,1,3
134654,1928.231042,2,-0.1859130859375,19.895755767822266,1,3
134674,1928.250035,2,-0.1859130859375,19.895755767822266,1,3
134694,1928.271051,2,-0.1859130859375,19.895755767822266,1,3
134714,1928.290042,3,-0.24059295654296875,19.931440353393555,1,3
134734,1928.311041,3,-0.24059295654296875,19.931440353393555,1,3
134754,1928.330041,4,-0.21325302124023438,19.95328140258789,1,3
134774,1928.350044,4,-0.21325302124023438,19.95328140258789,1,3
134794,1928.371051,5,-0.21325302124023438,19.809953689575195,1,3
134814,1928.390038,5,-0.21325302124023438,19.809953689575195,1,3
134834,1928.410040,5,-0.16950607299804688,20.060224533081055,1,3
134854,1928.431041,5,-0.16950607299804688,20.060224533081055,1,3
134874,1928.450067,1,-0.33354949951171875,20.063493728637695,1,3
134894,1928.471047,1,-0.33354949951171875,20.063493728637695,1,3
134914,1928.490039,2,-0.2515296936035156,20.099071502685547,1,3
134934,1928.511039,2,-0.2515296936035156,20.099071502685547,1,3
134954,1928.530045,2,-0.2515296936035156,20.099071502685547,1,3
134974,1928.550036,3,-0.2515296936035156,20.140201568603516,1,3
134994,1928.572050,3,-0.2515296936035156,20.140201568603516,1,3
135014,1928.590056,4,-0.22418594360351562,20.154006958007812,1,3
135034,1928.610036,4,-0.22418594360351562,20.154006958007812,1,3
135054,1928.630037,5,-0.2843360900878906,20.37586212158203,1,3
135074,1928.650036,5,-0.2843360900878906,20.37586212158203,1,3
135094,1928.670047,5,-0.16404342651367188,20.31987190246582,1,3
135114,1928.690040,5,-0.16404342651367188,20.31987190246582,1,3
135134,1928.710037,5,-0.18044662475585938,20.15460777282715,1,3
135154,1928.730031,5,-0.18044662475585938,20.15460777282715,1,3
135174,1928.750033,5,-0.24059295654296875,20.17835235595703,1,3
135194,1928.770038,5,-0.24059295654296875,20.17835235595703,1,3
135214,1928.790025,5,-0.3280830383300781,20.0531005859375,1,3
135234,1928.810034,5,-0.3280830383300781,20.0531005859375,1,3
135254,1928.831024,5,-0.3280830383300781,20.0531005859375,1,3
135274,1928.850022,5,-0.3226127624511719,20.404909133911133,1,3
135294,1928.870041,5,-0.3226127624511719,20.404909133911133,1,3
135314,1928.890024,5,-0.3116798400878906,20.427892684936523,1,3
135334,1928.910027,5,-0.3116798400878906,20.427892684936523,1,3
135354,1928.931023,5,-0.3663597106933594,20.402973175048828,1,3
135374,1928.950032,5,-0.3663597106933594,20.402973175048828,1,3
135394,1928.971023,5,-0.17497634887695312,20.319185256958008,1,3
135414,1928.991034,5,-0.17497634887695312,20.319185256958008,1,3
135434,1929.010023,1,-0.1421661376953125,20.367538452148438,1,3
135454,1929.031024,1,-0.1421661376953125,20.367538452148438,1,3
135474,1929.050021,2,-0.16950607299804688,20.327119827270508,1,3
135494,1929.070038,2,-0.16950607299804688,20.327119827270508,1,3
135514,1929.091042,2,-0.16950607299804688,20.327119827270508,1,3
135534,1929.110025,3,-0.21872329711914062,20.354286193847656,1,3
135554,1929.131021,3,-0.21872329711914062,20.354286193847656,1,3
135574,1929.149019,4,-0.27886962890625,20.40793800354004,1,3
135594,1929.170028,4,-0.27886962890625,20.40793800354004,1,3
135614,1929.189017,5,-0.2023162841796875,20.426433563232422,1,3
135634,1929.209018,5,-0.2023162841796875,20.426433563232422,1,3
135654,1929.229026,5,-0.246063232421875,20.66141700744629,1,3
135674,1929.250020,5,-0.246063232421875,20.66141700744629,1,3
135694,1929.270025,5,-0.3882293701171875,20.59218978881836,1,3
135714,1929.289016,5,-0.3882293701171875,20.59218978881836,1,3
135734,1929.309018,5,-0.3663597106933594,20.695819854736328,1,3
135754,1929.329015,5,-0.3663597106933594,20.695819854736328,1,3
135774,1929.349022,5,-0.31714630126953125,20.874494552612305,1,3
135794,1929.369022,5,-0.31714630126953125,20.874494552612305,1,3
135814,1929.389017,5,-0.31714630126953125,20.874494552612305,1,3
135834,1929.409017,5,-0.2952728271484375,21.056089401245117,1,3
135854,1929.430017,5,-0.2952728271484375,21.056089401245117,1,3
135874,1929.449014,5,-0.22965621948242188,21.038005828857422,1,3
135894,1929.469015,5,-0.22965621948242188,21.038005828857422,1,3
135914,1929.489011,5,-0.3062095642089844,20.9864444732666,1,3
135934,1929.509013,5,-0.3062095642089844,20.9864444732666,1,3
135954,1929.529010,5,-0.2624664306640625,21.006826400756836,1,3
135974,1929.549016,5,-0.2624664306640625,21.006826400756836,1,3
135994,1929.569011,5,-0.2624664306640625,21.113370895385742,1,3
136014,1929.589008,5,-0.2624664306640625,21.113370895385742,1,3
136034,1929.609012,5,-0.3062095642089844,21.134780883789062,1,3
136054,1929.629010,5,-0.3062095642089844,21.134780883789062,1,3
136074,1929.649011,5,-0.2952728271484375,21.106325149536133,1,3
136094,1929.669009,5,-0.2952728271484375,21.106325149536133,1,3
136114,1929.689007,5,-0.2952728271484375,21.106325149536133,1,3
136134,1929.710011,5,-0.3116798400878906,21.510801315307617,1,3
136154,1929.730009,5,-0.3116798400878906,21.510801315307617,1,3
136174,1929.749000,5,-0.2734031677246094,21.267118453979492,1,3
136194,1929.770015,5,-0.2734031677246094,21.267118453979492,1,3
136214,1929.789007,5,-0.22418594360351562,21.701505661010742,1,3
136234,1929.809009,5,-0.22418594360351562,21.701505661010742,1,3
136254,1929.828996,5,-0.20778656005859375,21.542190551757812,1,3
136274,1929.850006,5,-0.20778656005859375,21.542190551757812,1,3
136294,1929.870012,5,-0.16404342651367188,21.435745239257812,1,3
136314,1929.890005,5,-0.16404342651367188,21.435745239257812,1,3
136334,1929.909033,5,-0.16404342651367188,21.51459503173828,1,3
136354,1929.929008,5,-0.16404342651367188,21.51459503173828,1,3
136374,1929.949012,5,-0.16404342651367188,21.51459503173828,1,3
136394,1929.969024,5,-0.12576675415039062,21.340038299560547,1,3
136414,1929.989009,5,-0.12576675415039062,21.340038299560547,1,3
136434,1930.009014,5,-0.19138336181640625,21.535572052001953,1,3
136454,1930.029008,5,-0.19138336181640625,21.535572052001953,1,3
136474,1930.048998,5,-0.2734031677246094,21.610675811767578,1,3
136494,1930.069018,5,-0.2734031677246094,21.610675811767578,1,3
136514,1930.089007,5,-0.20778656005859375,21.87881088256836,1,3
136534,1930.109073,5,-0.20778656005859375,21.87881088256836,1,3
136554,1930.128997,5,-0.23512649536132812,21.790245056152344,1,3
136574,1930.148993,5,-0.23512649536132812,21.790245056152344,1,3
136594,1930.169007,5,-0.22965621948242188,21.681644439697266,1,3
136614,1930.188999,5,-0.22965621948242188,21.681644439697266,1,3
136634,1930.208993,5,-0.22965621948242188,21.681644439697266,1,3
136654,1930.228997,5,-0.246063232421875,21.65386390686035,1,3
136674,1930.248940,5,-0.246063232421875,21.65386390686035,1,3
136694,1930.268963,5,-0.246063232421875,21.51738166809082,1,3
136714,1930.288959,5,-0.246063232421875,21.51738166809082,1,3
136734,1930.308961,5,-0.21325302124023438,21.924800872802734,1,3
136754,1930.329000,5,-0.21325302124023438,21.924800872802734,1,3
136774,1930.348998,5,-0.153106689453125,21.850507736206055,1,3
136794,1930.368995,5,-0.153106689453125,21.850507736206055,1,3
136814,1930.388988,5,-0.08201980590820312,21.8270263671875,1,3
136834,1930.408988,5,-0.08201980590820312,21.8270263671875,1,3
136854,1930.429990,5,-0.19138336181640625,21.7981014251709,1,3
136874,1930.449987,5,-0.19138336181640625,21.7981014251709,1,3
136894,1930.469994,5,-0.16404342651367188,21.862516403198242,1,3
136914,1930.488987,5,-0.16404342651367188,21.862516403198242,1,3
136934,1930.508989,5,-0.16404342651367188,21.862516403198242,1,3
136954,1930.529988,1,-0.1859130859375,21.587770462036133,1,3
136974,1930.549007,1,-0.1859130859375,21.587770462036133,1,3
136994,1930.569994,2,-0.2952728271484375,21.49941635131836,1,3
137014,1930.589982,2,-0.2952728271484375,21.49941635131836,1,3
137034,1930.608984,3,-0.24059295654296875,21.403654098510742,1,3
137054,1930.629982,3,-0.24059295654296875,21.403654098510742,1,3
137074,1930.649980,4,-0.16950607299804688,21.239139556884766,1,3
137094,1930.668983,4,-0.16950607299804688,21.239139556884766,1,3
137114,1930.688985,1,-0.22965621948242188,21.072540283203125,1,3
137134,1930.708985,1,-0.22965621948242188,21.072540283203125,1,3
137154,1930.728983,2,-0.21872329711914062,20.905738830566406,1,3
137174,1930.749000,2,-0.21872329711914062,20.905738830566406,1,3
137194,1930.768978,2,-0.21872329711914062,20.905738830566406,1,3
137214,1930.788982,1,-0.1859130859375,20.605396270751953,1,3
137234,1930.807979,1,-0.1859130859375,20.605396270751953,1,3
137254,1930.827979,2,-0.08201980590820312,20.339580535888672,1,3
137274,1930.848976,2,-0.08201980590820312,20.339580535888672,1,3
137294,1930.868976,1,-0.021869659423828125,20.025114059448242,1,2
137314,1930.888976,1,-0.021869659423828125,20.025114059448242,1,2
137334,1930.907987,2,-0.1367034912109375,19.670032501220703,1,3
137354,1930.928975,2,-0.1367034912109375,19.670032501220703,1,3
137374,1930.949564,1,-0.18044662475585938,19.32444953918457,1,3
137394,1930.968559,1,-0.18044662475585938,19.32444953918457,1,3
137414,1930.988516,1,-0.14763641357421875,18.9532470703125,1,3
137434,1931.008526,1,-0.14763641357421875,18.9532470703125,1,3
137454,1931.028520,1,-0.14763641357421875,18.9532470703125,1,3
137474,1931.048539,2,-0.1093597412109375,18.396556854248047,1,3
137494,1931.068537,2,-0.1093597412109375,18.396556854248047,1,3
137514,1931.088541,1,-0.13123321533203125,17.958250045776367,1,3
137534,1931.107538,1,-0.13123321533203125,17.958250045776367,1,3
137554,1931.128537,1,-0.1367034912109375,17.514713287353516,1,3
137574,1931.148540,1,-0.1367034912109375,17.514713287353516,1,3
137594,1931.168535,1,-0.060146331787109375,17.03354263305664,1,3
137614,1931.187539,1,-0.060146331787109375,17.03354263305664,1,3
137634,1931.207542,1,0.0,16.53366470336914,1,3
137654,1931.227534,1,0.0,16.53366470336914,1,3
137674,1931.248532,2,-0.0492095947265625,15.946694374084473,1,3
137694,1931.268533,2,-0.0492095947265625,15.946694374084473,1,3
137714,1931.288531,1,0.049213409423828125,15.420917510986328,1,3
137734,1931.308529,1,0.049213409423828125,15.420917510986328,1,3
137754,1931.328530,1,-0.0437469482421875,14.955538749694824,1,3
137774,1931.348527,1,-0.0437469482421875,14.955538749694824,1,3
137794,1931.368551,1,-0.027339935302734375,14.515067100524902,1,3
137814,1931.388548,1,-0.027339935302734375,14.515067100524902,1,3
137834,1931.408545,1,0.02187347412109375,14.025094032287598,1,2
137854,1931.428546,1,0.02187347412109375,14.025094032287598,1,2
137874,1931.447546,1,0.02187347412109375,14.025094032287598,1,2
137894,1931.468545,2,-0.021869659423828125,13.574551582336426,1,2
137914,1931.488546,2,-0.021869659423828125,13.574551582336426,1,2
137934,1931.508570,1,-0.1093597412109375,13.22109603881836,1,3
137954,1931.528559,1,-0.1093597412109375,13.22109603881836,1,3
137974,1931.548561,2,-0.027339935302734375,12.868593215942383,1,2
137994,1931.568569,2,-0.027339935302734375,12.868593215942383,1,2
138014,1931.588545,1,-0.010936737060546875,12.534473419189453,1,2
138034,1931.608545,1,-0.010936737060546875,12.534473419189453,1,2
138054,1931.628541,2,0.11483001708984375,12.133002281188965,1,3
138074,1931.648543,2,0.11483001708984375,12.133002281188965,1,3
138094,1931.668563,1,0.12576675415039062,11.794660568237305,1,3
138114,1931.688557,1,0.12576675415039062,11.794660568237305,1,3
138134,1931.707563,2,-0.016407012939453125,11.525360107421875,1,2
138154,1931.728556,2,-0.016407012939453125,11.525360107421875,1,2
138174,1931.747556,1,0.0765533447265625,11.290690422058105,1,2
138194,1931.767556,1,0.0765533447265625,11.290690422058105,1,2
138214,1931.787563,1,0.0765533447265625,11.290690422058105,1,2
138234,1931.807556,2,0.06561279296875,10.981610298156738,1,2
138254,1931.827553,2,0.06561279296875,10.981610298156738,1,2
138274,1931.847555,1,0.1695098876953125,10.756144523620605,1,3
138294,1931.867553,1,0.1695098876953125,10.756144523620605,1,3
138314,1931.887556,1,0.27886962890625,10.506942749023438,1,3
138334,1931.907554,1,0.27886962890625,10.506942749023438,1,3
138354,1931.927553,2,0.2898063659667969,10.244742393493652,1,3
138374,1931.947559,2,0.2898063659667969,10.244742393493652,1,3
138394,1931.967514,3,0.2515296936035156,9.939322471618652,1,3
138414,1931.987520,3,0.2515296936035156,9.939322471618652,1,3
138434,1932.007548,4,0.20778656005859375,9.699580192565918,1,3
138454,1932.027550,4,0.20778656005859375,9.699580192565918,1,3
138474,1932.047558,1,0.23512649536132812,9.480416297912598,1,3
138494,1932.067549,1,0.23512649536132812,9.480416297912598,1,3
138514,1932.087553,1,0.23512649536132812,9.480416297912598,1,3
138534,1932.107552,2,0.3062095642089844,9.12657356262207,1,3
138554,1932.127548,2,0.3062095642089844,9.12657356262207,1,3
138574,1932.147547,1,0.2898063659667969,8.902383804321289,1,3
138594,1932.167547,1,0.2898063659667969,8.902383804321289,1,3
138614,1932.187549,2,0.25699615478515625,8.691192626953125,1,3
138634,1932.207550,2,0.25699615478515625,8.691192626953125,1,3
138654,1932.227547,1,0.3062095642089844,8.518865585327148,1,3
138674,1932.247547,1,0.3062095642089844,8.518865585327148,1,3
138694,1932.267543,2,0.36089324951171875,8.389951705932617,1,3
138714,1932.287546,2,0.36089324951171875,8.389951705932617,1,3
138734,1932.307562,3,0.31714630126953125,8.272400856018066,1,3
138754,1932.327542,3,0.31714630126953125,8.272400856018066,1,3
138774,1932.346542,4,0.36635589599609375,8.172658920288086,1,3
138794,1932.367540,4,0.36635589599609375,8.172658920288086,1,3
138814,1932.387543,1,0.371826171875,8.109759330749512,1,3
138834,1932.406542,1,0.371826171875,8.109759330749512,1,3
138854,1932.426540,2,0.2952766418457031,8.082351684570312,1,3
138874,1932.446541,2,0.2952766418457031,8.082351684570312,1,3
138894,1932.466539,2,0.2952766418457031,8.082351684570312,1,3
138914,1932.486571,3,0.3444862365722656,8.044261932373047,1,3
138934,1932.506541,3,0.3444862365722656,8.044261932373047,1,3
138954,1932.526537,1,0.2898063659667969,8.085108757019043,1,3
138974,1932.546540,1,0.2898063659667969,8.085108757019043,1,3
138994,1932.566537,2,0.3444862365722656,8.138432502746582,1,3
139014,1932.586570,2,0.3444862365722656,8.138432502746582,1,3
139034,1932.606537,3,0.3226165771484375,8.178117752075195,1,3
139054,1932.626538,3,0.3226165771484375,8.178117752075195,1,3
139074,1932.646532,4,0.4483757019042969,8.217206001281738,1,3
139094,1932.666536,4,0.4483757019042969,8.217206001281738,1,3
139114,1932.686525,5,0.3062095642089844,8.023348808288574,1,3
139134,1932.706518,5,0.3062095642089844,8.023348808288574,1,3
139154,1932.726517,5,0.3827629089355469,8.185091018676758,1,3
139174,1932.746516,5,0.3827629089355469,8.185091018676758,1,3
139194,1932.766533,5,0.3827629089355469,8.185091018676758,1,3
139214,1932.786568,5,0.3882331848144531,8.054413795471191,1,3
139234,1932.806532,5,0.3882331848144531,8.054413795471191,1,3
139254,1932.826533,5,0.24059677124023438,8.179075241088867,1,3
139274,1932.846532,5,0.24059677124023438,8.179075241088867,1,3
139294,1932.866533,1,0.3499565124511719,8.01362419128418,1,3
139314,1932.886567,1,0.3499565124511719,8.01362419128418,1,3
139334,1932.906527,1,0.27886962890625,7.972491264343262,1,3
139354,1932.926529,1,0.27886962890625,7.972491264343262,1,3
139374,1932.946536,2,0.3226165771484375,7.93954610824585,1,3
139394,1932.966526,2,0.3226165771484375,7.93954610824585,1,3
139414,1932.986565,1,0.3882331848144531,7.888306617736816,1,3
139434,1933.006529,1,0.3882331848144531,7.888306617736816,1,3
139454,1933.026526,2,0.3390159606933594,7.880535125732422,1,3
139474,1933.047526,2,0.3390159606933594,7.880535125732422,1,3
139494,1933.066527,1,0.41010284423828125,7.808813571929932,1,3
139514,1933.086564,1,0.41010284423828125,7.808813571929932,1,3
139534,1933.106524,1,0.4975929260253906,7.704232215881348,1,3
139554,1933.126525,1,0.4975929260253906,7.704232215881348,1,3
139574,1933.146524,1,0.4975929260253906,7.704232215881348,1,3
139594,1933.167522,2,0.3827629089355469,7.499786376953125,1,3
139614,1933.187523,2,0.3827629089355469,7.499786376953125,1,3
139634,1933.206521,3,0.3936958312988281,7.447582244873047,1,3
139654,1933.227522,3,0.3936958312988281,7.447582244873047,1,3
139674,1933.247523,4,0.36089324951171875,7.380886077880859,1,3
139694,1933.266526,4,0.36089324951171875,7.380886077880859,1,3
139714,1933.287522,5,0.3499565124511719,7.309736728668213,1,3
139734,1933.307520,5,0.3499565124511719,7.309736728668213,1,3
139754,1933.327522,5,0.33354949951171875,7.207664966583252,1,3
139774,1933.347521,5,0.33354949951171875,7.207664966583252,1,3
139794,1933.366519,5,0.2952766418457031,7.358192443847656,1,3
139814,1933.386561,5,0.2952766418457031,7.358192443847656,1,3
139834,1933.406518,5,0.3062095642089844,7.217878341674805,1,3
139854,1933.426517,5,0.3062095642089844,7.217878341674805,1,3
139874,1933.446515,1,0.3936958312988281,7.160109996795654,1,3
139894,1933.466519,1,0.3936958312988281,7.160109996795654,1,3
139914,1933.486560,2,0.431976318359375,7.129859447479248,1,3
139934,1933.506516,2,0.431976318359375,7.129859447479248,1,3
139954,1933.526513,2,0.431976318359375,7.129859447479248,1,3
139974,1933.546513,3,0.3499565124511719,7.058358669281006,1,3
139994,1933.566517,3,0.3499565124511719,7.058358669281006,1,3
140014,1933.586575,4,0.3554229736328125,7.0457305908203125,1,3
140034,1933.606517,4,0.3554229736328125,7.0457305908203125,1,3
140054,1933.626511,5,0.27339935302734375,7.036134719848633,1,3
140074,1933.646511,5,0.27339935302734375,7.036134719848633,1,3
140094,1933.666512,5,0.3390159606933594,7.01800012588501,1,3
140114,1933.686555,5,0.3390159606933594,7.01800012588501,1,3
140134,1933.706515,5,0.4210357666015625,6.934175491333008,1,3
140154,1933.726493,5,0.4210357666015625,6.934175491333008,1,3
140174,1933.746488,5,0.3390159606933594,7.064281940460205,1,3
140194,1933.766490,5,0.3390159606933594,7.064281940460205,1,3
140214,1933.786496,5,0.3280830383300781,6.9109296798706055,1,3
140234,1933.806496,5,0.3280830383300781,6.9109296798706055,1,3
140254,1933.826501,5,0.42650604248046875,6.800784587860107,1,3
140274,1933.846492,5,0.42650604248046875,6.800784587860107,1,3
140294,1933.866493,5,0.42650604248046875,6.800784587860107,1,3
140314,1933.886493,5,0.36635589599609375,6.973293304443359,1,3
140334,1933.906492,5,0.36635589599609375,6.973293304443359,1,3
140354,1933.926511,5,0.311676025390625,6.949225425720215,1,3
140374,1933.945507,5,0.311676025390625,6.949225425720215,1,3
140394,1933.965504,5,0.25699615478515625,6.81089973449707,1,3
140414,1933.986568,5,0.25699615478515625,6.81089973449707,1,3
140434,1934.006504,5,0.33354949951171875,6.552736282348633,1,3
140454,1934.025502,5,0.33354949951171875,6.552736282348633,1,3
140474,1934.046513,5,0.3444862365722656,6.689151287078857,1,3
140494,1934.065501,5,0.3444862365722656,6.689151287078857,1,3
140514,1934.085504,5,0.4155731201171875,6.515224933624268,1,3
140534,1934.106504,5,0.4155731201171875,6.515224933624268,1,3
140554,1934.126499,5,0.5741424560546875,6.64164400100708,1,3
140574,1934.146502,5,0.5741424560546875,6.64164400100708,1,3
140594,1934.165510,5,0.5194625854492188,6.540354251861572,1,3
140614,1934.186548,5,0.5194625854492188,6.540354251861572,1,3
140634,1934.206500,5,0.5194625854492188,6.540354251861572,1,3
140654,1934.225498,5,0.4921226501464844,6.486649990081787,1,3
140674,1934.245503,5,0.4921226501464844,6.486649990081787,1,3
140694,1934.265495,5,0.48665618896484375,6.282729625701904,1,3
140714,1934.285498,5,0.48665618896484375,6.282729625701904,1,3
140734,1934.305498,5,0.5139961242675781,6.339364528656006,1,3
140754,1934.325496,5,0.5139961242675781,6.339364528656006,1,3
140774,1934.345493,5,0.4811859130859375,6.158675193786621,1,3
140794,1934.365494,5,0.4811859130859375,6.158675193786621,1,3
140814,1934.385495,5,0.5413360595703125,6.233654022216797,1,3
140834,1934.405495,5,0.5413360595703125,6.233654022216797,1,3
140854,1934.425492,5,0.5030593872070312,6.16993522644043,1,3
140874,1934.445501,5,0.5030593872070312,6.16993522644043,1,3
140894,1934.465505,5,0.4538459777832031,6.187289237976074,1,3
140914,1934.485493,5,0.4538459777832031,6.187289237976074,1,3
140934,1934.505492,5,0.4975929260253906,6.180222034454346,1,3
140954,1934.525492,5,0.4975929260253906,6.180222034454346,1,3
140974,1934.545490,5,0.37729644775390625,5.920116901397705,1,3
140994,1934.565490,5,0.37729644775390625,5.920116901397705,1,3
141014,1934.585492,5,0.37729644775390625,5.920116901397705,1,3
141034,1934.605489,5,0.4538459777832031,5.960171699523926,1,3
141054,1934.625489,5,0.4538459777832031,5.960171699523926,1,3
141074,1934.645490,1,0.41010284423828125,5.918720245361328,1,3
141094,1934.665524,1,0.41010284423828125,5.918720245361328,1,3
141114,1934.685490,2,0.4811859130859375,5.908553123474121,1,3
141134,1934.705487,2,0.4811859130859375,5.908553123474121,1,3
141154,1934.725485,3,0.5085258483886719,5.855506896972656,1,3
141174,1934.745480,3,0.5085258483886719,5.855506896972656,1,3
141194,1934.765470,4,0.4811859130859375,5.803258419036865,1,3
141214,1934.785468,4,0.4811859130859375,5.803258419036865,1,3
141234,1934.805472,5,0.4210357666015625,5.739149570465088,1,3
141254,1934.825466,5,0.4210357666015625,5.739149570465088,1,3
141274,1934.845465,5,0.31714630126953125,5.8080878257751465,1,3
141294,1934.865489,5,0.31714630126953125,5.8080878257751465,1,3
141314,1934.886465,5,0.30074310302734375,5.913823127746582,1,3
141334,1934.905466,5,0.30074310302734375,5.913823127746582,1,3
141354,1934.925486,5,0.30074310302734375,5.913823127746582,1,3
141374,1934.945493,5,0.3280830383300781,5.8762640953063965,1,3
141394,1934.965480,5,0.3280830383300781,5.8762640953063965,1,3
141414,1934.985485,5,0.371826171875,5.754410266876221,1,3
141434,1935.005481,5,0.371826171875,5.754410266876221,1,3
141454,1935.025478,5,0.431976318359375,5.77872371673584,1,3
141474,1935.045480,5,0.431976318359375,5.77872371673584,1,3
141494,1935.065478,5,0.4374427795410156,5.69685173034668,1,3
141514,1935.085486,5,0.4374427795410156,5.69685173034668,1,3
141534,1935.105478,1,0.46478271484375,5.755115509033203,1,3
141554,1935.125479,1,0.46478271484375,5.755115509033203,1,3
141574,1935.145477,2,0.48665618896484375,5.773823261260986,1,3
141594,1935.165489,2,0.48665618896484375,5.773823261260986,1,3
141614,1935.185477,1,0.4210357666015625,5.763502597808838,1,3
141634,1935.205475,1,0.4210357666015625,5.763502597808838,1,3
141654,1935.225476,1,0.4210357666015625,5.763502597808838,1,3
141674,1935.245475,2,0.431976318359375,5.751712799072266,1,3
141694,1935.265476,2,0.431976318359375,5.751712799072266,1,3
141714,1935.284474,3,0.42650604248046875,5.698421001434326,1,3
141734,1935.304477,3,0.42650604248046875,5.698421001434326,1,3
141754,1935.324475,4,0.4483757019042969,5.69140100479126,1,3
141774,1935.344471,4,0.4483757019042969,5.69140100479126,1,3
141794,1935.364469,5,0.41010284423828125,5.686736106872559,1,3
141814,1935.385473,5,0.41010284423828125,5.686736106872559,1,3
141834,1935.404473,5,0.3991661071777344,5.549172878265381,1,3
141854,1935.424479,5,0.3991661071777344,5.549172878265381,1,3
141874,1935.444471,5,0.4757194519042969,5.659743785858154,1,3
141894,1935.464470,5,0.4757194519042969,5.659743785858154,1,3
141914,1935.485469,5,0.4374427795410156,5.622737407684326,1,3
141934,1935.504473,5,0.4374427795410156,5.622737407684326,1,3
141954,1935.524468,5,0.4975929260253906,5.541466236114502,1,3
141974,1935.544467,5,0.4975929260253906,5.541466236114502,1,3
141994,1935.564466,1,0.47025299072265625,5.6593523025512695,1,3
142014,1935.585469,1,0.47025299072265625,5.6593523025512695,1,3
142034,1935.604468,1,0.47025299072265625,5.6593523025512695,1,3
142054,1935.624466,2,0.3827629089355469,5.659482479095459,1,3
142074,1935.644463,2,0.3827629089355469,5.659482479095459,1,3
142094,1935.664463,3,0.5303993225097656,5.552087783813477,1,3
142114,1935.685468,3,0.5303993225097656,5.552087783813477,1,3
142134,1935.704464,4,0.5413360595703125,5.547625541687012,1,3
142154,1935.724470,4,0.5413360595703125,5.547625541687012,1,3
142174,1935.744475,5,0.4593162536621094,5.5237956047058105,1,3
142194,1935.764467,5,0.4593162536621094,5.5237956047058105,1,3
142214,1935.785466,1,0.4538459777832031,5.500820636749268,1,3
142234,1935.804464,1,0.4538459777832031,5.500820636749268,1,3
142254,1935.824470,2,0.4593162536621094,5.484227657318115,1,3
142274,1935.844461,2,0.4593162536621094,5.484227657318115,1,3
142294,1935.864461,3,0.431976318359375,5.498018741607666,1,3
142314,1935.885464,3,0.431976318359375,5.498018741607666,1,3
142334,1935.905460,4,0.524932861328125,5.462208271026611,1,3
142354,1935.924464,4,0.524932861328125,5.462208271026611,1,3
142374,1935.944459,1,0.46478271484375,5.438521862030029,1,3
142394,1935.964458,1,0.46478271484375,5.438521862030029,1,3
142414,1935.985461,1,0.46478271484375,5.438521862030029,1,3
142434,1936.004466,2,0.42650604248046875,5.411334991455078,1,3
142454,1936.024407,2,0.42650604248046875,5.411334991455078,1,3
142474,1936.044410,3,0.42650604248046875,5.344115257263184,1,3
142494,1936.064426,3,0.42650604248046875,5.344115257263184,1,3
142514,1936.084423,4,0.3444862365722656,5.335094451904297,1,3
142534,1936.104423,4,0.3444862365722656,5.335094451904297,1,3
142554,1936.125423,5,0.4811859130859375,5.408047676086426,1,3
142574,1936.144456,5,0.4811859130859375,5.408047676086426,1,3
142594,1936.164455,5,0.42650604248046875,5.400370121002197,1,3
142614,1936.184455,5,0.42650604248046875,5.400370121002197,1,3
142634,1936.204454,5,0.42650604248046875,5.140007495880127,1,3
142654,1936.225451,5,0.42650604248046875,5.140007495880127,1,3
142674,1936.244441,5,0.42650604248046875,5.140007495880127,1,3
142694,1936.264452,5,0.4811859130859375,5.2414751052856445,1,3
142714,1936.284455,5,0.4811859130859375,5.2414751052856445,1,3
142734,1936.304452,5,0.524932861328125,5.273967266082764,1,3
142754,1936.324449,5,0.524932861328125,5.273967266082764,1,3
142774,1936.344456,5,0.371826171875,5.3197340965271,1,3
142794,1936.364459,5,0.371826171875,5.3197340965271,1,3
142814,1936.384452,5,0.3390159606933594,5.200763702392578,1,3
142834,1936.404450,5,0.3390159606933594,5.200763702392578,1,3
142854,1936.424450,1,0.3882331848144531,5.206165790557861,1,3
142874,1936.444447,1,0.3882331848144531,5.206165790557861,1,3
142894,1936.464445,2,0.3882331848144531,5.191626071929932,1,3
142914,1936.485447,2,0.3882331848144531,5.191626071929932,1,3
142934,1936.504448,1,0.5686759948730469,5.1421637535095215,1,3
142954,1936.524451,1,0.5686759948730469,5.1421637535095215,1,3
142974,1936.544452,2,0.5030593872070312,5.136223793029785,1,3
142994,1936.564446,2,0.5030593872070312,5.136223793029785,1,3
143014,1936.585446,3,0.4374427795410156,5.121368885040283,1,3
143034,1936.604443,3,0.4374427795410156,5.121368885040283,1,3
143054,1936.624442,1,0.5085258483886719,5.094944477081299,1,3
143074,1936.644445,1,0.5085258483886719,5.094944477081299,1,3
143094,1936.664443,1,0.5085258483886719,5.094944477081299,1,3
143114,1936.685445,2,0.3991661071777344,5.089533805847168,1,3
143134,1936.704441,2,0.3991661071777344,5.089533805847168,1,3
143154,1936.724446,3,0.4429130554199219,5.035505771636963,1,3
143174,1936.744439,3,0.4429130554199219,5.035505771636963,1,3
143194,1936.764451,1,0.4593162536621094,5.032961845397949,1,3
143214,1936.785444,1,0.4593162536621094,5.032961845397949,1,3
143234,1936.804441,2,0.5413360595703125,5.008944034576416,1,3
143254,1936.824442,2,0.5413360595703125,5.008944034576416,1,3
143274,1936.844442,3,0.3554229736328125,5.0157084465026855,1,3
143294,1936.864434,3,0.3554229736328125,5.0157084465026855,1,3
143314,1936.885436,4,0.4429130554199219,5.04868745803833,1,3
143334,1936.904436,4,0.4429130554199219,5.04868745803833,1,3
143354,1936.924454,5,0.46478271484375,5.2533979415893555,1,3
143374,1936.944435,5,0.46478271484375,5.2533979415893555,1,3
143394,1936.964451,5,0.46478271484375,5.2533979415893555,1,3
143414,1936.985442,5,0.37729644775390625,5.031519412994385,1,3
143434,1937.003442,5,0.37729644775390625,5.031519412994385,1,3
143454,1937.024439,5,0.4593162536621094,5.007777690887451,1,3
143474,1937.044435,5,0.4593162536621094,5.007777690887451,1,3
143494,1937.063434,5,0.4429130554199219,4.988764762878418,1,3
143514,1937.085441,5,0.4429130554199219,4.988764762878418,1,3
143534,1937.103441,1,0.371826171875,4.9851393699646,1,3
143554,1937.124430,1,0.371826171875,4.9851393699646,1,3
143574,1937.143429,1,0.47025299072265625,4.963868618011475,1,3
143594,1937.164474,1,0.47025299072265625,4.963868618011475,1,3
143614,1937.185433,1,0.371826171875,4.96035099029541,1,3
143634,1937.203426,1,0.371826171875,4.96035099029541,1,3
143654,1937.224428,2,0.42650604248046875,4.979486465454102,1,3
143674,1937.243421,2,0.42650604248046875,4.979486465454102,1,3
143694,1937.263424,2,0.42650604248046875,4.979486465454102,1,3
143714,1937.285427,3,0.4046363830566406,4.969204425811768,1,3
143734,1937.303423,3,0.4046363830566406,4.969204425811768,1,3
143754,1937.324435,1,0.4538459777832031,4.961202144622803,1,3
143774,1937.343429,1,0.4538459777832031,4.961202144622803,1,3
143794,1937.363432,2,0.48665618896484375,4.905608177185059,1,3
143814,1937.385448,2,0.48665618896484375,4.905608177185059,1,3
143834,1937.404427,3,0.524932861328125,4.876841068267822,1,3
143854,1937.423426,3,0.524932861328125,4.876841068267822,1,3
143874,1937.443427,4,0.5194625854492188,4.853626728057861,1,3
143894,1937.463427,4,0.5194625854492188,4.853626728057861,1,3
143914,1937.485443,5,0.4374427795410156,5.02314567565918,1,3
143934,1937.503436,5,0.4374427795410156,5.02314567565918,1,3
143954,1937.523425,5,0.41010284423828125,4.826142311096191,1,3
143974,1937.543421,5,0.41010284423828125,4.826142311096191,1,3
143994,1937.563425,5,0.41010284423828125,4.750300884246826,1,3
144014,1937.583424,5,0.41010284423828125,4.750300884246826,1,3
144034,1937.603427,1,0.3827629089355469,4.853007793426514,1,3
144054,1937.623431,1,0.3827629089355469,4.853007793426514,1,3
144074,1937.643423,2,0.4757194519042969,4.84585428237915,1,3
144094,1937.663422,2,0.4757194519042969,4.84585428237915,1,3
144114,1937.683420,2,0.4757194519042969,4.84585428237915,1,3
144134,1937.703430,1,0.5194625854492188,4.82777214050293,1,3
144154,1937.723419,1,0.5194625854492188,4.82777214050293,1,3
144174,1937.743420,2,0.48665618896484375,4.81926155090332,1,3
144194,1937.764420,2,0.48665618896484375,4.81926155090332,1,3
144214,1937.783438,3,0.31714630126953125,4.761303424835205,1,3
144234,1937.803431,3,0.31714630126953125,4.761303424835205,1,3
144254,1937.823416,4,0.4921226501464844,4.789559841156006,1,3
144274,1937.843416,4,0.4921226501464844,4.789559841156006,1,3
144294,1937.863418,5,0.3827629089355469,4.70778226852417,1,3
144314,1937.883415,5,0.3827629089355469,4.70778226852417,1,3
144334,1937.903425,5,0.4975929260253906,4.725522994995117,1,3
144354,1937.923415,5,0.4975929260253906,4.725522994995117,1,3
144374,1937.943412,5,0.42650604248046875,4.840576648712158,1,3
144394,1937.963411,5,0.42650604248046875,4.840576648712158,1,3
144414,1937.983413,1,0.3882331848144531,4.8136467933654785,1,3
144434,1938.003424,1,0.3882331848144531,4.8136467933654785,1,3
144454,1938.023415,1,0.3882331848144531,4.8136467933654785,1,3
144474,1938.043420,1,0.46478271484375,4.819849491119385,1,3
144494,1938.063413,1,0.46478271484375,4.819849491119385,1,3
144514,1938.083413,2,0.5741424560546875,4.804384708404541,1,3
144534,1938.103420,2,0.5741424560546875,4.804384708404541,1,3
144554,1938.123412,3,0.4921226501464844,4.700878620147705,1,3
144574,1938.143409,3,0.4921226501464844,4.700878620147705,1,3
144594,1938.163412,4,0.5085258483886719,4.727620601654053,1,3
144614,1938.183408,4,0.5085258483886719,4.727620601654053,1,3
144634,1938.203416,5,0.5632095336914062,4.755517482757568,1,3
144654,1938.223411,5,0.5632095336914062,4.755517482757568,1,3
144674,1938.243408,5,0.5632095336914062,4.6534342765808105,1,3
144694,1938.263407,5,0.5632095336914062,4.6534342765808105,1,3
144714,1938.283407,5,0.5194625854492188,4.589059829711914,1,3
144734,1938.303415,5,0.5194625854492188,4.589059829711914,1,3
144754,1938.323404,5,0.36635589599609375,4.867430210113525,1,3
144774,1938.343407,5,0.36635589599609375,4.867430210113525,1,3
144794,1938.363407,5,0.36635589599609375,4.867430210113525,1,3
144814,1938.383404,5,0.4593162536621094,4.690367221832275,1,3
144834,1938.403408,5,0.4593162536621094,4.690367221832275,1,3
144854,1938.423405,5,0.5796127319335938,4.64836311340332,1,3
144874,1938.443404,5,0.5796127319335938,4.64836311340332,1,3
144894,1938.463400,5,0.5850791931152344,4.611720561981201,1,3
144914,1938.483400,5,0.5850791931152344,4.611720561981201,1,3
144934,1938.503410,1,0.6452293395996094,4.526763439178467,1,3
144954,1938.523402,1,0.6452293395996094,4.526763439178467,1,3
144974,1938.543401,2,0.5850791931152344,4.508701801300049,1,3
144994,1938.563402,2,0.5850791931152344,4.508701801300049,1,3
145014,1938.583399,1,0.683502197265625,4.479097843170166,1,3
145034,1938.603408,1,0.683502197265625,4.479097843170166,1,3
145054,1938.623400,2,0.5632095336914062,4.456585884094238,1,3
145074,1938.643398,2,0.5632095336914062,4.456585884094238,1,3
145094,1938.663397,3,0.4921226501464844,4.492177963256836,1,3
145114,1938.683397,3,0.4921226501464844,4.492177963256836,1,3
145134,1938.703406,4,0.5796127319335938,4.481441020965576,1,3
145154,1938.723411,4,0.5796127319335938,4.481441020965576,1,3
145174,1938.743436,4,0.5796127319335938,4.481441020965576,1,3
145194,1938.763398,5,0.5139961242675781,4.378194332122803,1,3
145214,1938.783391,5,0.5139961242675781,4.378194332122803,1,3
145234,1938.803402,5,0.5085258483886719,4.472373962402344,1,3
145254,1938.823396,5,0.5085258483886719,4.472373962402344,1,3
145274,1938.843391,1,0.46478271484375,4.4849348068237305,1,3
145294,1938.863390,1,0.46478271484375,4.4849348068237305,1,3
145314,1938.883395,2,0.431976318359375,4.466940879821777,1,3
145334,1938.904394,2,0.431976318359375,4.466940879821777,1,3
145354,1938.923393,3,0.46478271484375,4.4961090087890625,1,3
145374,1938.943392,3,0.46478271484375,4.4961090087890625,1,3
145394,1938.963355,4,0.4374427795410156,4.52942419052124,1,3
145414,1938.983390,4,0.4374427795410156,4.52942419052124,1,3
145434,1939.003397,5,0.4757194519042969,4.646256446838379,1,3
145454,1939.023392,5,0.4757194519042969,4.646256446838379,1,3
145474,1939.043393,5,0.311676025390625,4.68609094619751,1,3
145494,1939.063386,5,0.311676025390625,4.68609094619751,1,3
145514,1939.083388,5,0.311676025390625,4.68609094619751,1,3
145534,1939.103395,5,0.2624664306640625,4.826011657714844,1,3
145554,1939.122385,5,0.2624664306640625,4.826011657714844,1,3
145574,1939.143386,1,0.2898063659667969,4.981466770172119,1,3
145594,1939.163386,1,0.2898063659667969,4.981466770172119,1,3
145614,1939.182389,2,0.3991661071777344,5.098341941833496,1,3
145634,1939.203393,2,0.3991661071777344,5.098341941833496,1,3
145654,1939.223386,3,0.4429130554199219,5.201493740081787,1,3
145674,1939.243391,3,0.4429130554199219,5.201493740081787,1,3
145694,1939.263384,4,0.3882331848144531,5.3230390548706055,1,3
145714,1939.282388,4,0.3882331848144531,5.3230390548706055,1,3
145734,1939.302384,1,0.2898063659667969,5.46877384185791,1,3
145754,1939.322381,1,0.2898063659667969,5.46877384185791,1,3
145774,1939.342385,2,0.3226165771484375,5.612791538238525,1,3
145794,1939.362384,2,0.3226165771484375,5.612791538238525,1,3
145814,1939.382384,3,0.30074310302734375,5.8608784675598145,1,3
145834,1939.402382,3,0.30074310302734375,5.8608784675598145,1,3
145854,1939.422380,4,0.4046363830566406,6.029486179351807,1,3
145874,1939.442382,4,0.4046363830566406,6.029486179351807,1,3
145894,1939.462379,4,0.4046363830566406,6.029486179351807,1,3
145914,1939.482380,1,0.431976318359375,6.185767650604248,1,3
145934,1939.502380,1,0.431976318359375,6.185767650604248,1,3
145954,1939.522377,2,0.3936958312988281,6.351434707641602,1,3
145974,1939.542380,2,0.3936958312988281,6.351434707641602,1,3
145994,1939.562377,1,0.31714630126953125,6.563323974609375,1,3
146014,1939.582372,1,0.31714630126953125,6.563323974609375,1,3
146034,1939.602372,2,0.27886962890625,6.827054500579834,1,3
146054,1939.621378,2,0.27886962890625,6.827054500579834,1,3
146074,1939.641374,1,0.2515296936035156,7.065515995025635,1,3
146094,1939.662385,1,0.2515296936035156,7.065515995025635,1,3
146114,1939.682376,2,0.20778656005859375,7.3563761711120605,1,3
146134,1939.702374,2,0.20778656005859375,7.3563761711120605,1,3
146154,1939.721374,1,0.2898063659667969,7.640944957733154,1,3
146174,1939.742372,1,0.2898063659667969,7.640944957733154,1,3
146194,1939.762372,2,0.2023162841796875,7.961639881134033,1,3
146214,1939.782372,2,0.2023162841796875,7.961639881134033,1,3
146234,1939.802374,1,0.36635589599609375,8.415976524353027,1,3
146254,1939.822369,1,0.36635589599609375,8.415976524353027,1,3
146274,1939.842368,1,0.36635589599609375,8.415976524353027,1,3
146294,1939.862387,1,0.24059677124023438,8.760316848754883,1,3
146314,1939.882367,1,0.24059677124023438,8.760316848754883,1,3
146334,1939.902367,1,0.23512649536132812,9.126728057861328,1,3
146354,1939.922368,1,0.23512649536132812,9.126728057861328,1,3
146374,1939.942366,2,0.23512649536132812,9.499114036560059,1,3
146394,1939.962377,2,0.23512649536132812,9.499114036560059,1,3
146414,1939.982362,1,0.15857315063476562,9.816712379455566,1,3
146434,1940.002365,1,0.15857315063476562,9.816712379455566,1,3
146454,1940.022365,1,0.12576675415039062,10.390767097473145,1,3
146474,1940.042372,1,0.12576675415039062,10.390767097473145,1,3
146494,1940.061391,1,0.12029647827148438,10.821739196777344,1,3
146514,1940.081364,1,0.12029647827148438,10.821739196777344,1,3
146534,1940.101363,2,0.06561279296875,11.242284774780273,1,3
146554,1940.121362,2,0.06561279296875,11.242284774780273,1,3
146574,1940.141361,1,0.11483001708984375,11.802510261535645,1,3
146594,1940.162367,1,0.11483001708984375,11.802510261535645,1,3
146614,1940.182363,1,0.11483001708984375,11.802510261535645,1,3
146634,1940.202361,2,0.22965621948242188,12.17834758758545,1,3
146654,1940.222360,2,0.22965621948242188,12.17834758758545,1,3
146674,1940.242359,1,0.12576675415039062,12.540390968322754,1,3
146694,1940.262372,1,0.12576675415039062,12.540390968322754,1,3
146714,1940.282368,2,0.0164031982421875,12.82008171081543,1,3
146734,1940.301360,2,0.0164031982421875,12.82008171081543,1,3
146754,1940.322359,1,0.1093597412109375,13.323136329650879,1,3
146774,1940.342362,1,0.1093597412109375,13.323136329650879,1,3
146794,1940.362356,2,0.14763641357421875,13.628219604492188,1,3
146814,1940.382356,2,0.14763641357421875,13.628219604492188,1,3
146834,1940.402356,1,0.049213409423828125,13.939620971679688,1,3
146854,1940.421356,1,0.049213409423828125,13.939620971679688,1,3
146874,1940.441356,2,0.06561279296875,14.238800048828125,1,3
146894,1940.461355,2,0.06561279296875,14.238800048828125,1,3
146914,1940.481359,2,0.06561279296875,14.238800048828125,1,3
146934,1940.501356,1,0.08201980590820312,14.61835765838623,1,3
146954,1940.521354,1,0.08201980590820312,14.61835765838623,1,3
146974,1940.541351,2,0.18591690063476562,14.87558364868164,1,3
146994,1940.561354,2,0.18591690063476562,14.87558364868164,1,3
147014,1940.581352,1,0.1093597412109375,15.112411499023438,1,3
147034,1940.601354,1,0.1093597412109375,15.112411499023438,1,3
147054,1940.621352,2,0.060150146484375,15.393031120300293,1,3
147074,1940.641356,2,0.060150146484375,15.393031120300293,1,3
147094,1940.661347,1,0.07108306884765625,15.641671180725098,1,3
147114,1940.681349,1,0.07108306884765625,15.641671180725098,1,3
147134,1940.701351,2,0.08201980590820312,15.837526321411133,1,3
147154,1940.721349,2,0.08201980590820312,15.837526321411133,1,3
147174,1940.741352,3,0.10389328002929688,16.052444458007812,1,3
147194,1940.761347,3,0.10389328002929688,16.052444458007812,1,3
147214,1940.781349,3,0.10389328002929688,16.052444458007812,1,3
147234,1940.801347,4,0.13123321533203125,16.318309783935547,1,3
147254,1940.821348,4,0.13123321533203125,16.318309783935547,1,3
147274,1940.841346,5,0.07108306884765625,16.159198760986328,1,3
147294,1940.861346,5,0.07108306884765625,16.159198760986328,1,3
147314,1940.881344,5,0.05467987060546875,16.565420150756836,1,3
147334,1940.901344,5,0.05467987060546875,16.565420150756836,1,3
147354,1940.921347,1,-0.0765533447265625,17.019746780395508,1,3
147374,1940.941348,1,-0.0765533447265625,17.019746780395508,1,3
147394,1940.961342,2,-0.03827667236328125,17.26991844177246,1,3
147414,1940.981340,2,-0.03827667236328125,17.26991844177246,1,3
147434,1941.001343,3,0.0,17.477346420288086,1,3
147454,1941.021344,3,0.0,17.477346420288086,1,3
147474,1941.041362,3,0.0,17.477346420288086,1,3
147494,1941.061285,1,-0.016407012939453125,17.717761993408203,1,3
147514,1941.081303,1,-0.016407012939453125,17.717761993408203,1,3
147534,1941.101311,2,-0.005466461181640625,17.821674346923828,1,3
147554,1941.121307,2,-0.005466461181640625,17.821674346923828,1,3
147574,1941.140307,3,0.027339935302734375,17.86522674560547,1,3
147594,1941.161305,3,0.027339935302734375,17.86522674560547,1,3
147614,1941.181303,4,-0.12576675415039062,17.874164581298828,1,3
147634,1941.201294,4,-0.12576675415039062,17.874164581298828,1,3
147654,1941.221293,5,-0.1367034912109375,18.26272201538086,1,3
147674,1941.241319,5,-0.1367034912109375,18.26272201538086,1,3
147694,1941.260295,5,-0.11482620239257812,17.976877212524414,1,3
147714,1941.280296,5,-0.11482620239257812,17.976877212524414,1,3
147734,1941.301290,5,-0.22418594360351562,18.27312469482422,1,3
147754,1941.321303,5,-0.22418594360351562,18.27312469482422,1,3
147774,1941.340309,5,-0.22418594360351562,18.27312469482422,1,3
147794,1941.361299,1,-0.2843360900878906,18.532129287719727,1,3
147814,1941.380300,1,-0.2843360900878906,18.532129287719727,1,3
147834,1941.400335,2,-0.2515296936035156,18.70836067199707,1,3
147854,1941.420339,2,-0.2515296936035156,18.70836067199707,1,3
147874,1941.440335,3,-0.15857315063476562,18.855573654174805,1,3
147894,1941.460333,3,-0.15857315063476562,18.855573654174805,1,3
147914,1941.480329,1,-0.16950607299804688,18.957237243652344,1,3
147934,1941.500332,1,-0.16950607299804688,18.957237243652344,1,3
147954,1941.520342,2,-0.24059295654296875,19.21399688720703,1,3
147974,1941.540342,2,-0.24059295654296875,19.21399688720703,1,3
147994,1941.560330,3,-0.15857315063476562,19.38129234313965,1,3
148014,1941.580333,3,-0.15857315063476562,19.38129234313965,1,3
148034,1941.600330,4,-0.18044662475585938,19.57207489013672,1,3
148054,1941.620335,4,-0.18044662475585938,19.57207489013672,1,3
148074,1941.640346,4,-0.18044662475585938,19.57207489013672,1,3
148094,1941.660329,5,-0.20778656005859375,20.148590087890625,1,3
148114,1941.680327,5,-0.20778656005859375,20.148590087890625,1,3
148134,1941.700328,5,-0.22418594360351562,20.10088348388672,1,3
148154,1941.720337,5,-0.22418594360351562,20.10088348388672,1,3
148174,1941.740329,5,-0.23512649536132812,20.133378982543945,1,3
148194,1941.760326,5,-0.23512649536132812,20.133378982543945,1,3
148214,1941.780328,5,-0.09295654296875,20.289457321166992,1,3
148234,1941.800326,5,-0.09295654296875,20.289457321166992,1,3
148254,1941.820330,5,-0.1421661376953125,20.596410751342773,1,3
148274,1941.840334,5,-0.1421661376953125,20.596410751342773,1,3
148294,1941.860328,1,-0.1367034912109375,20.846559524536133,1,3
148314,1941.880325,1,-0.1367034912109375,20.846559524536133,1,3
148334,1941.900324,2,-0.246063232421875,21.050382614135742,1,3
148354,1941.920331,2,-0.246063232421875,21.050382614135742,1,3
148374,1941.940327,2,-0.246063232421875,21.050382614135742,1,3
148394,1941.960322,3,-0.3280830383300781,21.361900329589844,1,3
148414,1941.980321,3,-0.3280830383300781,21.361900329589844,1,3
148434,1942.000320,4,-0.3116798400878906,21.572275161743164,1,3
148454,1942.020334,4,-0.3116798400878906,21.572275161743164,1,3
148474,1942.040322,5,-0.2515296936035156,21.76776123046875,1,3
148494,1942.060319,5,-0.2515296936035156,21.76776123046875,1,3
148514,1942.080321,5,-0.25699615478515625,22.379314422607422,1,3
148534,1942.100324,5,-0.25699615478515625,22.379314422607422,1,3
148554,1942.120326,5,-0.27886962890625,22.181224822998047,1,3
148574,1942.140335,5,-0.27886962890625,22.181224822998047,1,3
148594,1942.160318,5,-0.3062095642089844,22.321430206298828,1,3
148614,1942.180320,5,-0.3062095642089844,22.321430206298828,1,3
148634,1942.200317,5,-0.3062095642089844,22.321430206298828,1,3
148654,1942.220321,5,-0.22418594360351562,22.952789306640625,1,3
148674,1942.240315,5,-0.22418594360351562,22.952789306640625,1,3
148694,1942.260318,5,-0.14763641357421875,22.865060806274414,1,3
148714,1942.280313,5,-0.14763641357421875,22.865060806274414,1,3
148734,1942.300319,5,-0.12029647827148438,23.05967140197754,1,3
148754,1942.320319,5,-0.12029647827148438,23.05967140197754,1,3
148774,1942.340323,5,-0.27886962890625,23.155467987060547,1,3
148794,1942.360316,5,-0.27886962890625,23.155467987060547,1,3
148814,1942.380311,5,-0.153106689453125,23.221220016479492,1,3
148834,1942.400310,5,-0.153106689453125,23.221220016479492,1,3
148854,1942.420321,5,-0.16404342651367188,23.497900009155273,1,3
148874,1942.439310,5,-0.16404342651367188,23.497900009155273,1,3
148894,1942.460309,5,-0.16404342651367188,23.497900009155273,1,3
148914,1942.480309,5,-0.19138336181640625,23.623043060302734,1,3
148934,1942.499310,5,-0.19138336181640625,23.623043060302734,1,3
148954,1942.519309,5,-0.1859130859375,23.57298469543457,1,3
148974,1942.539309,5,-0.1859130859375,23.57298469543457,1,3
148994,1942.559308,5,-0.1859130859375,24.23784828186035,1,3
149014,1942.579305,5,-0.1859130859375,24.23784828186035,1,3
149034,1942.599307,5,-0.24059295654296875,24.211406707763672,1,3
149054,1942.619307,5,-0.24059295654296875,24.211406707763672,1,3
149074,1942.639306,5,-0.21325302124023438,24.69515037536621,1,3
149094,1942.659306,5,-0.21325302124023438,24.69515037536621,1,3
149114,1942.679306,5,-0.24059295654296875,24.817577362060547,1,3
149134,1942.699303,5,-0.24059295654296875,24.817577362060547,1,3
149154,1942.719303,5,-0.24059295654296875,25.226110458374023,1,3
149174,1942.739305,5,-0.24059295654296875,25.226110458374023,1,3
149194,1942.759303,5,-0.24059295654296875,25.226110458374023,1,3
149214,1942.779303,5,-0.246063232421875,25.507740020751953,1,3
149234,1942.799303,5,-0.246063232421875,25.507740020751953,1,3
149254,1942.819311,5,-0.2515296936035156,25.24884033203125,1,3
149274,1942.839301,5,-0.2515296936035156,25.24884033203125,1,3
149294,1942.859299,5,-0.41010284423828125,25.923538208007812,1,3
149314,1942.879300,5,-0.41010284423828125,25.923538208007812,1,3
149334,1942.899301,5,-0.3226127624511719,26.183488845825195,1,3
149354,1942.919296,5,-0.3226127624511719,26.183488845825195,1,3
149374,1942.939286,1,-0.33354949951171875,26.552331924438477,1,3
149394,1942.959290,1,-0.33354949951171875,26.552331924438477,1,3
149414,1942.979290,2,-0.25699615478515625,26.815404891967773,1,3
149434,1942.999281,2,-0.25699615478515625,26.815404891967773,1,3
149454,1943.019283,2,-0.25699615478515625,26.815404891967773,1,3
149474,1943.039283,3,-0.25699615478515625,27.065372467041016,1,3
149494,1943.059297,3,-0.25699615478515625,27.065372467041016,1,3
149514,1943.079295,4,-0.27886962890625,27.411930084228516,1,3
149534,1943.099295,4,-0.27886962890625,27.411930084228516,1,3
149554,1943.119291,5,-0.339019775390625,27.586841583251953,1,3
149574,1943.139296,5,-0.339019775390625,27.586841583251953,1,3
149594,1943.159297,5,-0.3554229736328125,27.74273109436035,1,3
149614,1943.179307,5,-0.3554229736328125,27.74273109436035,1,3
149634,1943.199293,5,-0.4155693054199219,28.213233947753906,1,3
149654,1943.220299,5,-0.4155693054199219,28.213233947753906,1,3
149674,1943.239300,5,-0.3554229736328125,28.76641845703125,1,3
149694,1943.259290,5,-0.3554229736328125,28.76641845703125,1,3
149714,1943.280289,5,-0.3554229736328125,28.76641845703125,1,3
149734,1943.300290,5,-0.404632568359375,28.88976287841797,1,3
149754,1943.320297,5,-0.404632568359375,28.88976287841797,1,3
149774,1943.339295,5,-0.3663597106933594,29.170934677124023,1,3
149794,1943.360294,5,-0.3663597106933594,29.170934677124023,1,3
149814,1943.379294,5,-0.41010284423828125,29.42991828918457,1,3
149834,1943.400284,5,-0.41010284423828125,29.42991828918457,1,3
149854,1943.419287,5,-0.39369964599609375,29.392419815063477,1,3
149874,1943.439285,5,-0.39369964599609375,29.392419815063477,1,3
149894,1943.460285,5,-0.2952728271484375,30.01630973815918,1,3
149914,1943.480283,5,-0.2952728271484375,30.01630973815918,1,3
149934,1943.499285,5,-0.339019775390625,30.297348022460938,1,3
149954,1943.519286,5,-0.339019775390625,30.297348022460938,1,3
149974,1943.539283,1,-0.3772926330566406,30.387292861938477,1,3
149994,1943.559298,1,-0.3772926330566406,30.387292861938477,1,3
150014,1943.579293,1,-0.3772926330566406,30.387292861938477,1,3
150034,1943.599277,2,-0.3718299865722656,30.730806350708008,1,3
150054,1943.619268,2,-0.3718299865722656,30.730806350708008,1,3
150074,1943.639281,3,-0.21325302124023438,30.94582176208496,1,3
150094,1943.659280,3,-0.21325302124023438,30.94582176208496,1,3
150114,1943.679281,4,-0.246063232421875,31.152795791625977,1,3
150134,1943.699280,4,-0.246063232421875,31.152795791625977,1,3
150154,1943.719278,5,-0.31714630126953125,31.446277618408203,1,3
150174,1943.739279,5,-0.31714630126953125,31.446277618408203,1,3
150194,1943.759277,5,-0.33354949951171875,31.50324821472168,1,3
150214,1943.779281,5,-0.33354949951171875,31.50324821472168,1,3
150234,1943.799279,1,-0.39369964599609375,31.903732299804688,1,3
150254,1943.819278,1,-0.39369964599609375,31.903732299804688,1,3
150274,1943.839277,1,-0.39369964599609375,31.903732299804688,1,3
150294,1943.859278,2,-0.41010284423828125,32.18165969848633,1,3
150314,1943.879286,2,-0.41010284423828125,32.18165969848633,1,3
150334,1943.899276,3,-0.3882293701171875,32.538177490234375,1,3
150354,1943.919276,3,-0.3882293701171875,32.538177490234375,1,3
150374,1943.939275,4,-0.4374427795410156,32.80570983886719,1,3
150394,1943.958263,4,-0.4374427795410156,32.80570983886719,1,3
150414,1943.979287,5,-0.3882293701171875,32.96956253051758,1,3
150434,1943.999284,5,-0.3882293701171875,32.96956253051758,1,3
150454,1944.018275,5,-0.3772926330566406,33.406864166259766,1,3
150474,1944.039272,5,-0.3772926330566406,33.406864166259766,1,3
150494,1944.059271,5,-0.2679328918457031,33.82862091064453,1,3
150514,1944.078270,5,-0.2679328918457031,33.82862091064453,1,3
150534,1944.099270,5,-0.2679328918457031,33.82862091064453,1,3
150554,1944.118269,5,-0.25699615478515625,33.893348693847656,1,3
150574,1944.138271,5,-0.25699615478515625,33.893348693847656,1,3
150594,1944.158276,5,-0.34995269775390625,33.923309326171875,1,3
150614,1944.179291,5,-0.34995269775390625,33.923309326171875,1,3
150634,1944.199285,5,-0.41010284423828125,34.37663269042969,1,3
150654,1944.218269,5,-0.41010284423828125,34.37663269042969,1,3
150674,1944.238270,5,-0.27886962890625,34.645606994628906,1,3
150694,1944.259269,5,-0.27886962890625,34.645606994628906,1,3
150714,1944.279257,5,-0.2952728271484375,35.25534439086914,1,3
150734,1944.299256,5,-0.2952728271484375,35.25534439086914,1,3
150754,1944.319256,5,-0.2734031677246094,35.08099365234375,1,3
150774,1944.338260,5,-0.2734031677246094,35.08099365234375,1,3
150794,1944.358255,5,-0.339019775390625,35.40629959106445,1,3
150814,1944.378250,5,-0.339019775390625,35.40629959106445,1,3
150834,1944.399222,5,-0.339019775390625,35.40629959106445,1,3
150854,1944.418253,5,-0.3718299865722656,35.48927688598633,1,3
150874,1944.438249,5,-0.3718299865722656,35.48927688598633,1,3
150894,1944.458265,5,-0.39369964599609375,36.01301193237305,1,3
150914,1944.478246,5,-0.39369964599609375,36.01301193237305,1,3
150934,1944.498248,5,-0.3280830383300781,36.283103942871094,1,3
150954,1944.518253,5,-0.3280830383300781,36.283103942871094,1,3
150974,1944.538256,5,-0.34449005126953125,36.46505355834961,1,3
150994,1944.558261,5,-0.34449005126953125,36.46505355834961,1,3
151014,1944.578245,5,-0.45384979248046875,36.71601867675781,1,3
151034,1944.599246,5,-0.45384979248046875,36.71601867675781,1,3
151054,1944.618253,5,-0.404632568359375,37.103878021240234,1,3
151074,1944.638246,5,-0.404632568359375,37.103878021240234,1,3
151094,1944.658273,5,-0.3554229736328125,36.99734115600586,1,3
151114,1944.678244,5,-0.3554229736328125,36.99734115600586,1,3
151134,1944.699241,5,-0.3554229736328125,36.99734115600586,1,3
151154,1944.718242,5,-0.3116798400878906,37.735294342041016,1,3
151174,1944.738244,5,-0.3116798400878906,37.735294342041016,1,3
151194,1944.758242,5,-0.3554229736328125,37.75127410888672,1,3
151214,1944.778243,5,-0.3554229736328125,37.75127410888672,1,3
151234,1944.798239,5,-0.4374427795410156,38.304420471191406,1,3
151254,1944.818248,5,-0.4374427795410156,38.304420471191406,1,3
151274,1944.838239,5,-0.4374427795410156,38.784034729003906,1,3
151294,1944.858243,5,-0.4374427795410156,38.784034729003906,1,3
151314,1944.878239,5,-0.33354949951171875,38.99802780151367,1,3
151334,1944.898241,5,-0.33354949951171875,38.99802780151367,1,3
151354,1944.919238,5,-0.4210395812988281,39.49335861206055,1,3
151374,1944.938246,5,-0.4210395812988281,39.49335861206055,1,3
151394,1944.958257,5,-0.4210395812988281,39.49335861206055,1,3
151414,1944.978238,5,-0.39369964599609375,39.57709503173828,1,3
151434,1944.998239,5,-0.39369964599609375,39.57709503173828,1,3
151454,1945.018239,1,-0.4374427795410156,40.15826416015625,1,3
151474,1945.038235,1,-0.4374427795410156,40.15826416015625,1,3
151494,1945.058243,2,-0.4811897277832031,40.54314041137695,1,3
151514,1945.078236,2,-0.4811897277832031,40.54314041137695,1,3
151534,1945.098236,3,-0.4483795166015625,40.880313873291016,1,3
151554,1945.118236,3,-0.4483795166015625,40.880313873291016,1,3
151574,1945.138233,4,-0.339019775390625,41.0849723815918,1,3
151594,1945.158249,4,-0.339019775390625,41.0849723815918,1,3
151614,1945.178234,5,-0.399169921875,41.054405212402344,1,3
151634,1945.198234,5,-0.399169921875,41.054405212402344,1,3
151654,1945.218233,5,-0.399169921875,41.054405212402344,1,3
151674,1945.238236,1,-0.4483795166015625,41.75818634033203,1,3
151694,1945.258233,1,-0.4483795166015625,41.75818634033203,1,3
151714,1945.278237,2,-0.5413360595703125,42.13836669921875,1,3
151734,1945.298240,2,-0.5413360595703125,42.13836669921875,1,3
151754,1945.318234,1,-0.4702491760253906,42.602596282958984,1,3
151774,1945.338229,1,-0.4702491760253906,42.602596282958984,1,3
151794,1945.358252,2,-0.5249290466308594,42.955753326416016,1,3
151814,1945.378230,2,-0.5249290466308594,42.955753326416016,1,3
151834,1945.398230,3,-0.45384979248046875,43.2862548828125,1,3
151854,1945.418228,3,-0.45384979248046875,43.2862548828125,1,3
151874,1945.437245,4,-0.5686759948730469,43.75701904296875,1,3
151894,1945.457262,4,-0.5686759948730469,43.75701904296875,1,3
151914,1945.477225,5,-0.4921226501464844,44.1154899597168,1,3
151934,1945.498228,5,-0.4921226501464844,44.1154899597168,1,3
151954,1945.517224,5,-0.4921226501464844,44.1154899597168,1,3
151974,1945.537235,5,-0.6014862060546875,44.92567443847656,1,3
151994,1945.557237,5,-0.6014862060546875,44.92567443847656,1,3
152014,1945.577224,5,-0.5796089172363281,45.17116165161133,1,3
152034,1945.598223,5,-0.5796089172363281,45.17116165161133,1,3
152054,1945.617221,5,-0.4702491760253906,45.156124114990234,1,3
152074,1945.637235,5,-0.4702491760253906,45.156124114990234,1,3
152094,1945.657222,5,-0.46478271484375,45.41572570800781,1,3
152114,1945.677217,5,-0.46478271484375,45.41572570800781,1,3
152134,1945.698227,5,-0.5686759948730469,46.033790588378906,1,3
152154,1945.717223,5,-0.5686759948730469,46.033790588378906,1,3
152174,1945.737224,5,-0.5632095336914062,46.67947006225586,1,3
152194,1945.757250,5,-0.5632095336914062,46.67947006225586,1,3
152214,1945.777224,5,-0.5796089172363281,46.81045913696289,1,3
152234,1945.798224,5,-0.5796089172363281,46.81045913696289,1,3
152254,1945.817220,5,-0.5796089172363281,46.81045913696289,1,3
152274,1945.837221,5,-0.6014862060546875,47.636600494384766,1,3
152294,1945.857222,5,-0.6014862060546875,47.636600494384766,1,3
152314,1945.877217,5,-0.7491226196289062,47.936927795410156,1,3
152334,1945.898230,5,-0.7491226196289062,47.936927795410156,1,3
152354,1945.917215,5,-0.7327156066894531,48.35443115234375,1,3
152374,1945.937220,5,-0.7327156066894531,48.35443115234375,1,3
152394,1945.957257,5,-0.7655258178710938,48.66908264160156,1,3
152414,1945.977220,5,-0.7655258178710938,48.66908264160156,1,3
152434,1945.998224,1,-0.6835060119628906,49.27629852294922,1,3
152454,1946.017228,1,-0.6835060119628906,49.27629852294922,1,3
152474,1946.037236,2,-0.8147354125976562,49.94190216064453,1,3
152494,1946.057238,2,-0.8147354125976562,49.94190216064453,1,3
152514,1946.077302,3,-0.7381858825683594,50.49227523803711,1,3
152534,1946.098182,3,-0.7381858825683594,50.49227523803711,1,3
152554,1946.117190,3,-0.7381858825683594,50.49227523803711,1,3
