cf_timestamp_ms,host_monotonic_s,sensorFilter.surfBefore,sensorFilter.surfAfter,sensorFilter.surfDelta,sensorFilter.surfSign
62113,1855.740734,0.0,0.0,0.0,0
62133,1855.760711,0.0,0.0,0.0,0
62153,1855.780709,0.0,0.0,0.0,0
62173,1855.800708,0.0,0.0,0.0,0
62193,1855.820722,0.0,0.0,0.0,0
62213,1855.840719,0.0,0.0,0.0,0
62233,1855.860713,0.0,0.0,0.0,0
62253,1855.880707,0.0,0.0,0.0,0
62273,1855.900706,0.0,0.0,0.0,0
62293,1855.920710,0.0,0.0,0.0,0
62313,1855.940702,0.0,0.0,0.0,0
62333,1855.960680,0.0,0.0,0.0,0
62353,1855.980708,0.0,0.0,0.0,0
62373,1856.000702,0.0,0.0,0.0,0
62393,1856.020708,0.0,0.0,0.0,0
62413,1856.040721,0.0,0.0,0.0,0
62433,1856.060707,0.0,0.0,0.0,0
62453,1856.080707,0.0,0.0,0.0,0
62473,1856.100702,0.0,0.0,0.0,0
62493,1856.120705,0.0,0.0,0.0,0
62513,1856.140702,0.0,0.0,0.0,0
62533,1856.160710,0.0,0.0,0.0,0
62553,1856.180705,0.0,0.0,0.0,0
62573,1856.200703,0.0,0.0,0.0,0
62593,1856.220703,0.0,0.0,0.0,0
62613,1856.240711,0.0,0.0,0.0,0
62633,1856.260706,0.0,0.0,0.0,0
62653,1856.280727,0.0,0.0,0.0,0
62673,1856.300699,0.0,0.0,0.0,0
62693,1856.320705,0.0,0.0,0.0,0
62713,1856.340714,0.0,0.0,0.0,0
62733,1856.360704,0.0,0.0,0.0,0
62753,1856.380698,0.0,0.0,0.0,0
62773,1856.400695,0.0,0.0,0.0,0
62793,1856.420700,0.0,0.0,0.0,0
62813,1856.440695,0.0,0.0,0.0,0
62833,1856.460699,0.0,0.0,0.0,0
62853,1856.480709,0.0,0.0,0.0,0
62873,1856.500701,0.0,0.0,0.0,0
62893,1856.520697,0.0,0.0,0.0,0
62913,1856.540712,0.0,0.0,0.0,0
62933,1856.560695,0.0,0.0,0.0,0
62953,1856.580696,0.0,0.0,0.0,0
62973,1856.600693,0.0,0.0,0.0,0
62993,1856.620696,0.0,0.0,0.0,0
63013,1856.640696,0.0,0.0,0.0,0
63033,1856.660693,0.0,0.0,0.0,0
63053,1856.680706,0.0,0.0,0.0,0
63073,1856.700691,0.0,0.0,0.0,0
63093,1856.720693,0.0,0.0,0.0,0
63113,1856.740716,0.0,0.0,0.0,0
63133,1856.760693,0.0,0.0,0.0,0
63153,1856.780697,0.0,0.0,0.0,0
63173,1856.800691,0.0,0.0,0.0,0
63193,1856.820691,0.0,0.0,0.0,0
63213,1856.840692,0.0,0.0,0.0,0
63233,1856.860691,0.0,0.0,0.0,0
63253,1856.880701,0.0,0.0,0.0,0
63273,1856.900686,0.0,0.0,0.0,0
63293,1856.920692,0.0,0.0,0.0,0
63313,1856.940714,0.0,0.0,0.0,0
63333,1856.960684,0.0,0.0,0.0,0
63353,1856.980689,0.0,0.0,0.0,0
63373,1857.000683,0.0,0.0,0.0,0
63393,1857.020655,0.0,0.0,0.0,0
63413,1857.040660,0.0,0.0,0.0,0
63433,1857.060644,0.0,0.0,0.0,0
63453,1857.080646,0.0,0.0,0.0,0
63473,1857.100697,0.0,0.0,0.0,0
63493,1857.120684,0.0,0.0,0.0,0
63513,1857.140680,0.0,0.0,0.0,0
63533,1857.160677,0.0,0.0,0.0,0
63553,1857.180676,0.0,0.0,0.0,0
63573,1857.200677,0.0,0.0,0.0,0
63593,1857.220680,0.0,0.0,0.0,0
63613,1857.240672,0.0,0.0,0.0,0
63633,1857.260675,0.0,0.0,0.0,0
63653,1857.280675,0.0,0.0,0.0,0
63673,1857.299687,0.0,0.0,0.0,0
63693,1857.320678,0.0,0.0,0.0,0
63713,1857.340697,0.0,0.0,0.0,0
63733,1857.360672,0.0,0.0,0.0,0
63753,1857.380675,0.0,0.0,0.0,0
63773,1857.400675,0.0,0.0,0.0,0
63793,1857.420676,0.0,0.0,0.0,0
63813,1857.439671,0.0,0.0,0.0,0
63833,1857.459678,0.0,0.0,0.0,0
63853,1857.479669,0.0,0.0,0.0,0
63873,1857.499667,0.0,0.0,0.0,0
63893,1857.519671,0.0,0.0,0.0,0
63913,1857.539670,0.0,0.0,0.0,0
63933,1857.559673,0.0,0.0,0.0,0
63953,1857.579670,0.0,0.0,0.0,0
63973,1857.599666,0.0,0.0,0.0,0
63993,1857.619669,0.0,0.0,0.0,0
64013,1857.639666,0.0,0.0,0.0,0
64033,1857.659668,0.0,0.0,0.0,0
64053,1857.679665,0.0,0.0,0.0,0
64073,1857.699667,0.0,0.0,0.0,0
64093,1857.719671,0.0,0.0,0.0,0
64113,1857.739662,0.0,0.0,0.0,0
64133,1857.759665,0.0,0.0,0.0,0
64153,1857.779663,0.0,0.0,0.0,0
64173,1857.799662,0.0,0.0,0.0,0
64193,1857.819664,0.0,0.0,0.0,0
64213,1857.839663,0.0,0.0,0.0,0
64233,1857.859667,0.0,0.0,0.0,0
64253,1857.879662,0.0,0.0,0.0,0
64273,1857.899663,0.0,0.0,0.0,0
64293,1857.919659,0.0,0.0,0.0,0
64313,1857.939663,0.0,0.0,0.0,0
64333,1857.959660,0.0,0.0,0.0,0
64353,1857.979659,0.0,0.0,0.0,0
64373,1857.999659,0.0,0.0,0.0,0
64393,1858.019658,0.0,0.0,0.0,0
64413,1858.039656,0.0,0.0,0.0,0
64433,1858.059659,0.0,0.0,0.0,0
64453,1858.079656,0.0,0.0,0.0,0
64473,1858.099658,0.0,0.0,0.0,0
64493,1858.119655,0.0,0.0,0.0,0
64513,1858.139657,0.0,0.0,0.0,0
64533,1858.159659,0.0,0.0,0.0,0
64553,1858.179656,0.0,0.0,0.0,0
64573,1858.199653,0.0,0.0,0.0,0
64593,1858.219653,0.0,0.0,0.0,0
64613,1858.239650,0.0,0.0,0.0,0
64633,1858.259654,0.0,0.0,0.0,0
64653,1858.279653,0.0,0.0,0.0,0
64673,1858.299651,0.0,0.0,0.0,0
64693,1858.319651,0.0,0.0,0.0,0
64713,1858.339653,0.0,0.0,0.0,0
64733,1858.359647,0.0,0.0,0.0,0
64753,1858.379652,0.0,0.0,0.0,0
64773,1858.399648,0.0,0.0,0.0,0
64793,1858.419651,0.0,0.0,0.0,0
64813,1858.439649,0.0,0.0,0.0,0
64833,1858.459650,0.0,0.0,0.0,0
64853,1858.479648,0.0,0.0,0.0,0
64873,1858.499647,0.0,0.0,0.0,0
64893,1858.518647,0.0,0.0,0.0,0
64913,1858.538649,0.0,0.0,0.0,0
64933,1858.558647,0.0,0.0,0.0,0
64953,1858.578673,0.0,0.0,0.0,0
64973,1858.598647,0.0,0.0,0.0,0
64993,1858.618643,0.0,0.0,0.0,0
65013,1858.638646,0.0,0.0,0.0,0
65033,1858.658647,0.0,0.0,0.0,0
65053,1858.678649,0.0,0.0,0.0,0
65073,1858.698643,0.0,0.0,0.0,0
65093,1858.718642,0.0,0.0,0.0,0
65113,1858.738642,0.0,0.0,0.0,0
65133,1858.758654,0.0,0.0,0.0,0
65153,1858.778658,0.0,0.0,0.0,0
65173,1858.798642,0.0,0.0,0.0,0
65193,1858.818641,0.0,0.0,0.0,0
65213,1858.838639,0.0,0.0,0.0,0
65233,1858.858640,0.0,0.0,0.0,0
65253,1858.878648,0.0,0.0,0.0,0
65273,1858.898638,0.0,0.0,0.0,0
65293,1858.918635,0.0,0.0,0.0,0
65313,1858.938639,0.0,0.0,0.0,0
65333,1858.958639,0.0,0.0,0.0,0
65353,1858.978688,0.0,0.0,0.0,0
65373,1858.998635,0.0,0.0,0.0,0
65393,1859.018640,0.0,0.0,0.0,0
65413,1859.038635,0.0,0.0,0.0,0
65433,1859.058638,0.0,0.0,0.0,0
65453,1859.078634,0.0,0.0,0.0,0
65473,1859.098635,0.0,0.0,0.0,0
65493,1859.118629,0.0,0.0,0.0,0
65513,1859.138634,0.0,0.0,0.0,0
65533,1859.158646,0.0,0.0,0.0,0
65553,1859.178633,0.0,0.0,0.0,0
65573,1859.198640,0.0,0.0,0.0,0
65593,1859.218629,0.0,0.0,0.0,0
65613,1859.238631,0.0,0.0,0.0,0
65633,1859.258631,0.0,0.0,0.0,0
65653,1859.278630,0.0,0.0,0.0,0
65673,1859.298629,0.0,0.0,0.0,0
65693,1859.318625,0.0,0.0,0.0,0
65713,1859.338630,0.0,0.0,0.0,0
65733,1859.358629,0.0,0.0,0.0,0
65753,1859.378624,0.0,0.0,0.0,0
65773,1859.398212,0.0,0.0,0.0,0
65793,1859.418206,0.0,0.0,0.0,0
65813,1859.438206,0.0,0.0,0.0,0
65833,1859.458210,0.0,0.0,0.0,0
65853,1859.478203,0.0,0.0,0.0,0
65873,1859.498202,0.0,0.0,0.0,0
65893,1859.518199,0.0,0.0,0.0,0
65913,1859.538203,0.0,0.0,0.0,0
65933,1859.558213,0.0,0.0,0.0,0
65953,1859.578212,0.0,0.0,0.0,0
65973,1859.598201,0.0,0.0,0.0,0
65993,1859.618207,0.0,0.0,0.0,0
66013,1859.638202,0.0,0.0,0.0,0
66033,1859.658208,0.0,0.0,0.0,0
66053,1859.678202,0.0,0.0,0.0,0
66073,1859.698201,0.0,0.0,0.0,0
66093,1859.718201,0.0,0.0,0.0,0
66113,1859.738202,0.0,0.0,0.0,0
66133,1859.758200,0.0,0.0,0.0,0
66153,1859.778201,0.0,0.0,0.0,0
66173,1859.798619,0.0,0.0,0.0,0
66193,1859.817618,0.0,0.0,0.0,0
66213,1859.837625,0.0,0.0,0.0,0
66233,1859.857617,0.0,0.0,0.0,0
66253,1859.877616,0.0,0.0,0.0,0
66273,1859.897612,0.0,0.0,0.0,0
66293,1859.917615,0.0,0.0,0.0,0
66313,1859.937619,0.0,0.0,0.0,0
66333,1859.957611,0.0,0.0,0.0,0
66353,1859.977615,0.0,0.0,0.0,0
66373,1859.997610,0.0,0.0,0.0,0
66393,1860.017613,0.0,0.0,0.0,0
66413,1860.037616,0.0,0.0,0.0,0
66433,1860.057622,0.0,0.0,0.0,0
66453,1860.077615,0.0,0.0,0.0,0
66473,1860.097608,0.0,0.0,0.0,0
66493,1860.117607,0.0,0.0,0.0,0
66513,1860.137609,0.0,0.0,0.0,0
66533,1860.157619,0.0,0.0,0.0,0
66553,1860.177610,0.0,0.0,0.0,0
66573,1860.197607,0.0,0.0,0.0,0
66593,1860.217603,0.0,0.0,0.0,0
66613,1860.237612,0.0,0.0,0.0,0
66633,1860.257615,0.0,0.0,0.0,0
66653,1860.277608,0.0,0.0,0.0,0
66673,1860.297607,0.0,0.0,0.0,0
66693,1860.317602,0.0,0.0,0.0,0
66713,1860.337606,0.0,0.0,0.0,0
66733,1860.357604,0.0,0.0,0.0,0
66753,1860.377603,0.0,0.0,0.0,0
66773,1860.397604,0.0,0.0,0.0,0
66793,1860.417602,0.0,0.0,0.0,0
66813,1860.437604,0.0,0.0,0.0,0
66833,1860.457603,0.0,0.0,0.0,0
66853,1860.477603,0.0,0.0,0.0,0
66873,1860.497557,0.0,0.0,0.0,0
66893,1860.517557,0.0,0.0,0.0,0
66913,1860.537556,0.0,0.0,0.0,0
66933,1860.557614,0.0,0.0,0.0,0
66953,1860.577570,0.0,0.0,0.0,0
66973,1860.597569,0.0,0.0,0.0,0
66993,1860.617569,0.0,0.0,0.0,0
67013,1860.637573,0.0,0.0,0.0,0
67033,1860.657584,0.0,0.0,0.0,0
67053,1860.677591,0.0,0.0,0.0,0
67073,1860.697601,0.0,0.0,0.0,0
67093,1860.717596,0.0,0.0,0.0,0
67113,1860.737599,0.0,0.0,0.0,0
67133,1860.757592,0.0,0.0,0.0,0
67153,1860.777595,0.0,0.0,0.0,0
67173,1860.797594,0.0,0.0,0.0,0
67193,1860.817594,0.0,0.0,0.0,0
67213,1860.837598,0.0,0.0,0.0,0
67233,1860.857599,0.0,0.0,0.0,0
67253,1860.877598,0.0,0.0,0.0,0
67273,1860.897651,0.0,0.0,0.0,0
67293,1860.917594,0.0,0.0,0.0,0
67313,1860.937596,0.0,0.0,0.0,0
67333,1860.957599,0.0,0.0,0.0,0
67353,1860.977592,0.0,0.0,0.0,0
67373,1860.997594,0.0,0.0,0.0,0
67393,1861.017589,0.0,0.0,0.0,0
67413,1861.037593,0.0,0.0,0.0,0
67433,1861.057598,0.0,0.0,0.0,0
67453,1861.077590,0.0,0.0,0.0,0
67473,1861.097603,0.0,0.0,0.0,0
67493,1861.117590,0.0,0.0,0.0,0
67513,1861.136658,0.0,0.0,0.0,0
67533,1861.157598,0.0,0.0,0.0,0
67553,1861.177586,0.0,0.0,0.0,0
67573,1861.197590,0.0,0.0,0.0,0
67593,1861.217585,0.0,0.0,0.0,0
67613,1861.237587,0.0,0.0,0.0,0
67633,1861.257584,0.0,0.0,0.0,0
67653,1861.276585,0.0,0.0,0.0,0
67673,1861.297586,0.0,0.0,0.0,0
67693,1861.316650,0.0,0.0,0.0,0
67713,1861.337585,0.0,0.0,0.0,0
67733,1861.357613,0.0,0.0,0.0,0
67753,1861.377584,0.0,0.0,0.0,0
67773,1861.396580,0.0,0.0,0.0,0
67793,1861.416584,0.0,0.0,0.0,0
67813,1861.437580,0.0,0.0,0.0,0
67833,1861.457578,0.0,0.0,0.0,0
67853,1861.476579,0.0,0.0,0.0,0
67873,1861.497180,0.0,0.0,0.0,0
67893,1861.517156,0.0,0.0,0.0,0
67913,1861.537156,0.0,0.0,0.0,0
67933,1861.557150,0.0,0.0,0.0,0
67953,1861.577152,0.0,0.0,0.0,0
67973,1861.597155,0.0,0.0,0.0,0
67993,1861.617156,0.0,0.0,0.0,0
68013,1861.637146,0.0,0.0,0.0,0
68033,1861.657147,0.0,0.0,0.0,0
68053,1861.677148,0.0,0.0,0.0,0
68073,1861.697150,0.0,0.0,0.0,0
68093,1861.717148,0.0,0.0,0.0,0
68113,1861.737175,0.0,0.0,0.0,0
68133,1861.757151,0.0,0.0,0.0,0
68153,1861.777158,0.0,0.0,0.0,0
68173,1861.797145,0.0,0.0,0.0,0
68193,1861.817144,0.0,0.0,0.0,0
68213,1861.836149,0.0,0.0,0.0,0
68233,1861.856148,0.0,0.0,0.0,0
68253,1861.877144,0.0,0.0,0.0,0
68273,1861.896206,0.0,0.0,0.0,0
68293,1861.916182,0.0,0.0,0.0,0
68313,1861.936141,0.0,0.0,0.0,0
68333,1861.956152,0.0,0.0,0.0,0
68353,1861.977143,0.0,0.0,0.0,0
68373,1861.996143,0.0,0.0,0.0,0
68393,1862.016138,0.0,0.0,0.0,0
68413,1862.036139,0.0,0.0,0.0,0
68433,1862.056141,0.0,0.0,0.0,0
68453,1862.077140,0.0,0.0,0.0,0
68473,1862.096135,0.0,0.0,0.0,0
68493,1862.116136,0.0,0.0,0.0,0
68513,1862.136139,0.0,0.0,0.0,0
68533,1862.156135,0.0,0.0,0.0,0
68553,1862.176141,0.0,0.0,0.0,0
68573,1862.196135,0.0,0.0,0.0,0
68593,1862.216134,0.0,0.0,0.0,0
68613,1862.236133,0.0,0.0,0.0,0
68633,1862.256138,0.0,0.0,0.0,0
68653,1862.277132,0.0,0.0,0.0,0
68673,1862.296141,0.0,0.0,0.0,0
68693,1862.316136,0.0,0.0,0.0,0
68713,1862.336140,0.0,0.0,0.0,0
68733,1862.356133,0.0,0.0,0.0,0
68753,1862.377133,0.0,0.0,0.0,0
68773,1862.396142,0.0,0.0,0.0,0
68793,1862.416143,0.0,0.0,0.0,0
68813,1862.436135,0.0,0.0,0.0,0
68833,1862.456129,0.0,0.0,0.0,0
68853,1862.477137,0.0,0.0,0.0,0
68873,1862.496126,0.0,0.0,0.0,0
68893,1862.516128,0.0,0.0,0.0,0
68913,1862.536125,0.0,0.0,0.0,0
68933,1862.556126,0.0,0.0,0.0,0
68953,1862.577129,0.0,0.0,0.0,0
68973,1862.596158,0.0,0.0,0.0,0
68993,1862.616127,0.0,0.0,0.0,0
69013,1862.636130,0.0,0.0,0.0,0
69033,1862.656130,0.0,0.0,0.0,0
69053,1862.676126,0.0,0.0,0.0,0
69073,1862.696131,0.0,0.0,0.0,0
69093,1862.716126,0.0,0.0,0.0,0
69113,1862.736373,0.0,0.0,0.0,0
69133,1862.755548,0.0,0.0,0.0,0
69153,1862.776550,0.0,0.0,0.0,0
69173,1862.795549,0.0,0.0,0.0,0
69193,1862.815566,0.0,0.0,0.0,0
69213,1862.835549,0.0,0.0,0.0,0
69233,1862.855547,0.0,0.0,0.0,0
69253,1862.876548,0.0,0.0,0.0,0
69273,1862.895547,0.0,0.0,0.0,0
69293,1862.915545,0.0,0.0,0.0,0
69313,1862.935542,0.0,0.0,0.0,0
69333,1862.955543,0.0,0.0,0.0,0
69353,1862.976542,0.0,0.0,0.0,0
69373,1862.995542,0.0,0.0,0.0,0
69393,1863.015541,0.0,0.0,0.0,0
69413,1863.035545,0.0,0.0,0.0,0
69433,1863.055543,0.0,0.0,0.0,0
69453,1863.076550,0.0,0.0,0.0,0
69473,1863.095542,0.0,0.0,0.0,0
69493,1863.115539,0.0,0.0,0.0,0
69513,1863.135539,0.0,0.0,0.0,0
69533,1863.155540,0.0,0.0,0.0,0
69553,1863.176544,0.0,0.0,0.0,0
69573,1863.195535,0.0,0.0,0.0,0
69593,1863.215536,0.0,0.0,0.0,0
69613,1863.235537,0.0,0.0,0.0,0
69633,1863.255542,0.0,0.0,0.0,0
69653,1863.276542,0.0,0.0,0.0,0
69673,1863.295535,0.0,0.0,0.0,0
69693,1863.315534,0.0,0.0,0.0,0
69713,1863.335538,0.0,0.0,0.0,0
69733,1863.355534,0.0,0.0,0.0,0
69753,1863.376545,0.0,0.0,0.0,0
69773,1863.395533,0.0,0.0,0.0,0
69793,1863.415532,0.0,0.0,0.0,0
69813,1863.435532,0.0,0.0,0.0,0
69833,1863.455536,0.0,0.0,0.0,0
69853,1863.476544,0.0,0.0,0.0,0
69873,1863.495530,0.0,0.0,0.0,0
69893,1863.515530,0.0,0.0,0.0,0
69913,1863.535529,0.0,0.0,0.0,0
69933,1863.555529,0.0,0.0,0.0,0
69953,1863.576540,0.0,0.0,0.0,0
69973,1863.595527,0.0,0.0,0.0,0
69993,1863.615528,0.0,0.0,0.0,0
70013,1863.635529,0.0,0.0,0.0,0
70033,1863.655528,0.0,0.0,0.0,0
70053,1863.676539,0.0,0.0,0.0,0
70073,1863.695525,0.0,0.0,0.0,0
70093,1863.715526,0.0,0.0,0.0,0
70113,1863.735523,0.0,0.0,0.0,0
70133,1863.755525,0.0,0.0,0.0,0
70153,1863.776536,0.0,0.0,0.0,0
70173,1863.795523,0.0,0.0,0.0,0
70193,1863.815521,0.0,0.0,0.0,0
70213,1863.835522,0.0,0.0,0.0,0
70233,1863.855524,0.0,0.0,0.0,0
70253,1863.875537,0.0,0.0,0.0,0
70273,1863.895521,0.0,0.0,0.0,0
70293,1863.915519,0.0,0.0,0.0,0
70313,1863.935519,0.0,0.0,0.0,0
70333,1863.955522,0.0,0.0,0.0,0
70353,1863.975531,0.0,0.0,0.0,0
70373,1863.995517,0.0,0.0,0.0,0
70393,1864.015522,0.0,0.0,0.0,0
70413,1864.035516,0.0,0.0,0.0,0
70433,1864.055518,0.0,0.0,0.0,0
70453,1864.075519,0.0,0.0,0.0,0
70473,1864.095102,0.0,0.0,0.0,0
70493,1864.115098,0.0,0.0,0.0,0
70513,1864.135100,0.0,0.0,0.0,0
70533,1864.155103,0.0,0.0,0.0,0
70553,1864.175103,0.0,0.0,0.0,0
70573,1864.195095,0.0,0.0,0.0,0
70593,1864.215097,0.0,0.0,0.0,0
70613,1864.235093,0.0,0.0,0.0,0
70633,1864.255100,0.0,0.0,0.0,0
70653,1864.275115,0.0,0.0,0.0,0
70673,1864.294516,0.0,0.0,0.0,0
70693,1864.314514,0.0,0.0,0.0,0
70713,1864.334513,0.0,0.0,0.0,0
70733,1864.354515,0.0,0.0,0.0,0
70753,1864.374527,0.0,0.0,0.0,0
70773,1864.394511,0.0,0.0,0.0,0
70793,1864.414508,0.0,0.0,0.0,0
70813,1864.434509,0.0,0.0,0.0,0
70833,1864.454511,0.0,0.0,0.0,0
70853,1864.474546,0.0,0.0,0.0,0
70873,1864.494507,0.0,0.0,0.0,0
70893,1864.514510,0.0,0.0,0.0,0
70913,1864.534507,0.0,0.0,0.0,0
70933,1864.554508,0.0,0.0,0.0,0
70953,1864.574512,0.0,0.0,0.0,0
70973,1864.594509,0.0,0.0,0.0,0
70993,1864.614507,0.0,0.0,0.0,0
71013,1864.634507,0.0,0.0,0.0,0
71033,1864.654507,0.0,0.0,0.0,0
71053,1864.674512,0.0,0.0,0.0,0
71073,1864.694504,0.0,0.0,0.0,0
71093,1864.714537,0.0,0.0,0.0,0
71113,1864.734504,0.0,0.0,0.0,0
71133,1864.754508,0.0,0.0,0.0,0
71153,1864.774514,0.0,0.0,0.0,0
71173,1864.794501,0.0,0.0,0.0,0
71193,1864.814500,0.0,0.0,0.0,0
71213,1864.834503,0.0,0.0,0.0,0
71233,1864.854504,0.0,0.0,0.0,0
71253,1864.874509,0.0,0.0,0.0,0
71273,1864.894500,0.0,0.0,0.0,0
71293,1864.914531,0.0,0.0,0.0,0
71313,1864.934500,0.0,0.0,0.0,0
71333,1864.954505,0.0,0.0,0.0,0
71353,1864.974508,0.0,0.0,0.0,0
71373,1864.994496,0.0,0.0,0.0,0
71393,1865.014499,0.0,0.0,0.0,0
71413,1865.034498,0.0,0.0,0.0,0
71433,1865.054500,0.0,0.0,0.0,0
71453,1865.074511,0.0,0.0,0.0,0
71473,1865.094496,0.0,0.0,0.0,0
71493,1865.114496,0.0,0.0,0.0,0
71513,1865.134501,0.0,0.0,0.0,0
71533,1865.154496,0.0,0.0,0.0,0
71553,1865.174503,0.0,0.0,0.0,0
71573,1865.194497,0.0,0.0,0.0,0
71593,1865.214491,0.0,0.0,0.0,0
71613,1865.234490,0.0,0.0,0.0,0
71633,1865.254496,0.0,0.0,0.0,0
71653,1865.274502,0.0,0.0,0.0,0
71673,1865.294490,0.0,0.0,0.0,0
71693,1865.314490,0.0,0.0,0.0,0
71713,1865.334496,0.0,0.0,0.0,0
71733,1865.354494,0.0,0.0,0.0,0
71753,1865.374491,0.0,0.0,0.0,0
71773,1865.394490,0.0,0.0,0.0,0
71793,1865.414487,0.0,0.0,0.0,0
71813,1865.434488,0.0,0.0,0.0,0
71833,1865.454490,0.0,0.0,0.0,0
71853,1865.473486,0.0,0.0,0.0,0
71873,1865.494485,0.0,0.0,0.0,0
71893,1865.513486,0.0,0.0,0.0,0
71913,1865.534447,0.0,0.0,0.0,0
71933,1865.553447,0.0,0.0,0.0,0
71953,1865.574458,0.0,0.0,0.0,0
71973,1865.593451,0.0,0.0,0.0,0
71993,1865.613451,0.0,0.0,0.0,0
72013,1865.633448,0.0,0.0,0.0,0
72033,1865.653453,0.0,0.0,0.0,0
72053,1865.673451,0.0,0.0,0.0,0
72073,1865.693452,0.0,0.0,0.0,0
72093,1865.713451,0.0,0.0,0.0,0
72113,1865.733450,0.0,0.0,0.0,0
72133,1865.753449,0.0,0.0,0.0,0
72153,1865.773455,0.0,0.0,0.0,0
72173,1865.793451,0.0,0.0,0.0,0
72193,1865.813449,0.0,0.0,0.0,0
72213,1865.834079,0.0,0.0,0.0,0
72233,1865.854034,0.0,0.0,0.0,0
72253,1865.874073,0.0,0.0,0.0,0
72273,1865.894030,0.0,0.0,0.0,0
72293,1865.914029,0.0,0.0,0.0,0
72313,1865.934027,0.0,0.0,0.0,0
72333,1865.954033,0.0,0.0,0.0,0
72353,1865.974057,0.0,0.0,0.0,0
72373,1865.994066,0.0,0.0,0.0,0
72393,1866.014064,0.0,0.0,0.0,0
72413,1866.034062,0.0,0.0,0.0,0
72433,1866.054068,0.0,0.0,0.0,0
72453,1866.074069,0.0,0.0,0.0,0
72473,1866.094064,0.0,0.0,0.0,0
72493,1866.114055,0.0,0.0,0.0,0
72513,1866.134065,0.0,0.0,0.0,0
72533,1866.154041,0.0,0.0,0.0,0
72553,1866.174035,0.0,0.0,0.0,0
72573,1866.193475,0.0,0.0,0.0,0
72593,1866.213470,0.0,0.0,0.0,0
72613,1866.233475,0.0,0.0,0.0,0
72633,1866.253469,0.0,0.0,0.0,0
72653,1866.273468,0.0,0.0,0.0,0
72673,1866.293473,0.0,0.0,0.0,0
72693,1866.313467,0.0,0.0,0.0,0
72713,1866.333471,0.0,0.0,0.0,0
72733,1866.353466,0.0,0.0,0.0,0
72753,1866.373465,0.0,0.0,0.0,0
72773,1866.393461,0.0,0.0,0.0,0
72793,1866.413470,0.0,0.0,0.0,0
72813,1866.433470,0.0,0.0,0.0,0
72833,1866.453464,0.0,0.0,0.0,0
72853,1866.473471,0.0,0.0,0.0,0
72873,1866.493463,0.0,0.0,0.0,0
72893,1866.513460,0.0,0.0,0.0,0
72913,1866.533465,0.0,0.0,0.0,0
72933,1866.553463,0.0,0.0,0.0,0
72953,1866.573463,0.0,0.0,0.0,0
72973,1866.593456,0.0,0.0,0.0,0
72993,1866.613462,0.0,0.0,0.0,0
73013,1866.633467,0.0,0.0,0.0,0
73033,1866.653460,0.0,0.0,0.0,0
73053,1866.673458,0.0,0.0,0.0,0
73073,1866.693459,0.0,0.0,0.0,0
73093,1866.713464,0.0,0.0,0.0,0
73113,1866.733461,0.0,0.0,0.0,0
73133,1866.753459,0.0,0.0,0.0,0
73153,1866.774475,0.0,0.0,0.0,0
73173,1866.793462,0.0,0.0,0.0,0
73193,1866.813504,0.0,0.0,0.0,0
73213,1866.834466,0.0,0.0,0.0,0
73233,1866.854470,0.0,0.0,0.0,0
73253,1866.874498,0.0,0.0,0.0,0
73273,1866.893449,0.0,0.0,0.0,0
73293,1866.913465,0.0,0.0,0.0,0
73313,1866.933461,0.0,0.0,0.0,0
73333,1866.954488,0.0,0.0,0.0,0
73353,1866.973472,0.0,0.0,0.0,0
73373,1866.993503,0.0,0.0,0.0,0
73393,1867.013470,0.0,0.0,0.0,0
73413,1867.033456,0.0,0.0,0.0,0
73433,1867.053466,0.0,0.0,0.0,0
73453,1867.073457,0.0,0.0,0.0,0
73473,1867.093486,0.0,0.0,0.0,0
73493,1867.113454,0.0,0.0,0.0,0
73513,1867.133464,0.0,0.0,0.0,0
73533,1867.153485,0.0,0.0,0.0,0
73553,1867.173512,0.0,0.0,0.0,0
73573,1867.193532,0.0,0.0,0.0,0
73593,1867.213456,0.0,0.0,0.0,0
73613,1867.233478,0.0,0.0,0.0,0
73633,1867.253499,0.0,0.0,0.0,0
73653,1867.273455,0.0,0.0,0.0,0
73673,1867.293511,0.0,0.0,0.0,0
73693,1867.313475,0.0,0.0,0.0,0
73713,1867.333482,0.0,0.0,0.0,0
73733,1867.353507,0.0,0.0,0.0,0
73753,1867.373451,0.0,0.0,0.0,0
73773,1867.393477,0.0,0.0,0.0,0
73793,1867.413484,0.0,0.0,0.0,0
73813,1867.433496,0.0,0.0,0.0,0
73833,1867.453526,0.0,0.0,0.0,0
73853,1867.473490,0.0,0.0,0.0,0
73873,1867.493492,0.0,0.0,0.0,0
73893,1867.513456,0.0,0.0,0.0,0
73913,1867.533464,0.0,0.0,0.0,0
73933,1867.553463,0.0,0.0,0.0,0
73953,1867.573417,0.0,0.0,0.0,0
73973,1867.593447,0.0,0.0,0.0,0
73993,1867.613441,0.0,0.0,0.0,0
74013,1867.633448,0.0,0.0,0.0,0
74033,1867.653435,0.0,0.0,0.0,0
74053,1867.673438,0.0,0.0,0.0,0
74073,1867.693458,0.0,0.0,0.0,0
74093,1867.713434,0.0,0.0,0.0,0
74113,1867.733447,0.0,0.0,0.0,0
74133,1867.753434,0.0,0.0,0.0,0
74153,1867.773432,0.0,0.0,0.0,0
74173,1867.792445,0.0,0.0,0.0,0
74193,1867.813438,0.0,0.0,0.0,0
74213,1867.832434,0.0,0.0,0.0,0
74233,1867.852438,0.0,0.0,0.0,0
74253,1867.872432,0.0,0.0,0.0,0
74273,1867.892480,0.0,0.0,0.0,0
74293,1867.912436,0.0,0.0,0.0,0
74313,1867.932438,0.0,0.0,0.0,0
74333,1867.952431,0.0,0.0,0.0,0
74353,1867.972432,0.0,0.0,0.0,0
74373,1867.992472,0.0,0.0,0.0,0
74393,1868.012449,0.0,0.0,0.0,0
74413,1868.032426,0.0,0.0,0.0,0
74433,1868.052426,0.0,0.0,0.0,0
74453,1868.072430,0.0,0.0,0.0,0
74473,1868.092434,0.0,0.0,0.0,0
74493,1868.112425,0.0,0.0,0.0,0
74513,1868.132426,0.0,0.0,0.0,0
74533,1868.152423,0.0,0.0,0.0,0
74553,1868.172436,0.0,0.0,0.0,0
74573,1868.192429,0.0,0.0,0.0,0
74593,1868.212430,0.0,0.0,0.0,0
74613,1868.232422,0.0,0.0,0.0,0
74633,1868.252424,0.0,0.0,0.0,0
74653,1868.272425,0.0,0.0,0.0,0
74673,1868.292420,0.0,0.0,0.0,0
74693,1868.312418,0.0,0.0,0.0,0
74713,1868.332420,0.0,0.0,0.0,0
74733,1868.352420,0.0,0.0,0.0,0
74753,1868.372420,0.0,0.0,0.0,0
74773,1868.392421,0.0,0.0,0.0,0
74793,1868.412437,0.0,0.0,0.0,0
74813,1868.432420,0.0,0.0,0.0,0
74833,1868.452418,0.0,0.0,0.0,0
74853,1868.472417,0.0,0.0,0.0,0
74873,1868.492431,0.0,0.0,0.0,0
74893,1868.511413,0.0,0.0,0.0,0
74913,1868.531423,0.0,0.0,0.0,0
74933,1868.552417,0.0,0.0,0.0,0
74953,1868.571419,0.0,0.0,0.0,0
74973,1868.592453,0.0,0.0,0.0,0
74993,1868.611441,0.0,0.0,0.0,0
75013,1868.632418,0.0,0.0,0.0,0
75033,1868.651415,0.0,0.0,0.0,0
75053,1868.671423,0.0,0.0,0.0,0
75073,1868.691434,0.0,0.0,0.0,0
75093,1868.711426,0.0,0.0,0.0,0
75113,1868.731424,0.0,0.0,0.0,0
75133,1868.751415,0.0,0.0,0.0,0
75153,1868.771418,0.0,0.0,0.0,0
75173,1868.791421,0.0,0.0,0.0,0
75193,1868.811429,0.0,0.0,0.0,0
75213,1868.831418,0.0,0.0,0.0,0
75233,1868.851415,0.0,0.0,0.0,0
75253,1868.871418,0.0,0.0,0.0,0
75273,1868.891422,0.0,0.0,0.0,0
75293,1868.911449,0.0,0.0,0.0,0
75313,1868.931416,0.0,0.0,0.0,0
75333,1868.951407,0.0,0.0,0.0,0
75353,1868.971413,0.0,0.0,0.0,0
75373,1868.991442,0.0,0.0,0.0,0
75393,1869.011415,0.0,0.0,0.0,0
75413,1869.031410,0.0,0.0,0.0,0
75433,1869.051409,0.0,0.0,0.0,0
75453,1869.071409,0.0,0.0,0.0,0
75473,1869.091414,0.0,0.0,0.0,0
75493,1869.111415,0.0,0.0,0.0,0
75513,1869.131407,0.0,0.0,0.0,0
75533,1869.151404,0.0,0.0,0.0,0
75553,1869.172403,0.0,0.0,0.0,0
75573,1869.191407,0.0,0.0,0.0,0
75593,1869.211403,0.0,0.0,0.0,0
75613,1869.231397,0.0,0.0,0.0,0
75633,1869.251979,0.0,0.0,0.0,0
75653,1869.271982,0.0,0.0,0.0,0
75673,1869.291983,0.0,0.0,0.0,0
75693,1869.311974,0.0,0.0,0.0,0
75713,1869.331974,0.0,0.0,0.0,0
75733,1869.351978,0.0,0.0,0.0,0
75753,1869.371978,0.0,0.0,0.0,0
75773,1869.391979,0.0,0.0,0.0,0
75793,1869.410975,0.0,0.0,0.0,0
75813,1869.431989,0.0,0.0,0.0,0
75833,1869.451393,0.0,0.0,0.0,0
75853,1869.471396,0.0,0.0,0.0,0
75873,1869.491401,0.0,0.0,0.0,0
75893,1869.511391,0.0,0.0,0.0,0
75913,1869.531396,0.0,0.0,0.0,0
75933,1869.551394,0.0,0.0,0.0,0
75953,1869.571399,0.0,0.0,0.0,0
75973,1869.591399,0.0,0.0,0.0,0
75993,1869.611391,0.0,0.0,0.0,0
76013,1869.631388,0.0,0.0,0.0,0
76033,1869.651388,0.0,0.0,0.0,0
76053,1869.671390,0.0,0.0,0.0,0
76073,1869.691409,0.0,0.0,0.0,0
76093,1869.711419,0.0,0.0,0.0,0
76113,1869.731398,0.0,0.0,0.0,0
76133,1869.751391,0.0,0.0,0.0,0
76153,1869.771392,0.0,0.0,0.0,0
76173,1869.791441,0.0,0.0,0.0,0
76193,1869.811402,0.0,0.0,0.0,0
76213,1869.831393,0.0,0.0,0.0,0
76233,1869.851394,0.0,0.0,0.0,0
76253,1869.871392,0.0,0.0,0.0,0
76273,1869.891400,0.0,0.0,0.0,0
76293,1869.910397,0.0,0.0,0.0,0
76313,1869.931338,0.0,0.0,0.0,0
76333,1869.950354,0.0,0.0,0.0,0
76353,1869.970381,0.0,0.0,0.0,0
76373,1869.990391,0.0,0.0,0.0,0
76393,1870.010397,0.0,0.0,0.0,0
76413,1870.030390,0.0,0.0,0.0,0
76433,1870.050383,0.0,0.0,0.0,0
76453,1870.070382,0.0,0.0,0.0,0
76473,1870.090379,0.0,0.0,0.0,0
76493,1870.110393,0.0,0.0,0.0,0
76513,1870.130387,0.0,0.0,0.0,0
76533,1870.150405,0.0,0.0,0.0,0
76553,1870.170382,0.0,0.0,0.0,0
76573,1870.190397,0.0,0.0,0.0,0
76593,1870.210376,0.0,0.0,0.0,0
76613,1870.230378,0.0,0.0,0.0,0
76633,1870.250374,0.0,0.0,0.0,0
76653,1870.270374,0.0,0.0,0.0,0
76673,1870.290366,0.0,0.0,0.0,0
76693,1870.310375,0.0,0.0,0.0,0
76713,1870.330378,0.0,0.0,0.0,0
76733,1870.350376,0.0,0.0,0.0,0
76753,1870.370373,0.0,0.0,0.0,0
76773,1870.390375,0.0,0.0,0.0,0
76793,1870.410377,0.0,0.0,0.0,0
76813,1870.430373,0.0,0.0,0.0,0
76833,1870.450373,0.0,0.0,0.0,0
76853,1870.470371,0.0,0.0,0.0,0
76873,1870.490382,0.0,0.0,0.0,0
76893,1870.510373,0.0,0.0,0.0,0
76913,1870.530373,0.0,0.0,0.0,0
76933,1870.550373,0.0,0.0,0.0,0
76953,1870.570353,0.0,0.0,0.0,0
76973,1870.590321,0.0,0.0,0.0,0
76993,1870.610343,0.0,0.0,0.0,0
77013,1870.630339,0.0,0.0,0.0,0
77033,1870.650336,0.0,0.0,0.0,0
77053,1870.670336,0.0,0.0,0.0,0
77073,1870.690352,0.0,0.0,0.0,0
77093,1870.710336,0.0,0.0,0.0,0
77113,1870.730337,0.0,0.0,0.0,0
