cf_timestamp_ms,host_monotonic_s,sensorFilter.distPred,sensorFilter.distMeas,sensorFilter.baroHeight,sensorFilter.innoChFlow_x,sensorFilter.innoChFlow_y,sensorFilter.innoChTof
92808,1886.414026,0.7050000429153442,0.7008149027824402,0.0,0.0,0.0,2.268625497817993
92828,1886.434022,0.7000000476837158,0.7016239166259766,0.0,0.0,0.0,0.33925721049308777
92848,1886.454021,0.7000000476837158,0.7016239166259766,0.0,0.0,0.0,0.33925721049308777
92868,1886.474018,0.7010000348091125,0.7011171579360962,0.0,0.0,0.0,0.001770789735019207
92888,1886.494011,0.7010000348091125,0.7011171579360962,0.0,0.0,0.0,0.001770789735019207
92908,1886.514017,0.7040000557899475,0.7007320523262024,0.0,0.0,0.0,1.3823074102401733
92928,1886.534016,0.7040000557899475,0.7007320523262024,0.0,0.0,0.0,1.3823074102401733
92948,1886.554019,0.7040000557899475,0.7007320523262024,0.0,0.0,0.0,1.3823074102401733
92968,1886.574025,0.7010000348091125,0.7011591792106628,0.0,0.0,0.0,0.0032853747252374887
92988,1886.594016,0.7010000348091125,0.7011591792106628,0.0,0.0,0.0,0.0032853747252374887
93008,1886.614022,0.6980000138282776,0.7007794380187988,0.0,0.0,0.0,0.9952925443649292
93028,1886.634012,0.6980000138282776,0.7007794380187988,0.0,0.0,0.0,0.9952925443649292
93048,1886.654016,0.7000000476837158,0.70003741979599,0.0,0.0,0.0,0.0001804865023586899
93068,1886.674024,0.7000000476837158,0.70003741979599,0.0,0.0,0.0,0.0001804865023586899
93088,1886.694011,0.7000000476837158,0.6998748779296875,0.0,0.0,0.0,0.0020295954309403896
93108,1886.714010,0.7000000476837158,0.6998748779296875,0.0,0.0,0.0,0.0020295954309403896
93128,1886.734009,0.6980000138282776,0.6997843980789185,0.0,0.0,0.0,0.40931281447410583
93148,1886.754022,0.6980000138282776,0.6997843980789185,0.0,0.0,0.0,0.40931281447410583
93168,1886.774029,0.7000000476837158,0.6992710828781128,0.0,0.0,0.0,0.06855081021785736
93188,1886.793010,0.7000000476837158,0.6992710828781128,0.0,0.0,0.0,0.06855081021785736
93208,1886.814011,0.7040000557899475,0.6993223428726196,0.0,0.0,0.0,2.8305418491363525
93228,1886.833009,0.7040000557899475,0.6993223428726196,0.0,0.0,0.0,2.8305418491363525
93248,1886.852999,0.7040000557899475,0.6993223428726196,0.0,0.0,0.0,2.8305418491363525
93268,1886.873009,0.6970000267028809,0.6999005675315857,0.0,0.0,0.0,1.0816115140914917
93288,1886.892998,0.6970000267028809,0.6999005675315857,0.0,0.0,0.0,1.0816115140914917
93308,1886.913011,0.6970000267028809,0.6992043256759644,0.0,0.0,0.0,0.626929521560669
93328,1886.934007,0.6970000267028809,0.6992043256759644,0.0,0.0,0.0,0.626929521560669
93348,1886.953000,0.6990000605583191,0.6985191702842712,0.0,0.0,0.0,0.029923085123300552
93368,1886.973005,0.6990000605583191,0.6985191702842712,0.0,0.0,0.0,0.029923085123300552
93388,1886.993011,0.6980000138282776,0.6984603404998779,0.0,0.0,0.0,0.02748076617717743
93408,1887.013010,0.6980000138282776,0.6984603404998779,0.0,0.0,0.0,0.02748076617717743
93428,1887.032999,0.703000009059906,0.6979914307594299,0.0,0.0,0.0,3.2303647994995117
93448,1887.053007,0.703000009059906,0.6979914307594299,0.0,0.0,0.0,3.2303647994995117
93468,1887.072998,0.6990000605583191,0.6987828016281128,0.0,0.0,0.0,0.006098147481679916
93488,1887.093000,0.6990000605583191,0.6987828016281128,0.0,0.0,0.0,0.006098147481679916
93508,1887.112998,0.6990000605583191,0.6987828016281128,0.0,0.0,0.0,0.006098147481679916
93528,1887.132998,0.703000009059906,0.6990774869918823,0.0,0.0,0.0,1.9926103353500366
93548,1887.153000,0.703000009059906,0.6990774869918823,0.0,0.0,0.0,1.9926103353500366
93568,1887.172995,0.6990000605583191,0.6998504400253296,0.0,0.0,0.0,0.09304282069206238
93588,1887.192999,0.6990000605583191,0.6998504400253296,0.0,0.0,0.0,0.09304282069206238
93608,1887.212997,0.7050000429153442,0.699787974357605,0.0,0.0,0.0,3.506436824798584
93628,1887.232997,0.7050000429153442,0.699787974357605,0.0,0.0,0.0,3.506436824798584
93648,1887.252990,0.6970000267028809,0.700711190700531,0.0,0.0,0.0,1.7829076051712036
93668,1887.272993,0.6970000267028809,0.700711190700531,0.0,0.0,0.0,1.7829076051712036
93688,1887.292989,0.7010000348091125,0.6998758912086487,0.0,0.0,0.0,0.1624906063079834
93708,1887.312995,0.7010000348091125,0.6998758912086487,0.0,0.0,0.0,0.1624906063079834
93728,1887.332992,0.7020000219345093,0.6998878121376038,0.0,0.0,0.0,0.5756816864013672
93748,1887.352991,0.7020000219345093,0.6998878121376038,0.0,0.0,0.0,0.5756816864013672
93768,1887.372989,0.6990000605583191,0.7000719904899597,0.0,0.0,0.0,0.14869186282157898
93788,1887.392993,0.6990000605583191,0.7000719904899597,0.0,0.0,0.0,0.14869186282157898
93808,1887.413037,0.6990000605583191,0.7000719904899597,0.0,0.0,0.0,0.14869186282157898
93828,1887.432994,0.6990000605583191,0.6993457078933716,0.0,0.0,0.0,0.015495509840548038
93848,1887.452992,0.6990000605583191,0.6993457078933716,0.0,0.0,0.0,0.015495509840548038
93868,1887.472992,0.6990000605583191,0.6985339522361755,0.0,0.0,0.0,0.02798641100525856
93888,1887.492992,0.6990000605583191,0.6985339522361755,0.0,0.0,0.0,0.02798641100525856
93908,1887.512994,0.6980000138282776,0.6982657313346863,0.0,0.0,0.0,0.009123807772994041
93928,1887.532989,0.6980000138282776,0.6982657313346863,0.0,0.0,0.0,0.009123807772994041
93948,1887.552991,0.6980000138282776,0.6978635191917419,0.0,0.0,0.0,0.002413530368357897
93968,1887.572985,0.6980000138282776,0.6978635191917419,0.0,0.0,0.0,0.002413530368357897
93988,1887.592990,0.6990000605583191,0.697742760181427,0.0,0.0,0.0,0.20338793098926544
94008,1887.613010,0.6990000605583191,0.697742760181427,0.0,0.0,0.0,0.20338793098926544
94028,1887.633027,0.7000000476837158,0.6977664828300476,0.0,0.0,0.0,0.6440074443817139
94048,1887.652989,0.7000000476837158,0.6977664828300476,0.0,0.0,0.0,0.6440074443817139
94068,1887.672985,0.6970000267028809,0.6979135274887085,0.0,0.0,0.0,0.10802323371171951
94088,1887.692986,0.6970000267028809,0.6979135274887085,0.0,0.0,0.0,0.10802323371171951
94108,1887.712992,0.6970000267028809,0.6979135274887085,0.0,0.0,0.0,0.10802323371171951
94128,1887.732983,0.6980000138282776,0.6974967122077942,0.0,0.0,0.0,0.03286090865731239
94148,1887.752981,0.6980000138282776,0.6974967122077942,0.0,0.0,0.0,0.03286090865731239
94168,1887.772984,0.703000009059906,0.6971091032028198,0.0,0.0,0.0,4.46623420715332
94188,1887.792984,0.703000009059906,0.6971091032028198,0.0,0.0,0.0,4.46623420715332
94208,1887.812982,0.6950000524520874,0.6977851390838623,0.0,0.0,0.0,1.0017503499984741
94228,1887.832980,0.6950000524520874,0.6977851390838623,0.0,0.0,0.0,1.0017503499984741
94248,1887.852989,0.6970000267028809,0.6966149210929871,0.0,0.0,0.0,0.019203312695026398
94268,1887.872980,0.6970000267028809,0.6966149210929871,0.0,0.0,0.0,0.019203312695026398
94288,1887.892977,0.7010000348091125,0.6960005760192871,0.0,0.0,0.0,3.2144274711608887
94308,1887.912984,0.7010000348091125,0.6960005760192871,0.0,0.0,0.0,3.2144274711608887
94328,1887.932978,0.6990000605583191,0.6963598728179932,0.0,0.0,0.0,0.8996353149414062
94348,1887.952985,0.6990000605583191,0.6963598728179932,0.0,0.0,0.0,0.8996353149414062
94368,1887.972977,0.6990000605583191,0.6963598728179932,0.0,0.0,0.0,0.8996353149414062
94388,1887.992976,0.6960000395774841,0.6965155601501465,0.0,0.0,0.0,0.03439776599407196
94408,1888.012983,0.6960000395774841,0.6965155601501465,0.0,0.0,0.0,0.03439776599407196
94428,1888.032979,0.6970000267028809,0.6956893801689148,0.0,0.0,0.0,0.2209143489599228
94448,1888.052975,0.6970000267028809,0.6956893801689148,0.0,0.0,0.0,0.2209143489599228
94468,1888.072986,0.6970000267028809,0.6955146193504333,0.0,0.0,0.0,0.2847689688205719
94488,1888.092974,0.6970000267028809,0.6955146193504333,0.0,0.0,0.0,0.2847689688205719
94508,1888.112987,0.6950000524520874,0.6955893635749817,0.0,0.0,0.0,0.04495082050561905
94528,1888.132977,0.6950000524520874,0.6955893635749817,0.0,0.0,0.0,0.04495082050561905
94548,1888.152974,0.6950000524520874,0.6952720284461975,0.0,0.0,0.0,0.009595860727131367
94568,1888.172972,0.6950000524520874,0.6952720284461975,0.0,0.0,0.0,0.009595860727131367
94588,1888.192975,0.6980000138282776,0.6950829029083252,0.0,0.0,0.0,1.096087098121643
94608,1888.213020,0.6980000138282776,0.6950829029083252,0.0,0.0,0.0,1.096087098121643
94628,1888.232975,0.6940000057220459,0.6954182982444763,0.0,0.0,0.0,0.25993993878364563
94648,1888.252974,0.6940000057220459,0.6954182982444763,0.0,0.0,0.0,0.25993993878364563
94668,1888.272975,0.6940000057220459,0.6954182982444763,0.0,0.0,0.0,0.25993993878364563
94688,1888.292941,0.6950000524520874,0.6950525641441345,0.0,0.0,0.0,0.000357221404556185
94708,1888.312947,0.6950000524520874,0.6950525641441345,0.0,0.0,0.0,0.000357221404556185
94728,1888.332945,0.6930000185966492,0.6947905421257019,0.0,0.0,0.0,0.4125992953777313
94748,1888.352940,0.6930000185966492,0.6947905421257019,0.0,0.0,0.0,0.4125992953777313
94768,1888.372938,0.6960000395774841,0.6942897439002991,0.0,0.0,0.0,0.37769201397895813
94788,1888.392939,0.6960000395774841,0.6942897439002991,0.0,0.0,0.0,0.37769201397895813
94808,1888.412942,0.6970000267028809,0.6943303942680359,0.0,0.0,0.0,0.922717809677124
94828,1888.432938,0.6970000267028809,0.6943303942680359,0.0,0.0,0.0,0.922717809677124
94848,1888.451936,0.6930000185966492,0.6947606801986694,0.0,0.0,0.0,0.3987101912498474
94868,1888.471944,0.6930000185966492,0.6947606801986694,0.0,0.0,0.0,0.3987101912498474
94888,1888.491942,0.6950000524520874,0.6942166090011597,0.0,0.0,0.0,0.07921887934207916
94908,1888.512942,0.6950000524520874,0.6942166090011597,0.0,0.0,0.0,0.07921887934207916
94928,1888.532935,0.7000000476837158,0.6940454840660095,0.0,0.0,0.0,4.588736534118652
94948,1888.552935,0.7000000476837158,0.6940454840660095,0.0,0.0,0.0,4.588736534118652
94968,1888.571937,0.7000000476837158,0.6940454840660095,0.0,0.0,0.0,4.588736534118652
94988,1888.592936,0.6930000185966492,0.6949421167373657,0.0,0.0,0.0,0.4892997145652771
95008,1888.612941,0.6930000185966492,0.6949421167373657,0.0,0.0,0.0,0.4892997145652771
95028,1888.632960,0.690000057220459,0.6941125392913818,0.0,0.0,0.0,2.1792948246002197
95048,1888.652981,0.690000057220459,0.6941125392913818,0.0,0.0,0.0,2.1792948246002197
95068,1888.672964,0.7000000476837158,0.6932070851325989,0.0,0.0,0.0,5.963010787963867
95088,1888.692967,0.7000000476837158,0.6932070851325989,0.0,0.0,0.0,5.963010787963867
95108,1888.712971,0.6970000267028809,0.6942971348762512,0.0,0.0,0.0,0.9464994668960571
95128,1888.731962,0.6970000267028809,0.6942971348762512,0.0,0.0,0.0,0.9464994668960571
95148,1888.752962,0.6960000395774841,0.6948871612548828,0.0,0.0,0.0,0.15936629474163055
95168,1888.772964,0.6960000395774841,0.6948871612548828,0.0,0.0,0.0,0.15936629474163055
95188,1888.792963,0.6940000057220459,0.6951553225517273,0.0,0.0,0.0,0.17218917608261108
95208,1888.812997,0.6940000057220459,0.6951553225517273,0.0,0.0,0.0,0.17218917608261108
95228,1888.832960,0.6940000057220459,0.6951553225517273,0.0,0.0,0.0,0.17218917608261108
95248,1888.852959,0.6980000138282776,0.6949668526649475,0.0,0.0,0.0,1.1901683807373047
95268,1888.872959,0.6980000138282776,0.6949668526649475,0.0,0.0,0.0,1.1901683807373047
95288,1888.892962,0.6930000185966492,0.6953951120376587,0.0,0.0,0.0,0.7439084649085999
95308,1888.912969,0.6930000185966492,0.6953951120376587,0.0,0.0,0.0,0.7439084649085999
95328,1888.932963,0.6970000267028809,0.6945204734802246,0.0,0.0,0.0,0.7918440103530884
95348,1888.952957,0.6970000267028809,0.6945204734802246,0.0,0.0,0.0,0.7918440103530884
95368,1888.972960,0.6980000138282776,0.6949836611747742,0.0,0.0,0.0,1.1754785776138306
95388,1888.992957,0.6980000138282776,0.6949836611747742,0.0,0.0,0.0,1.1754785776138306
95408,1889.012962,0.6950000524520874,0.6954482197761536,0.0,0.0,0.0,0.0260176844894886
95428,1889.032952,0.6950000524520874,0.6954482197761536,0.0,0.0,0.0,0.0260176844894886
95448,1889.051954,0.6940000057220459,0.6952474117279053,0.0,0.0,0.0,0.20020513236522675
95468,1889.072954,0.6940000057220459,0.6952474117279053,0.0,0.0,0.0,0.20020513236522675
95488,1889.091953,0.6950000524520874,0.694930911064148,0.0,0.0,0.0,0.0006171775748953223
95508,1889.113012,0.6950000524520874,0.694930911064148,0.0,0.0,0.0,0.0006171775748953223
95528,1889.132956,0.6950000524520874,0.694930911064148,0.0,0.0,0.0,0.0006171775748953223
95548,1889.151951,0.6970000267028809,0.6950361728668213,0.0,0.0,0.0,0.49924686551094055
95568,1889.172954,0.6970000267028809,0.6950361728668213,0.0,0.0,0.0,0.49924686551094055
95588,1889.192954,0.6910000443458557,0.695158839225769,0.0,0.0,0.0,2.2248408794403076
95608,1889.212952,0.6910000443458557,0.695158839225769,0.0,0.0,0.0,2.2248408794403076
95628,1889.232950,0.6950000524520874,0.6942232251167297,0.0,0.0,0.0,0.07789400219917297
95648,1889.252950,0.6950000524520874,0.6942232251167297,0.0,0.0,0.0,0.07789400219917297
95668,1889.272953,0.6950000524520874,0.694358229637146,0.0,0.0,0.0,0.053321246057748795
95688,1889.292951,0.6950000524520874,0.694358229637146,0.0,0.0,0.0,0.053321246057748795
95708,1889.311966,0.6960000395774841,0.6943301558494568,0.0,0.0,0.0,0.36174535751342773
95728,1889.332954,0.6960000395774841,0.6943301558494568,0.0,0.0,0.0,0.36174535751342773
95748,1889.352947,0.6970000267028809,0.694587230682373,0.0,0.0,0.0,0.749893069267273
95768,1889.372951,0.6970000267028809,0.694587230682373,0.0,0.0,0.0,0.749893069267273
95788,1889.392946,0.6970000267028809,0.694587230682373,0.0,0.0,0.0,0.749893069267273
95808,1889.410948,0.6950000524520874,0.694683313369751,0.0,0.0,0.0,0.01296448428183794
95828,1889.432944,0.6950000524520874,0.694683313369751,0.0,0.0,0.0,0.01296448428183794
95848,1889.452944,0.6930000185966492,0.6943939924240112,0.0,0.0,0.0,0.2517562210559845
95868,1889.471944,0.6930000185966492,0.6943939924240112,0.0,0.0,0.0,0.2517562210559845
95888,1889.492943,0.6910000443458557,0.693501889705658,0.0,0.0,0.0,0.8056473135948181
95908,1889.512947,0.6910000443458557,0.693501889705658,0.0,0.0,0.0,0.8056473135948181
95928,1889.532969,0.690000057220459,0.6925199031829834,0.0,0.0,0.0,0.820040762424469
95948,1889.552945,0.690000057220459,0.6925199031829834,0.0,0.0,0.0,0.820040762424469
95968,1889.571943,0.6930000185966492,0.6916645169258118,0.0,0.0,0.0,0.23094555735588074
95988,1889.591949,0.6930000185966492,0.6916645169258118,0.0,0.0,0.0,0.23094555735588074
96008,1889.612946,0.6960000395774841,0.6914957761764526,0.0,0.0,0.0,2.6325185298919678
96028,1889.632942,0.6960000395774841,0.6914957761764526,0.0,0.0,0.0,2.6325185298919678
96048,1889.650942,0.6960000395774841,0.6920112371444702,0.0,0.0,0.0,2.0498533248901367
96068,1889.670947,0.6960000395774841,0.6920112371444702,0.0,0.0,0.0,2.0498533248901367
96088,1889.690944,0.6960000395774841,0.6920112371444702,0.0,0.0,0.0,2.0498533248901367
96108,1889.710943,0.6930000185966492,0.6923363208770752,0.0,0.0,0.0,0.05693165212869644
96128,1889.730950,0.6930000185966492,0.6923363208770752,0.0,0.0,0.0,0.05693165212869644
96148,1889.750966,0.6940000057220459,0.6921083927154541,0.0,0.0,0.0,0.4635999798774719
96168,1889.770900,0.6940000057220459,0.6921083927154541,0.0,0.0,0.0,0.4635999798774719
96188,1889.790897,0.6950000524520874,0.691931426525116,0.0,0.0,0.0,1.21193528175354
96208,1889.810891,0.6950000524520874,0.691931426525116,0.0,0.0,0.0,1.21193528175354
96228,1889.830888,0.6970000267028809,0.692197322845459,0.0,0.0,0.0,2.978480339050293
96248,1889.850887,0.6970000267028809,0.692197322845459,0.0,0.0,0.0,2.978480339050293
96268,1889.870892,0.6890000104904175,0.692819356918335,0.0,0.0,0.0,1.8874647617340088
96288,1889.890916,0.6890000104904175,0.692819356918335,0.0,0.0,0.0,1.8874647617340088
96308,1889.910902,0.6950000524520874,0.6920191645622253,0.0,0.0,0.0,1.1420698165893555
96328,1889.930966,0.6950000524520874,0.6920191645622253,0.0,0.0,0.0,1.1420698165893555
96348,1889.950937,0.6920000314712524,0.6923572421073914,0.0,0.0,0.0,0.016461841762065887
96368,1889.970940,0.6920000314712524,0.6923572421073914,0.0,0.0,0.0,0.016461841762065887
96388,1889.990965,0.6920000314712524,0.6923572421073914,0.0,0.0,0.0,0.016461841762065887
96408,1890.010938,0.6940000057220459,0.6920492649078369,0.0,0.0,0.0,0.4923706352710724
96428,1890.030933,0.6940000057220459,0.6920492649078369,0.0,0.0,0.0,0.4923706352710724
96448,1890.050931,0.6950000524520874,0.6923599243164062,0.0,0.0,0.0,0.903943657875061
96468,1890.070937,0.6950000524520874,0.6923599243164062,0.0,0.0,0.0,0.903943657875061
96488,1890.090961,0.6920000314712524,0.6925048828125,0.0,0.0,0.0,0.03283354640007019
96508,1890.110930,0.6920000314712524,0.6925048828125,0.0,0.0,0.0,0.03283354640007019
96528,1890.130934,0.6930000185966492,0.6920952200889587,0.0,0.0,0.0,0.10579570382833481
96548,1890.150981,0.6930000185966492,0.6920952200889587,0.0,0.0,0.0,0.10579570382833481
96568,1890.170937,0.6930000185966492,0.6920138597488403,0.0,0.0,0.0,0.12599791586399078
96588,1890.190975,0.6930000185966492,0.6920138597488403,0.0,0.0,0.0,0.12599791586399078
96608,1890.210937,0.6940000057220459,0.6921929717063904,0.0,0.0,0.0,0.42019301652908325
96628,1890.230927,0.6940000057220459,0.6921929717063904,0.0,0.0,0.0,0.42019301652908325
96648,1890.250928,0.6940000057220459,0.6921929717063904,0.0,0.0,0.0,0.42019301652908325
96668,1890.270935,0.6890000104904175,0.6924034357070923,0.0,0.0,0.0,1.4957841634750366
96688,1890.290927,0.6890000104904175,0.6924034357070923,0.0,0.0,0.0,1.4957841634750366
96708,1890.310933,0.6920000314712524,0.6914808750152588,0.0,0.0,0.0,0.03489800915122032
96728,1890.330927,0.6920000314712524,0.6914808750152588,0.0,0.0,0.0,0.03489800915122032
96748,1890.350924,0.6910000443458557,0.6912185549736023,0.0,0.0,0.0,0.0061425683088600636
96768,1890.370941,0.6910000443458557,0.6912185549736023,0.0,0.0,0.0,0.0061425683088600636
96788,1890.390942,0.6930000185966492,0.6909066438674927,0.0,0.0,0.0,0.5657187700271606
96808,1890.410933,0.6930000185966492,0.6909066438674927,0.0,0.0,0.0,0.5657187700271606
96828,1890.430924,0.6920000314712524,0.6910802125930786,0.0,0.0,0.0,0.10953101515769958
96848,1890.450921,0.6920000314712524,0.6910802125930786,0.0,0.0,0.0,0.10953101515769958
96868,1890.470928,0.6950000524520874,0.6910829544067383,0.0,0.0,0.0,1.9906408786773682
96888,1890.490937,0.6950000524520874,0.6910829544067383,0.0,0.0,0.0,1.9906408786773682
96908,1890.510928,0.6910000443458557,0.6917486190795898,0.0,0.0,0.0,0.0721973180770874
96928,1890.530918,0.6910000443458557,0.6917486190795898,0.0,0.0,0.0,0.0721973180770874
96948,1890.550918,0.6910000443458557,0.6917486190795898,0.0,0.0,0.0,0.0721973180770874
96968,1890.570936,0.6890000104904175,0.6914244294166565,0.0,0.0,0.0,0.7597170472145081
96988,1890.590924,0.6890000104904175,0.6914244294166565,0.0,0.0,0.0,0.7597170472145081
97008,1890.610927,0.6920000314712524,0.690815806388855,0.0,0.0,0.0,0.18170523643493652
97028,1890.630873,0.6920000314712524,0.690815806388855,0.0,0.0,0.0,0.18170523643493652
97048,1890.650866,0.690000057220459,0.6907027959823608,0.0,0.0,0.0,0.06356819719076157
97068,1890.670891,0.690000057220459,0.6907027959823608,0.0,0.0,0.0,0.06356819719076157
97088,1890.690909,0.6930000185966492,0.6905239820480347,0.0,0.0,0.0,0.7917612791061401
97108,1890.710873,0.6930000185966492,0.6905239820480347,0.0,0.0,0.0,0.7917612791061401
97128,1890.730869,0.6950000524520874,0.6908434629440308,0.0,0.0,0.0,2.237201452255249
97148,1890.750880,0.6950000524520874,0.6908434629440308,0.0,0.0,0.0,2.237201452255249
97168,1890.770881,0.6960000395774841,0.6913763284683228,0.0,0.0,0.0,2.7741940021514893
97188,1890.790934,0.6960000395774841,0.6913763284683228,0.0,0.0,0.0,2.7741940021514893
97208,1890.810923,0.6920000314712524,0.6922436356544495,0.0,0.0,0.0,0.007639996707439423
97228,1890.830917,0.6920000314712524,0.6922436356544495,0.0,0.0,0.0,0.007639996707439423
97248,1890.850915,0.6920000314712524,0.6922436356544495,0.0,0.0,0.0,0.007639996707439423
97268,1890.870921,0.6950000524520874,0.692086935043335,0.0,0.0,0.0,1.0960441827774048
97288,1890.890937,0.6950000524520874,0.692086935043335,0.0,0.0,0.0,1.0960441827774048
97308,1890.910954,0.6940000057220459,0.69245445728302,0.0,0.0,0.0,0.3093410134315491
97328,1890.930911,0.6940000057220459,0.69245445728302,0.0,0.0,0.0,0.3093410134315491
97348,1890.950912,0.6950000524520874,0.6923977136611938,0.0,0.0,0.0,0.8712545037269592
97368,1890.970916,0.6950000524520874,0.6923977136611938,0.0,0.0,0.0,0.8712545037269592
97388,1890.990918,0.6930000185966492,0.6927703619003296,0.0,0.0,0.0,0.006809093523770571
97408,1891.010914,0.6930000185966492,0.6927703619003296,0.0,0.0,0.0,0.006809093523770571
97428,1891.030912,0.6920000314712524,0.6929215788841248,0.0,0.0,0.0,0.1099429503083229
97448,1891.050907,0.6920000314712524,0.6929215788841248,0.0,0.0,0.0,0.1099429503083229
97468,1891.070915,0.6880000233650208,0.6931363344192505,0.0,0.0,0.0,3.392915964126587
97488,1891.090911,0.6880000233650208,0.6931363344192505,0.0,0.0,0.0,3.392915964126587
97508,1891.110908,0.6880000233650208,0.6931363344192505,0.0,0.0,0.0,3.392915964126587
97528,1891.129909,0.6940000057220459,0.6920616626739502,0.0,0.0,0.0,0.4848637580871582
97548,1891.149905,0.6940000057220459,0.6920616626739502,0.0,0.0,0.0,0.4848637580871582
97568,1891.169905,0.6930000185966492,0.6923648118972778,0.0,0.0,0.0,0.05221942439675331
97588,1891.189907,0.6930000185966492,0.6923648118972778,0.0,0.0,0.0,0.05221942439675331
97608,1891.209911,0.6930000185966492,0.6925357580184937,0.0,0.0,0.0,0.027957508340477943
97628,1891.229904,0.6930000185966492,0.6925357580184937,0.0,0.0,0.0,0.027957508340477943
97648,1891.249904,0.6970000267028809,0.6925309896469116,0.0,0.0,0.0,2.5727500915527344
97668,1891.269904,0.6970000267028809,0.6925309896469116,0.0,0.0,0.0,2.5727500915527344
97688,1891.289905,0.6970000267028809,0.6934266686439514,0.0,0.0,0.0,1.6499838829040527
97708,1891.309904,0.6970000267028809,0.6934266686439514,0.0,0.0,0.0,1.6499838829040527
97728,1891.329900,0.6940000057220459,0.6943837404251099,0.0,0.0,0.0,0.019075775519013405
97748,1891.349901,0.6940000057220459,0.6943837404251099,0.0,0.0,0.0,0.019075775519013405
97768,1891.369899,0.6960000395774841,0.6946962475776672,0.0,0.0,0.0,0.2187008112668991
97788,1891.389900,0.6960000395774841,0.6946962475776672,0.0,0.0,0.0,0.2187008112668991
97808,1891.409906,0.6960000395774841,0.6946962475776672,0.0,0.0,0.0,0.2187008112668991
97828,1891.429903,0.6940000057220459,0.6950414180755615,0.0,0.0,0.0,0.14001478254795074
97848,1891.449903,0.6940000057220459,0.6950414180755615,0.0,0.0,0.0,0.14001478254795074
97868,1891.469898,0.6930000185966492,0.6948491334915161,0.0,0.0,0.0,0.4426470398902893
97888,1891.489897,0.6930000185966492,0.6948491334915161,0.0,0.0,0.0,0.4426470398902893
97908,1891.509907,0.6960000395774841,0.694063127040863,0.0,0.0,0.0,0.48252421617507935
97928,1891.529899,0.6960000395774841,0.694063127040863,0.0,0.0,0.0,0.48252421617507935
97948,1891.549899,0.6980000138282776,0.6941381096839905,0.0,0.0,0.0,1.9248549938201904
97968,1891.569895,0.6980000138282776,0.6941381096839905,0.0,0.0,0.0,1.9248549938201904
97988,1891.589897,0.6970000267028809,0.6945492625236511,0.0,0.0,0.0,0.7773892283439636
98008,1891.609927,0.6970000267028809,0.6945492625236511,0.0,0.0,0.0,0.7773892283439636
98028,1891.629907,0.6970000267028809,0.6948645114898682,0.0,0.0,0.0,0.5915635228157043
98048,1891.649898,0.6970000267028809,0.6948645114898682,0.0,0.0,0.0,0.5915635228157043
98068,1891.669900,0.6980000138282776,0.695422351360321,0.0,0.0,0.0,0.8558136820793152
98088,1891.689892,0.6980000138282776,0.695422351360321,0.0,0.0,0.0,0.8558136820793152
98108,1891.709896,0.6980000138282776,0.695422351360321,0.0,0.0,0.0,0.8558136820793152
98128,1891.729901,0.6960000395774841,0.6959344744682312,0.0,0.0,0.0,0.0005554576637223363
98148,1891.749894,0.6960000395774841,0.6959344744682312,0.0,0.0,0.0,0.0005554576637223363
98168,1891.769894,0.6920000314712524,0.695929229259491,0.0,0.0,0.0,2.0000765323638916
98188,1891.789893,0.6920000314712524,0.695929229259491,0.0,0.0,0.0,2.0000765323638916
98208,1891.809895,0.6940000057220459,0.6952285766601562,0.0,0.0,0.0,0.19423866271972656
98228,1891.829934,0.6940000057220459,0.6952285766601562,0.0,0.0,0.0,0.19423866271972656
98248,1891.849889,0.6990000605583191,0.6953237652778625,0.0,0.0,0.0,1.7448571920394897
98268,1891.869892,0.6990000605583191,0.6953237652778625,0.0,0.0,0.0,1.7448571920394897
98288,1891.889887,0.6990000605583191,0.6963973641395569,0.0,0.0,0.0,0.8761424422264099
98308,1891.909900,0.6990000605583191,0.6963973641395569,0.0,0.0,0.0,0.8761424422264099
98328,1891.929892,0.6940000057220459,0.6975113153457642,0.0,0.0,0.0,1.5843602418899536
98348,1891.949888,0.6940000057220459,0.6975113153457642,0.0,0.0,0.0,1.5843602418899536
98368,1891.969889,0.6940000057220459,0.6975113153457642,0.0,0.0,0.0,1.5843602418899536
98388,1891.989886,0.6920000314712524,0.6968809366226196,0.0,0.0,0.0,3.0727665424346924
98408,1892.009886,0.6920000314712524,0.6968809366226196,0.0,0.0,0.0,3.0727665424346924
98428,1892.029946,0.6910000443458557,0.6956428289413452,0.0,0.0,0.0,2.788600206375122
98448,1892.049888,0.6910000443458557,0.6956428289413452,0.0,0.0,0.0,2.788600206375122
98468,1892.069883,0.6840000152587891,0.693977952003479,0.0,0.0,0.0,12.800704956054688
98488,1892.089882,0.6840000152587891,0.693977952003479,0.0,0.0,0.0,12.800704956054688
98508,1892.109883,0.6860000491142273,0.6911572217941284,0.0,0.0,0.0,3.4319939613342285
98528,1892.129885,0.6860000491142273,0.6911572217941284,0.0,0.0,0.0,3.4319939613342285
98548,1892.149882,0.6860000491142273,0.6888608932495117,0.0,0.0,0.0,1.0591810941696167
98568,1892.169885,0.6860000491142273,0.6888608932495117,0.0,0.0,0.0,1.0591810941696167
98588,1892.189884,0.6890000104904175,0.6864398121833801,0.0,0.0,0.0,0.842696487903595
98608,1892.209882,0.6890000104904175,0.6864398121833801,0.0,0.0,0.0,0.842696487903595
98628,1892.229882,0.6890000104904175,0.6864398121833801,0.0,0.0,0.0,0.842696487903595
98648,1892.249919,0.6830000281333923,0.6850016713142395,0.0,0.0,0.0,0.5170871615409851
98668,1892.269881,0.6830000281333923,0.6850016713142395,0.0,0.0,0.0,0.5170871615409851
98688,1892.289880,0.6810000538825989,0.6825488805770874,0.0,0.0,0.0,0.3105168342590332
98708,1892.309878,0.6810000538825989,0.6825488805770874,0.0,0.0,0.0,0.3105168342590332
98728,1892.329879,0.6780000329017639,0.6801485419273376,0.0,0.0,0.0,0.5989418625831604
98748,1892.349878,0.6780000329017639,0.6801485419273376,0.0,0.0,0.0,0.5989418625831604
98768,1892.369878,0.6770000457763672,0.6771133542060852,0.0,0.0,0.0,0.0016545732505619526
98788,1892.389877,0.6770000457763672,0.6771133542060852,0.0,0.0,0.0,0.0016545732505619526
98808,1892.409881,0.6790000200271606,0.6751489043235779,0.0,0.0,0.0,1.9172110557556152
98828,1892.429878,0.6790000200271606,0.6751489043235779,0.0,0.0,0.0,1.9172110557556152
98848,1892.449874,0.6770000457763672,0.6738511323928833,0.0,0.0,0.0,1.2850805521011353
98868,1892.469884,0.6770000457763672,0.6738511323928833,0.0,0.0,0.0,1.2850805521011353
98888,1892.489878,0.6710000038146973,0.6726797819137573,0.0,0.0,0.0,0.36644497513771057
98908,1892.509879,0.6710000038146973,0.6726797819137573,0.0,0.0,0.0,0.36644497513771057
98928,1892.528877,0.6710000038146973,0.6705557703971863,0.0,0.0,0.0,0.025442611426115036
98948,1892.548874,0.6710000038146973,0.6705557703971863,0.0,0.0,0.0,0.025442611426115036
98968,1892.568876,0.6710000038146973,0.6705557703971863,0.0,0.0,0.0,0.025442611426115036
98988,1892.589872,0.6660000085830688,0.6692097783088684,0.0,0.0,0.0,1.3323429822921753
99008,1892.608877,0.6660000085830688,0.6692097783088684,0.0,0.0,0.0,1.3323429822921753
99028,1892.628893,0.6640000343322754,0.6672400832176208,0.0,0.0,0.0,1.3609108924865723
99048,1892.648874,0.6640000343322754,0.6672400832176208,0.0,0.0,0.0,1.3609108924865723
99068,1892.668868,0.6460000276565552,0.6653954982757568,0.0,0.0,0.0,48.87598419189453
99088,1892.688879,0.6460000276565552,0.6653954982757568,0.0,0.0,0.0,48.87598419189453
99108,1892.708874,0.6290000081062317,0.663212239742279,0.0,0.0,0.0,145.15972900390625
99128,1892.728874,0.6290000081062317,0.663212239742279,0.0,0.0,0.0,145.15972900390625
99148,1892.748880,0.6260000467300415,0.6615145206451416,0.0,0.0,0.0,149.80276489257812
99168,1892.768868,0.6260000467300415,0.6615145206451416,0.0,0.0,0.0,149.80276489257812
99188,1892.788871,0.6070000529289246,0.6597813963890076,0.0,0.0,0.0,315.43878173828125
99208,1892.808884,0.6070000529289246,0.6597813963890076,0.0,0.0,0.0,315.43878173828125
99228,1892.828868,0.6030000448226929,0.6580550670623779,0.0,0.0,0.0,325.60699462890625
99248,1892.848867,0.6030000448226929,0.6580550670623779,0.0,0.0,0.0,325.60699462890625
99268,1892.868864,0.5940000414848328,0.6559004783630371,0.0,0.0,0.0,383.1172180175781
99288,1892.888869,0.5940000414848328,0.6559004783630371,0.0,0.0,0.0,383.1172180175781
99308,1892.908878,0.5940000414848328,0.6559004783630371,0.0,0.0,0.0,383.1172180175781
99328,1892.928867,0.5890000462532043,0.6542115807533264,0.0,0.0,0.0,399.0830078125
99348,1892.948867,0.5890000462532043,0.6542115807533264,0.0,0.0,0.0,399.0830078125
99368,1892.968863,0.5790000557899475,0.6521670818328857,0.0,0.0,0.0,470.8302917480469
99388,1892.988862,0.5790000557899475,0.6521670818328857,0.0,0.0,0.0,470.8302917480469
99408,1893.008868,0.5800000429153442,0.6502299904823303,0.0,0.0,0.0,405.29339599609375
99428,1893.028869,0.5800000429153442,0.6502299904823303,0.0,0.0,0.0,405.29339599609375
99448,1893.048866,0.578000009059906,0.6475995779037476,0.0,0.0,0.0,364.58380126953125
99468,1893.068828,0.578000009059906,0.6475995779037476,0.0,0.0,0.0,364.58380126953125
99488,1893.088827,0.5750000476837158,0.6451009511947632,0.0,0.0,0.0,344.13885498046875
99508,1893.108852,0.5750000476837158,0.6451009511947632,0.0,0.0,0.0,344.13885498046875
99528,1893.128865,0.5649999976158142,0.6427090764045715,0.0,0.0,0.0,392.9208679199219
99548,1893.148860,0.5649999976158142,0.6427090764045715,0.0,0.0,0.0,392.9208679199219
99568,1893.168860,0.5630000233650208,0.6400871872901917,0.0,0.0,0.0,358.9454650878906
99588,1893.188861,0.5630000233650208,0.6400871872901917,0.0,0.0,0.0,358.9454650878906
99608,1893.208862,0.5610000491142273,0.636857271194458,0.0,0.0,0.0,316.3564147949219
99628,1893.228862,0.5610000491142273,0.636857271194458,0.0,0.0,0.0,316.3564147949219
99648,1893.248857,0.5610000491142273,0.636857271194458,0.0,0.0,0.0,316.3564147949219
99668,1893.268862,0.5490000247955322,0.6344153881072998,0.0,0.0,0.0,371.892333984375
99688,1893.288857,0.5490000247955322,0.6344153881072998,0.0,0.0,0.0,371.892333984375
99708,1893.308891,0.5590000152587891,0.6319904923439026,0.0,0.0,0.0,251.7238311767578
99728,1893.328857,0.5590000152587891,0.6319904923439026,0.0,0.0,0.0,251.7238311767578
99748,1893.348856,0.5460000038146973,0.6294205784797668,0.0,0.0,0.0,304.9765625
99768,1893.368859,0.5460000038146973,0.6294205784797668,0.0,0.0,0.0,304.9765625
99788,1893.388858,0.5410000085830688,0.6263300180435181,0.0,0.0,0.0,290.5142822265625
99808,1893.408860,0.5410000085830688,0.6263300180435181,0.0,0.0,0.0,290.5142822265625
99828,1893.428862,0.5470000505447388,0.6239864230155945,0.0,0.0,0.0,219.42076110839844
99848,1893.448852,0.5470000505447388,0.6239864230155945,0.0,0.0,0.0,219.42076110839844
99868,1893.468853,0.5390000343322754,0.6216127872467041,0.0,0.0,0.0,234.6294708251953
99888,1893.488856,0.5390000343322754,0.6216127872467041,0.0,0.0,0.0,234.6294708251953
99908,1893.508925,0.5360000133514404,0.619393527507782,0.0,0.0,0.0,222.10816955566406
99928,1893.528856,0.5360000133514404,0.619393527507782,0.0,0.0,0.0,222.10816955566406
99948,1893.548869,0.5290000438690186,0.6166784763336182,0.0,0.0,0.0,224.12457275390625
99968,1893.568849,0.5290000438690186,0.6166784763336182,0.0,0.0,0.0,224.12457275390625
99988,1893.588850,0.5290000438690186,0.6166784763336182,0.0,0.0,0.0,224.12457275390625
100008,1893.608854,0.5300000309944153,0.6144790649414062,0.0,0.0,0.0,193.6873779296875
100028,1893.628855,0.5300000309944153,0.6144790649414062,0.0,0.0,0.0,193.6873779296875
100048,1893.648849,0.51500004529953,0.6123874187469482,0.0,0.0,0.0,239.80458068847656
100068,1893.668850,0.51500004529953,0.6123874187469482,0.0,0.0,0.0,239.80458068847656
100088,1893.688849,0.5139999985694885,0.6101264357566833,0.0,0.0,0.0,217.91836547851562
100108,1893.708854,0.5139999985694885,0.6101264357566833,0.0,0.0,0.0,217.91836547851562
100128,1893.728865,0.503000020980835,0.6078423261642456,0.0,0.0,0.0,242.03175354003906
100148,1893.748848,0.503000020980835,0.6078423261642456,0.0,0.0,0.0,242.03175354003906
100168,1893.768849,0.4960000216960907,0.6046651005744934,0.0,0.0,0.0,239.15045166015625
100188,1893.788846,0.4960000216960907,0.6046651005744934,0.0,0.0,0.0,239.15045166015625
100208,1893.808850,0.4930000305175781,0.6023759245872498,0.0,0.0,0.0,226.71249389648438
100228,1893.828852,0.4930000305175781,0.6023759245872498,0.0,0.0,0.0,226.71249389648438
100248,1893.848842,0.48100003600120544,0.5999685525894165,0.0,0.0,0.0,251.3923797607422
100268,1893.868844,0.48100003600120544,0.5999685525894165,0.0,0.0,0.0,251.3923797607422
100288,1893.888843,0.48000001907348633,0.5976511836051941,0.0,0.0,0.0,230.7129669189453
100308,1893.908845,0.48000001907348633,0.5976511836051941,0.0,0.0,0.0,230.7129669189453
100328,1893.928870,0.48000001907348633,0.5976511836051941,0.0,0.0,0.0,230.7129669189453
100348,1893.948861,0.48100003600120544,0.5956935286521912,0.0,0.0,0.0,202.14137268066406
100368,1893.968844,0.48100003600120544,0.5956935286521912,0.0,0.0,0.0,202.14137268066406
100388,1893.988842,0.4750000238418579,0.5936830639839172,0.0,0.0,0.0,203.57130432128906
100408,1894.008844,0.4750000238418579,0.5936830639839172,0.0,0.0,0.0,203.57130432128906
100428,1894.028847,0.4740000367164612,0.5917479991912842,0.0,0.0,0.0,188.58311462402344
100448,1894.048843,0.4740000367164612,0.5917479991912842,0.0,0.0,0.0,188.58311462402344
100468,1894.068839,0.4690000116825104,0.5890482664108276,0.0,0.0,0.0,182.06527709960938
100488,1894.088839,0.4690000116825104,0.5890482664108276,0.0,0.0,0.0,182.06527709960938
100508,1894.108841,0.46800002455711365,0.5868729948997498,0.0,0.0,0.0,168.3897705078125
100528,1894.128866,0.46800002455711365,0.5868729948997498,0.0,0.0,0.0,168.3897705078125
100548,1894.148424,0.46800002455711365,0.5846132636070251,0.0,0.0,0.0,152.9883575439453
100568,1894.168420,0.46800002455711365,0.5846132636070251,0.0,0.0,0.0,152.9883575439453
100588,1894.188419,0.46000000834465027,0.582374095916748,0.0,0.0,0.0,159.1985321044922
100608,1894.208431,0.46000000834465027,0.582374095916748,0.0,0.0,0.0,159.1985321044922
100628,1894.228419,0.4660000205039978,0.5803298950195312,0.0,0.0,0.0,131.39944458007812
100648,1894.248416,0.4660000205039978,0.5803298950195312,0.0,0.0,0.0,131.39944458007812
100668,1894.268413,0.4660000205039978,0.5803298950195312,0.0,0.0,0.0,131.39944458007812
100688,1894.288415,0.4620000123977661,0.5780474543571472,0.0,0.0,0.0,126.32422637939453
100708,1894.308499,0.4620000123977661,0.5780474543571472,0.0,0.0,0.0,126.32422637939453
100728,1894.328417,0.46000000834465027,0.5759820342063904,0.0,0.0,0.0,119.58727264404297
100748,1894.348429,0.46000000834465027,0.5759820342063904,0.0,0.0,0.0,119.58727264404297
100768,1894.368408,0.45500001311302185,0.5742044448852539,0.0,0.0,0.0,119.74752807617188
100788,1894.388408,0.45500001311302185,0.5742044448852539,0.0,0.0,0.0,119.74752807617188
100808,1894.408405,0.4620000123977661,0.5724510550498962,0.0,0.0,0.0,97.55424499511719
100828,1894.428410,0.4620000123977661,0.5724510550498962,0.0,0.0,0.0,97.55424499511719
100848,1894.448408,0.45900002121925354,0.5704269409179688,0.0,0.0,0.0,93.13502502441406
100868,1894.468403,0.45900002121925354,0.5704269409179688,0.0,0.0,0.0,93.13502502441406
100888,1894.488408,0.4540000259876251,0.568917989730835,0.0,0.0,0.0,94.16151428222656
100908,1894.508408,0.4540000259876251,0.568917989730835,0.0,0.0,0.0,94.16151428222656
100928,1894.528409,0.4580000340938568,0.5673146843910217,0.0,0.0,0.0,81.06462097167969
100948,1894.547472,0.4580000340938568,0.5673146843910217,0.0,0.0,0.0,81.06462097167969
100968,1894.568406,0.45500001311302185,0.5658485889434814,0.0,0.0,0.0,79.3332290649414
100988,1894.587413,0.45500001311302185,0.5658485889434814,0.0,0.0,0.0,79.3332290649414
101008,1894.607402,0.45500001311302185,0.5658485889434814,0.0,0.0,0.0,79.3332290649414
101028,1894.627404,0.4620000123977661,0.5638595223426819,0.0,0.0,0.0,63.0233268737793
101048,1894.647406,0.4620000123977661,0.5638595223426819,0.0,0.0,0.0,63.0233268737793
101068,1894.667376,0.4610000252723694,0.5618694424629211,0.0,0.0,0.0,58.93803405761719
101088,1894.687381,0.4610000252723694,0.5618694424629211,0.0,0.0,0.0,58.93803405761719
101108,1894.707379,0.4620000123977661,0.5596413016319275,0.0,0.0,0.0,52.709049224853516
101128,1894.727375,0.4620000123977661,0.5596413016319275,0.0,0.0,0.0,52.709049224853516
101148,1894.747424,0.45600003004074097,0.5576069355010986,0.0,0.0,0.0,54.50836181640625
101168,1894.767400,0.45600003004074097,0.5576069355010986,0.0,0.0,0.0,54.50836181640625
101188,1894.787410,0.46400001645088196,0.5559712052345276,0.0,0.0,0.0,42.663818359375
101208,1894.807408,0.46400001645088196,0.5559712052345276,0.0,0.0,0.0,42.663818359375
101228,1894.827404,0.4620000123977661,0.5537416338920593,0.0,0.0,0.0,40.160621643066406
101248,1894.847402,0.4620000123977661,0.5537416338920593,0.0,0.0,0.0,40.160621643066406
101268,1894.867400,0.4650000333786011,0.5520628690719604,0.0,0.0,0.0,34.60557556152344
101288,1894.887404,0.4650000333786011,0.5520628690719604,0.0,0.0,0.0,34.60557556152344
101308,1894.907423,0.45900002121925354,0.550446093082428,0.0,0.0,0.0,36.549072265625
101328,1894.927400,0.45900002121925354,0.550446093082428,0.0,0.0,0.0,36.549072265625
101348,1894.947396,0.46700000762939453,0.5487348437309265,0.0,0.0,0.0,27.935970306396484
101368,1894.967415,0.46700000762939453,0.5487348437309265,0.0,0.0,0.0,27.935970306396484
101388,1894.987399,0.46700000762939453,0.5487348437309265,0.0,0.0,0.0,27.935970306396484
101408,1895.007401,0.46700000762939453,0.5467285513877869,0.0,0.0,0.0,25.195281982421875
101428,1895.027396,0.46700000762939453,0.5467285513877869,0.0,0.0,0.0,25.195281982421875
101448,1895.047392,0.46300002932548523,0.544856071472168,0.0,0.0,0.0,25.47420883178711
101468,1895.067393,0.46300002932548523,0.544856071472168,0.0,0.0,0.0,25.47420883178711
101488,1895.087403,0.46400001645088196,0.5429953932762146,0.0,0.0,0.0,22.767141342163086
101508,1895.107407,0.46400001645088196,0.5429953932762146,0.0,0.0,0.0,22.767141342163086
101528,1895.127395,0.4660000205039978,0.5410573482513428,0.0,0.0,0.0,19.737014770507812
101548,1895.147389,0.4660000205039978,0.5410573482513428,0.0,0.0,0.0,19.737014770507812
101568,1895.167413,0.4610000252723694,0.4640362858772278,0.0,0.0,0.0,0.7244965434074402
101588,1895.187397,0.4610000252723694,0.4640362858772278,0.0,0.0,0.0,0.7244965434074402
101608,1895.207405,0.46700000762939453,0.45776546001434326,0.0,0.0,0.0,8.755683898925781
101628,1895.227396,0.46700000762939453,0.45776546001434326,0.0,0.0,0.0,8.755683898925781
101648,1895.247388,0.46400001645088196,0.45738163590431213,0.0,0.0,0.0,5.014420032501221
101668,1895.267395,0.46400001645088196,0.45738163590431213,0.0,0.0,0.0,5.014420032501221
101688,1895.287395,0.46800002455711365,0.4557490646839142,0.0,0.0,0.0,18.117883682250977
101708,1895.307396,0.46800002455711365,0.4557490646839142,0.0,0.0,0.0,18.117883682250977
101728,1895.327390,0.46800002455711365,0.4557490646839142,0.0,0.0,0.0,18.117883682250977
101748,1895.347386,0.4610000252723694,0.45553889870643616,0.0,0.0,0.0,3.701463460922241
101768,1895.367388,0.4610000252723694,0.45553889870643616,0.0,0.0,0.0,3.701463460922241
101788,1895.387399,0.46300002932548523,0.453349232673645,0.0,0.0,0.0,11.598572731018066
101808,1895.407385,0.46300002932548523,0.453349232673645,0.0,0.0,0.0,11.598572731018066
101828,1895.427389,0.4620000123977661,0.4526653587818146,0.0,0.0,0.0,10.943649291992188
101848,1895.447386,0.4620000123977661,0.4526653587818146,0.0,0.0,0.0,10.943649291992188
101868,1895.467386,0.46400001645088196,0.45196712017059326,0.0,0.0,0.0,18.260034561157227
101888,1895.487392,0.46400001645088196,0.45196712017059326,0.0,0.0,0.0,18.260034561157227
101908,1895.507407,0.46300002932548523,0.4519849121570587,0.0,0.0,0.0,15.333369255065918
101928,1895.527387,0.46300002932548523,0.4519849121570587,0.0,0.0,0.0,15.333369255065918
101948,1895.547380,0.46400001645088196,0.45133256912231445,0.0,0.0,0.0,20.068552017211914
101968,1895.567379,0.46400001645088196,0.45133256912231445,0.0,0.0,0.0,20.068552017211914
101988,1895.587396,0.4700000286102295,0.4489884078502655,0.0,0.0,0.0,52.446067810058594
102008,1895.607391,0.4700000286102295,0.4489884078502655,0.0,0.0,0.0,52.446067810058594
102028,1895.627380,0.46300002932548523,0.4467201828956604,0.0,0.0,0.0,29.71009063720703
102048,1895.647379,0.46300002932548523,0.4467201828956604,0.0,0.0,0.0,29.71009063720703
102068,1895.667380,0.46300002932548523,0.44443586468696594,0.0,0.0,0.0,36.239410400390625
102088,1895.687393,0.46300002932548523,0.44443586468696594,0.0,0.0,0.0,36.239410400390625
102108,1895.707384,0.46300002932548523,0.44443586468696594,0.0,0.0,0.0,36.239410400390625
102128,1895.727379,0.46300002932548523,0.4419515132904053,0.0,0.0,0.0,43.48491668701172
102148,1895.747338,0.46300002932548523,0.4419515132904053,0.0,0.0,0.0,43.48491668701172
102168,1895.767355,0.46700000762939453,0.4391692280769348,0.0,0.0,0.0,69.31146240234375
102188,1895.787349,0.46700000762939453,0.4391692280769348,0.0,0.0,0.0,69.31146240234375
102208,1895.807354,0.46700000762939453,0.43681493401527405,0.0,0.0,0.0,75.46235656738281
102228,1895.827349,0.46700000762939453,0.43681493401527405,0.0,0.0,0.0,75.46235656738281
102248,1895.847348,0.46700000762939453,0.4342963397502899,0.0,0.0,0.0,81.7921371459961
102268,1895.867349,0.46700000762939453,0.4342963397502899,0.0,0.0,0.0,81.7921371459961
102288,1895.887352,0.46000000834465027,0.43185216188430786,0.0,0.0,0.0,55.843753814697266
102308,1895.907384,0.46000000834465027,0.43185216188430786,0.0,0.0,0.0,55.843753814697266
102328,1895.927379,0.46000000834465027,0.4286652207374573,0.0,0.0,0.0,62.41572570800781
102348,1895.947374,0.46000000834465027,0.4286652207374573,0.0,0.0,0.0,62.41572570800781
102368,1895.966374,0.46000000834465027,0.42631807923316956,0.0,0.0,0.0,66.32874298095703
102388,1895.987380,0.46000000834465027,0.42631807923316956,0.0,0.0,0.0,66.32874298095703
102408,1896.006378,0.46400001645088196,0.423787385225296,0.0,0.0,0.0,86.75849151611328
102428,1896.027376,0.46400001645088196,0.423787385225296,0.0,0.0,0.0,86.75849151611328
102448,1896.047375,0.46400001645088196,0.423787385225296,0.0,0.0,0.0,86.75849151611328
102468,1896.067372,0.46300002932548523,0.4209199547767639,0.0,0.0,0.0,85.54141235351562
102488,1896.087380,0.46300002932548523,0.4209199547767639,0.0,0.0,0.0,85.54141235351562
102508,1896.107372,0.4710000157356262,0.4184859097003937,0.0,0.0,0.0,122.61254119873047
102528,1896.126374,0.4710000157356262,0.4184859097003937,0.0,0.0,0.0,122.61254119873047
102548,1896.147371,0.46400001645088196,0.4160735011100769,0.0,0.0,0.0,94.05403900146484
102568,1896.167371,0.46400001645088196,0.4160735011100769,0.0,0.0,0.0,94.05403900146484
102588,1896.187376,0.4620000123977661,0.41365906596183777,0.0,0.0,0.0,88.20181274414062
102608,1896.207374,0.4620000123977661,0.41365906596183777,0.0,0.0,0.0,88.20181274414062
102628,1896.226387,0.46700000762939453,0.4110405743122101,0.0,0.0,0.0,109.084716796875
102648,1896.246372,0.46700000762939453,0.4110405743122101,0.0,0.0,0.0,109.084716796875
102668,1896.266370,0.4660000205039978,0.40788742899894714,0.0,0.0,0.0,106.61811065673828
102688,1896.286368,0.4660000205039978,0.40788742899894714,0.0,0.0,0.0,106.61811065673828
102708,1896.306366,0.4700000286102295,0.40554341673851013,0.0,0.0,0.0,121.3530044555664
102728,1896.326370,0.4700000286102295,0.40554341673851013,0.0,0.0,0.0,121.3530044555664
102748,1896.346365,0.4700000286102295,0.40554341673851013,0.0,0.0,0.0,121.3530044555664
102768,1896.366364,0.4650000333786011,0.40313926339149475,0.0,0.0,0.0,103.54834747314453
102788,1896.386362,0.4650000333786011,0.40313926339149475,0.0,0.0,0.0,103.54834747314453
102808,1896.406363,0.46400001645088196,0.4002981185913086,0.0,0.0,0.0,99.92432403564453
102828,1896.426367,0.46400001645088196,0.4002981185913086,0.0,0.0,0.0,99.92432403564453
102848,1896.446397,0.4650000333786011,0.397869735956192,0.0,0.0,0.0,103.10240936279297
102868,1896.466368,0.4650000333786011,0.397869735956192,0.0,0.0,0.0,103.10240936279297
102888,1896.486362,0.46400001645088196,0.39546388387680054,0.0,0.0,0.0,99.98391723632812
102908,1896.506365,0.46400001645088196,0.39546388387680054,0.0,0.0,0.0,99.98391723632812
102928,1896.526368,0.4620000123977661,0.39321169257164,0.0,0.0,0.0,93.82007598876953
102948,1896.546360,0.4620000123977661,0.39321169257164,0.0,0.0,0.0,93.82007598876953
102968,1896.566359,0.4620000123977661,0.3900589644908905,0.0,0.0,0.0,94.1419677734375
102988,1896.586360,0.4620000123977661,0.3900589644908905,0.0,0.0,0.0,94.1419677734375
103008,1896.606361,0.46400001645088196,0.3875485956668854,0.0,0.0,0.0,99.33087158203125
103028,1896.626380,0.46400001645088196,0.3875485956668854,0.0,0.0,0.0,99.33087158203125
103048,1896.646359,0.4620000123977661,0.38502147793769836,0.0,0.0,0.0,94.20343780517578
103068,1896.666378,0.4620000123977661,0.38502147793769836,0.0,0.0,0.0,94.20343780517578
103088,1896.686361,0.46400001645088196,0.38236767053604126,0.0,0.0,0.0,99.22816467285156
103108,1896.706360,0.46400001645088196,0.38236767053604126,0.0,0.0,0.0,99.22816467285156
103128,1896.726360,0.4610000252723694,0.379758358001709,0.0,0.0,0.0,92.16024017333984
103148,1896.746355,0.4610000252723694,0.379758358001709,0.0,0.0,0.0,92.16024017333984
103168,1896.766355,0.4610000252723694,0.379758358001709,0.0,0.0,0.0,92.16024017333984
103188,1896.786358,0.4660000205039978,0.3772416412830353,0.0,0.0,0.0,103.27281188964844
103208,1896.806356,0.4660000205039978,0.3772416412830353,0.0,0.0,0.0,103.27281188964844
103228,1896.826357,0.4660000205039978,0.3742515742778778,0.0,0.0,0.0,102.07364654541016
103248,1896.846358,0.4660000205039978,0.3742515742778778,0.0,0.0,0.0,102.07364654541016
103268,1896.866373,0.4650000333786011,0.3716924488544464,0.0,0.0,0.0,99.37506103515625
103288,1896.886352,0.4650000333786011,0.3716924488544464,0.0,0.0,0.0,99.37506103515625
103308,1896.906351,0.4620000123977661,0.36902356147766113,0.0,0.0,0.0,92.98236846923828
103328,1896.926354,0.4620000123977661,0.36902356147766113,0.0,0.0,0.0,92.98236846923828
103348,1896.946354,0.4620000123977661,0.366217702627182,0.0,0.0,0.0,93.08131408691406
103368,1896.966351,0.4620000123977661,0.366217702627182,0.0,0.0,0.0,93.08131408691406
103388,1896.987355,0.45900002121925354,0.36320680379867554,0.0,0.0,0.0,87.79666137695312
103408,1897.006352,0.45900002121925354,0.36320680379867554,0.0,0.0,0.0,87.79666137695312
103428,1897.026351,0.46800002455711365,0.3596627116203308,0.0,0.0,0.0,104.73542022705078
103448,1897.046351,0.46800002455711365,0.3596627116203308,0.0,0.0,0.0,104.73542022705078
103468,1897.067346,0.46400001645088196,0.356873095035553,0.0,0.0,0.0,96.91657257080078
103488,1897.086354,0.46400001645088196,0.356873095035553,0.0,0.0,0.0,96.91657257080078
103508,1897.107353,0.4660000205039978,0.35402897000312805,0.0,0.0,0.0,100.2960433959961
103528,1897.126349,0.4660000205039978,0.35402897000312805,0.0,0.0,0.0,100.2960433959961
103548,1897.146347,0.46300002932548523,0.35128235816955566,0.0,0.0,0.0,94.66368865966797
103568,1897.166350,0.46300002932548523,0.35128235816955566,0.0,0.0,0.0,94.66368865966797
103588,1897.186345,0.46300002932548523,0.35128235816955566,0.0,0.0,0.0,94.66368865966797
103608,1897.206346,0.46700000762939453,0.3486732840538025,0.0,0.0,0.0,100.76277160644531
103628,1897.226330,0.46700000762939453,0.3486732840538025,0.0,0.0,0.0,100.76277160644531
103648,1897.246345,0.4620000123977661,0.34557658433914185,0.0,0.0,0.0,91.39911651611328
103668,1897.266343,0.4620000123977661,0.34557658433914185,0.0,0.0,0.0,91.39911651611328
103688,1897.286341,0.4660000205039978,0.34282851219177246,0.0,0.0,0.0,97.26821899414062
103708,1897.306347,0.4660000205039978,0.34282851219177246,0.0,0.0,0.0,97.26821899414062
103728,1897.326346,0.4610000252723694,0.34009450674057007,0.0,0.0,0.0,89.18062591552734
103748,1897.346338,0.4610000252723694,0.34009450674057007,0.0,0.0,0.0,89.18062591552734
103768,1897.366342,0.4650000333786011,0.337435245513916,0.0,0.0,0.0,94.53865051269531
103788,1897.386339,0.4650000333786011,0.337435245513916,0.0,0.0,0.0,94.53865051269531
103808,1897.406341,0.45900002121925354,0.3339805603027344,0.0,0.0,0.0,85.56861877441406
103828,1897.426343,0.45900002121925354,0.3339805603027344,0.0,0.0,0.0,85.56861877441406
103848,1897.446338,0.46800002455711365,0.33137524127960205,0.0,0.0,0.0,97.47215270996094
103868,1897.465336,0.46800002455711365,0.33137524127960205,0.0,0.0,0.0,97.47215270996094
103888,1897.485339,0.46800002455711365,0.3287980258464813,0.0,0.0,0.0,96.57955169677734
103908,1897.505343,0.46800002455711365,0.3287980258464813,0.0,0.0,0.0,96.57955169677734
103928,1897.525346,0.46800002455711365,0.3287980258464813,0.0,0.0,0.0,96.57955169677734
103948,1897.545338,0.4660000205039978,0.32614561915397644,0.0,0.0,0.0,93.12809753417969
103968,1897.565336,0.4660000205039978,0.32614561915397644,0.0,0.0,0.0,93.12809753417969
103988,1897.585340,0.4660000205039978,0.3228577673435211,0.0,0.0,0.0,92.15386962890625
104008,1897.605337,0.4660000205039978,0.3228577673435211,0.0,0.0,0.0,92.15386962890625
104028,1897.626344,0.46700000762939453,0.3200170695781708,0.0,0.0,0.0,92.95989227294922
104048,1897.645334,0.46700000762939453,0.3200170695781708,0.0,0.0,0.0,92.95989227294922
104068,1897.665310,0.46800002455711365,0.31713083386421204,0.0,0.0,0.0,93.75572967529297
104088,1897.685338,0.46800002455711365,0.31713083386421204,0.0,0.0,0.0,93.75572967529297
104108,1897.705338,0.46800002455711365,0.3142414391040802,0.0,0.0,0.0,93.2821044921875
104128,1897.726350,0.46800002455711365,0.3142414391040802,0.0,0.0,0.0,93.2821044921875
104148,1897.745334,0.46000000834465027,0.310714989900589,0.0,0.0,0.0,83.4521255493164
104168,1897.765330,0.46000000834465027,0.310714989900589,0.0,0.0,0.0,83.4521255493164
104188,1897.785331,0.4660000205039978,0.3079964220523834,0.0,0.0,0.0,89.66157531738281
104208,1897.805332,0.4660000205039978,0.3079964220523834,0.0,0.0,0.0,89.66157531738281
104228,1897.825344,0.46800002455711365,0.3052038550376892,0.0,0.0,0.0,91.35070037841797
104248,1897.845331,0.46800002455711365,0.3052038550376892,0.0,0.0,0.0,91.35070037841797
104268,1897.865331,0.4650000333786011,0.30243900418281555,0.0,0.0,0.0,87.46675109863281
104288,1897.885330,0.4650000333786011,0.30243900418281555,0.0,0.0,0.0,87.46675109863281
104308,1897.905333,0.4650000333786011,0.30243900418281555,0.0,0.0,0.0,87.46675109863281
104328,1897.926341,0.46700000762939453,0.2997277081012726,0.0,0.0,0.0,88.96780395507812
104348,1897.945364,0.46700000762939453,0.2997277081012726,0.0,0.0,0.0,88.96780395507812
104368,1897.965328,0.4620000123977661,0.29631420969963074,0.0,0.0,0.0,83.02717590332031
104388,1897.985328,0.4620000123977661,0.29631420969963074,0.0,0.0,0.0,83.02717590332031
104408,1898.005339,0.46400001645088196,0.29325851798057556,0.0,0.0,0.0,84.81375122070312
104428,1898.026337,0.46400001645088196,0.29325851798057556,0.0,0.0,0.0,84.81375122070312
104448,1898.045326,0.46400001645088196,0.29007837176322937,0.0,0.0,0.0,84.61426544189453
104468,1898.065325,0.46400001645088196,0.29007837176322937,0.0,0.0,0.0,84.61426544189453
104488,1898.085326,0.4620000123977661,0.28689536452293396,0.0,0.0,0.0,82.58426666259766
104508,1898.105325,0.4620000123977661,0.28689536452293396,0.0,0.0,0.0,82.58426666259766
104528,1898.125335,0.4650000333786011,0.28272077441215515,0.0,0.0,0.0,85.4726791381836
104548,1898.145330,0.4650000333786011,0.28272077441215515,0.0,0.0,0.0,85.4726791381836
104568,1898.165361,0.46700000762939453,0.27954936027526855,0.0,0.0,0.0,87.12615966796875
104588,1898.185321,0.46700000762939453,0.27954936027526855,0.0,0.0,0.0,87.12615966796875
104608,1898.205328,0.46800002455711365,0.2765099108219147,0.0,0.0,0.0,87.67686462402344
104628,1898.225339,0.46800002455711365,0.2765099108219147,0.0,0.0,0.0,87.67686462402344
104648,1898.245326,0.46800002455711365,0.2765099108219147,0.0,0.0,0.0,87.67686462402344
104668,1898.265320,0.4690000116825104,0.2734495997428894,0.0,0.0,0.0,88.20428466796875
104688,1898.285320,0.4690000116825104,0.2734495997428894,0.0,0.0,0.0,88.20428466796875
104708,1898.305321,0.46300002932548523,0.2696622610092163,0.0,0.0,0.0,82.4327163696289
104728,1898.326328,0.46300002932548523,0.2696622610092163,0.0,0.0,0.0,82.4327163696289
104748,1898.345321,0.4620000123977661,0.2666572630405426,0.0,0.0,0.0,81.25753021240234
104768,1898.365321,0.4620000123977661,0.2666572630405426,0.0,0.0,0.0,81.25753021240234
104788,1898.385326,0.46400001645088196,0.26360607147216797,0.0,0.0,0.0,82.61744689941406
104808,1898.405321,0.46400001645088196,0.26360607147216797,0.0,0.0,0.0,82.61744689941406
104828,1898.425320,0.46400001645088196,0.26065993309020996,0.0,0.0,0.0,82.20873260498047
104848,1898.445320,0.46400001645088196,0.26065993309020996,0.0,0.0,0.0,82.20873260498047
104868,1898.465314,0.4620000123977661,0.256897509098053,0.0,0.0,0.0,80.242919921875
104888,1898.485316,0.4620000123977661,0.256897509098053,0.0,0.0,0.0,80.242919921875
104908,1898.505317,0.45600003004074097,0.25377097725868225,0.0,0.0,0.0,75.4539794921875
104928,1898.525318,0.45600003004074097,0.25377097725868225,0.0,0.0,0.0,75.4539794921875
104948,1898.545316,0.46400001645088196,0.25076380372047424,0.0,0.0,0.0,81.17024230957031
104968,1898.565312,0.46400001645088196,0.25076380372047424,0.0,0.0,0.0,81.17024230957031
104988,1898.585319,0.46400001645088196,0.25076380372047424,0.0,0.0,0.0,81.17024230957031
105008,1898.605320,0.4610000252723694,0.24759353697299957,0.0,0.0,0.0,78.6977767944336
105028,1898.624325,0.4610000252723694,0.24759353697299957,0.0,0.0,0.0,78.6977767944336
105048,1898.645316,0.4700000286102295,0.24367782473564148,0.0,0.0,0.0,84.97200775146484
105068,1898.665321,0.4700000286102295,0.24367782473564148,0.0,0.0,0.0,84.97200775146484
105088,1898.685325,0.46400001645088196,0.24061624705791473,0.0,0.0,0.0,80.18907928466797
105108,1898.705312,0.46400001645088196,0.24061624705791473,0.0,0.0,0.0,80.18907928466797
105128,1898.724318,0.4620000123977661,0.23745867609977722,0.0,0.0,0.0,78.52184295654297
105148,1898.745310,0.4620000123977661,0.23745867609977722,0.0,0.0,0.0,78.52184295654297
105168,1898.765309,0.4710000157356262,0.23436662554740906,0.0,0.0,0.0,84.53262329101562
105188,1898.785310,0.4710000157356262,0.23436662554740906,0.0,0.0,0.0,84.53262329101562
105208,1898.805310,0.4710000157356262,0.23125620186328888,0.0,0.0,0.0,84.14385223388672
105228,1898.824321,0.4710000157356262,0.23125620186328888,0.0,0.0,0.0,84.14385223388672
105248,1898.845310,0.46400001645088196,0.228068545460701,0.0,0.0,0.0,79.06013488769531
105268,1898.865310,0.46400001645088196,0.228068545460701,0.0,0.0,0.0,79.06013488769531
105288,1898.884306,0.46400001645088196,0.2240697741508484,0.0,0.0,0.0,78.79556274414062
105308,1898.904314,0.46400001645088196,0.2240697741508484,0.0,0.0,0.0,78.79556274414062
105328,1898.925309,0.46400001645088196,0.22090263664722443,0.0,0.0,0.0,78.52210998535156
105348,1898.944308,0.46400001645088196,0.22090263664722443,0.0,0.0,0.0,78.52210998535156
105368,1898.964311,0.46400001645088196,0.22090263664722443,0.0,0.0,0.0,78.52210998535156
105388,1898.984306,0.46000000834465027,0.2176813930273056,0.0,0.0,0.0,75.76341247558594
105408,1899.004309,0.46000000834465027,0.2176813930273056,0.0,0.0,0.0,75.76341247558594
105428,1899.024316,0.46400001645088196,0.2144857496023178,0.0,0.0,0.0,78.0141372680664
105448,1899.044310,0.46400001645088196,0.2144857496023178,0.0,0.0,0.0,78.0141372680664
105468,1899.064302,0.4650000333786011,0.21039514243602753,0.0,0.0,0.0,78.2456283569336
105488,1899.084318,0.4650000333786011,0.21039514243602753,0.0,0.0,0.0,78.2456283569336
105508,1899.104308,0.4620000123977661,0.20709232985973358,0.0,0.0,0.0,76.22929382324219
105528,1899.124308,0.4620000123977661,0.20709232985973358,0.0,0.0,0.0,76.22929382324219
105548,1899.144301,0.46000000834465027,0.20368772745132446,0.0,0.0,0.0,74.92858123779297
105568,1899.164303,0.46000000834465027,0.20368772745132446,0.0,0.0,0.0,74.92858123779297
105588,1899.184301,0.4710000157356262,0.20020757615566254,0.0,0.0,0.0,81.33148193359375
105608,1899.204303,0.4710000157356262,0.20020757615566254,0.0,0.0,0.0,81.33148193359375
105628,1899.224308,0.46700000762939453,0.19568701088428497,0.0,0.0,0.0,78.9392318725586
105648,1899.244302,0.46700000762939453,0.19568701088428497,0.0,0.0,0.0,78.9392318725586
105668,1899.264304,0.4620000123977661,0.1921112835407257,0.0,0.0,0.0,76.0160140991211
105688,1899.284296,0.4620000123977661,0.1921112835407257,0.0,0.0,0.0,76.0160140991211
105708,1899.304303,0.4620000123977661,0.1921112835407257,0.0,0.0,0.0,76.0160140991211
105728,1899.324312,0.46700000762939453,0.1887553632259369,0.0,0.0,0.0,78.63192749023438
105748,1899.344296,0.46700000762939453,0.1887553632259369,0.0,0.0,0.0,78.63192749023438
105768,1899.364297,0.4700000286102295,0.18552349507808685,0.0,0.0,0.0,80.02510833740234
105788,1899.384294,0.4700000286102295,0.18552349507808685,0.0,0.0,0.0,80.02510833740234
105808,1899.404299,0.46800002455711365,0.18155190348625183,0.0,0.0,0.0,78.44122314453125
105828,1899.424300,0.46800002455711365,0.18155190348625183,0.0,0.0,0.0,78.44122314453125
105848,1899.444294,0.4690000116825104,0.1784774363040924,0.0,0.0,0.0,78.59758758544922
105868,1899.464347,0.4690000116825104,0.1784774363040924,0.0,0.0,0.0,78.59758758544922
105888,1899.484293,0.46700000762939453,0.17546574771404266,0.0,0.0,0.0,77.10645294189453
105908,1899.504300,0.46700000762939453,0.17546574771404266,0.0,0.0,0.0,77.10645294189453
105928,1899.524305,0.4620000123977661,0.1724117547273636,0.0,0.0,0.0,74.15560150146484
105948,1899.544292,0.4620000123977661,0.1724117547273636,0.0,0.0,0.0,74.15560150146484
105968,1899.564292,0.46700000762939453,0.16841594874858856,0.0,0.0,0.0,76.40420532226562
105988,1899.584294,0.46700000762939453,0.16841594874858856,0.0,0.0,0.0,76.40420532226562
106008,1899.604300,0.4620000123977661,0.16524241864681244,0.0,0.0,0.0,73.58750915527344
106028,1899.624312,0.4620000123977661,0.16524241864681244,0.0,0.0,0.0,73.58750915527344
106048,1899.644290,0.4620000123977661,0.16524241864681244,0.0,0.0,0.0,73.58750915527344
106068,1899.664289,0.46300002932548523,0.16189664602279663,0.0,0.0,0.0,73.89222717285156
106088,1899.684298,0.46300002932548523,0.16189664602279663,0.0,0.0,0.0,73.89222717285156
106108,1899.704296,0.46700000762939453,0.1584869772195816,0.0,0.0,0.0,75.67650604248047
106128,1899.724301,0.46700000762939453,0.1584869772195816,0.0,0.0,0.0,75.67650604248047
106148,1899.744287,0.4660000205039978,0.15412506461143494,0.0,0.0,0.0,74.94686889648438
106168,1899.764286,0.4660000205039978,0.15412506461143494,0.0,0.0,0.0,74.94686889648438
106188,1899.784283,0.46700000762939453,0.15048709511756897,0.0,0.0,0.0,75.34783935546875
106208,1899.804717,0.46700000762939453,0.15048709511756897,0.0,0.0,0.0,75.34783935546875
106228,1899.823718,0.46400001645088196,0.14685221016407013,0.0,0.0,0.0,73.85871124267578
106248,1899.843706,0.46400001645088196,0.14685221016407013,0.0,0.0,0.0,73.85871124267578
106268,1899.863703,0.4650000333786011,0.14329589903354645,0.0,0.0,0.0,74.20282745361328
106288,1899.883756,0.4650000333786011,0.14329589903354645,0.0,0.0,0.0,74.20282745361328
106308,1899.903711,0.46800002455711365,0.13987146317958832,0.0,0.0,0.0,75.395263671875
106328,1899.923713,0.46800002455711365,0.13987146317958832,0.0,0.0,0.0,75.395263671875
106348,1899.943674,0.46300002932548523,0.1355990618467331,0.0,0.0,0.0,72.95519256591797
106368,1899.963700,0.46300002932548523,0.1355990618467331,0.0,0.0,0.0,72.95519256591797
106388,1899.983704,0.46800002455711365,0.13231544196605682,0.0,0.0,0.0,74.93008422851562
106408,1900.003706,0.46800002455711365,0.13231544196605682,0.0,0.0,0.0,74.93008422851562
106428,1900.023700,0.46800002455711365,0.13231544196605682,0.0,0.0,0.0,74.93008422851562
106448,1900.043704,0.4710000157356262,0.12900952994823456,0.0,0.0,0.0,76.00526428222656
106468,1900.063697,0.4710000157356262,0.12900952994823456,0.0,0.0,0.0,76.00526428222656
106488,1900.083697,0.47300001978874207,0.12562043964862823,0.0,0.0,0.0,76.64339447021484
106508,1900.103723,0.47300001978874207,0.12562043964862823,0.0,0.0,0.0,76.64339447021484
106528,1900.123718,0.4690000116825104,0.1212676391005516,0.0,0.0,0.0,74.56134033203125
106548,1900.143699,0.4690000116825104,0.1212676391005516,0.0,0.0,0.0,74.56134033203125
106568,1900.163697,0.4740000367164612,0.11782539635896683,0.0,0.0,0.0,76.49273681640625
106588,1900.183698,0.4740000367164612,0.11782539635896683,0.0,0.0,0.0,76.49273681640625
106608,1900.203706,0.4700000286102295,0.11429260671138763,0.0,0.0,0.0,74.62203216552734
106628,1900.223704,0.4700000286102295,0.11429260671138763,0.0,0.0,0.0,74.62203216552734
106648,1900.243702,0.4660000205039978,0.11082597076892853,0.0,0.0,0.0,72.77586364746094
106668,1900.263699,0.4660000205039978,0.11082597076892853,0.0,0.0,0.0,72.77586364746094
106688,1900.283697,0.4650000333786011,0.10661239922046661,0.0,0.0,0.0,72.1679458618164
106708,1900.303701,0.4650000333786011,0.10661239922046661,0.0,0.0,0.0,72.1679458618164
106728,1900.323700,0.46800002455711365,0.10348199307918549,0.0,0.0,0.0,73.06378173828125
106748,1900.343692,0.46800002455711365,0.10348199307918549,0.0,0.0,0.0,73.06378173828125
106768,1900.363691,0.46800002455711365,0.10348199307918549,0.0,0.0,0.0,73.06378173828125
106788,1900.383691,0.47200003266334534,0.10045134276151657,0.0,0.0,0.0,74.30094146728516
106808,1900.403703,0.47200003266334534,0.10045134276151657,0.0,0.0,0.0,74.30094146728516
106828,1900.423700,0.47300001978874207,0.09713268280029297,0.0,0.0,0.0,74.44224548339844
106848,1900.443692,0.47300001978874207,0.09713268280029297,0.0,0.0,0.0,74.44224548339844
106868,1900.463689,0.46300002932548523,0.09262508153915405,0.0,0.0,0.0,70.34619140625
106888,1900.483688,0.46300002932548523,0.09262508153915405,0.0,0.0,0.0,70.34619140625
106908,1900.503695,0.4700000286102295,0.0889950841665268,0.0,0.0,0.0,72.89689636230469
106928,1900.523688,0.4700000286102295,0.0889950841665268,0.0,0.0,0.0,72.89689636230469
106948,1900.543711,0.4690000116825104,0.0853102058172226,0.0,0.0,0.0,72.40046691894531
106968,1900.563690,0.4690000116825104,0.0853102058172226,0.0,0.0,0.0,72.40046691894531
106988,1900.583689,0.4700000286102295,0.0817173644900322,0.0,0.0,0.0,72.61685180664062
107008,1900.603692,0.4700000286102295,0.0817173644900322,0.0,0.0,0.0,72.61685180664062
107028,1900.623693,0.4740000367164612,0.07808350771665573,0.0,0.0,0.0,73.6372299194336
107048,1900.643687,0.4740000367164612,0.07808350771665573,0.0,0.0,0.0,73.6372299194336
107068,1900.663687,0.4740000367164612,0.07808350771665573,0.0,0.0,0.0,73.6372299194336
107088,1900.683685,0.4700000286102295,0.07593085616827011,0.0,0.0,0.0,71.48143005371094
107108,1900.703693,0.4700000286102295,0.07593085616827011,0.0,0.0,0.0,71.48143005371094
107128,1900.723682,0.48000001907348633,0.07412715256214142,0.0,0.0,0.0,74.30171203613281
107148,1900.743690,0.48000001907348633,0.07412715256214142,0.0,0.0,0.0,74.30171203613281
107168,1900.763685,0.484000027179718,0.07266930490732193,0.0,0.0,0.0,74.80085754394531
107188,1900.783635,0.484000027179718,0.07266930490732193,0.0,0.0,0.0,74.80085754394531
107208,1900.803671,0.4780000150203705,0.07096721976995468,0.0,0.0,0.0,71.8225326538086
107228,1900.823665,0.4780000150203705,0.07096721976995468,0.0,0.0,0.0,71.8225326538086
107248,1900.843664,0.47300001978874207,0.06693517416715622,0.0,0.0,0.0,69.69331359863281
107268,1900.863662,0.47300001978874207,0.06693517416715622,0.0,0.0,0.0,69.69331359863281
107288,1900.883662,0.4690000116825104,0.0621880404651165,0.0,0.0,0.0,68.59723663330078
107308,1900.903662,0.4690000116825104,0.0621880404651165,0.0,0.0,0.0,68.59723663330078
107328,1900.923671,0.46800002455711365,0.05679486319422722,0.0,0.0,0.0,68.81056213378906
107348,1900.942700,0.46800002455711365,0.05679486319422722,0.0,0.0,0.0,68.81056213378906
107368,1900.962716,0.46300002932548523,0.05169854313135147,0.0,0.0,0.0,67.58851623535156
107388,1900.982683,0.46300002932548523,0.05169854313135147,0.0,0.0,0.0,67.58851623535156
107408,1901.002682,0.46000000834465027,0.04737628251314163,0.0,0.0,0.0,66.79131317138672
107428,1901.022677,0.46000000834465027,0.04737628251314163,0.0,0.0,0.0,66.79131317138672
107448,1901.042678,0.45900002121925354,0.045199617743492126,0.0,0.0,0.0,65.65506744384766
107468,1901.062674,0.45900002121925354,0.045199617743492126,0.0,0.0,0.0,65.65506744384766
107488,1901.082677,0.45600003004074097,0.04321632906794548,0.0,0.0,0.0,64.13343811035156
107508,1901.102676,0.45600003004074097,0.04321632906794548,0.0,0.0,0.0,64.13343811035156
107528,1901.122675,0.45600003004074097,0.04321632906794548,0.0,0.0,0.0,64.13343811035156
107548,1901.142675,0.45900002121925354,0.039434801787137985,0.0,0.0,0.0,65.0418930053711
107568,1901.162692,0.45900002121925354,0.039434801787137985,0.0,0.0,0.0,65.0418930053711
107588,1901.183674,0.45900002121925354,0.0366247333586216,0.0,0.0,0.0,64.7401351928711
107608,1901.202674,0.45900002121925354,0.0366247333586216,0.0,0.0,0.0,64.7401351928711
107628,1901.223672,0.4620000123977661,0.034997861832380295,0.0,0.0,0.0,64.98151397705078
107648,1901.242675,0.4620000123977661,0.034997861832380295,0.0,0.0,0.0,64.98151397705078
107668,1901.262676,0.47300001978874207,0.03337898477911949,0.0,0.0,0.0,67.2740249633789
107688,1901.283671,0.47300001978874207,0.03337898477911949,0.0,0.0,0.0,67.2740249633789
107708,1901.302671,0.47200003266334534,0.031575705856084824,0.0,0.0,0.0,66.32303619384766
107728,1901.322671,0.47200003266334534,0.031575705856084824,0.0,0.0,0.0,66.32303619384766
107748,1901.342673,0.4750000238418579,0.028914131224155426,0.0,0.0,0.0,66.83843231201172
107768,1901.362669,0.4750000238418579,0.028914131224155426,0.0,0.0,0.0,66.83843231201172
107788,1901.382690,0.47300001978874207,0.024915656074881554,0.0,0.0,0.0,66.03404235839844
107808,1901.402669,0.47300001978874207,0.024915656074881554,0.0,0.0,0.0,66.03404235839844
107828,1901.422670,0.47300001978874207,0.024915656074881554,0.0,0.0,0.0,66.03404235839844
107848,1901.442670,0.47300001978874207,0.020997310057282448,0.0,0.0,0.0,66.03521728515625
107868,1901.462670,0.47300001978874207,0.020997310057282448,0.0,0.0,0.0,66.03521728515625
107888,1901.482665,0.4690000116825104,0.016965651884675026,0.0,0.0,0.0,64.91202545166016
107908,1901.502668,0.4690000116825104,0.016965651884675026,0.0,0.0,0.0,64.91202545166016
107928,1901.522668,0.4740000367164612,0.013047966174781322,0.0,0.0,0.0,66.34730529785156
107948,1901.542674,0.4740000367164612,0.013047966174781322,0.0,0.0,0.0,66.34730529785156
107968,1901.562698,0.4660000205039978,0.009146615862846375,0.0,0.0,0.0,64.07029724121094
107988,1901.582668,0.4660000205039978,0.009146615862846375,0.0,0.0,0.0,64.07029724121094
108008,1901.602675,0.4710000157356262,0.004140286240726709,0.0,0.0,0.0,65.44375610351562
108028,1901.622666,0.4710000157356262,0.004140286240726709,0.0,0.0,0.0,65.44375610351562
108048,1901.642665,0.4710000157356262,0.0003838154661934823,0.0,0.0,0.0,65.39217376708984
108068,1901.662663,0.4710000157356262,0.0003838154661934823,0.0,0.0,0.0,65.39217376708984
108088,1901.682663,0.4700000286102295,-0.0031152204610407352,0.0,0.0,0.0,64.99323272705078
108108,1901.702658,0.4700000286102295,-0.0031152204610407352,0.0,0.0,0.0,64.99323272705078
108128,1901.722659,0.4700000286102295,-0.006564029958099127,0.0,0.0,0.0,64.89833068847656
108148,1901.742663,0.4700000286102295,-0.006564029958099127,0.0,0.0,0.0,64.89833068847656
108168,1901.762659,0.4750000238418579,-0.011003224179148674,0.0,0.0,0.0,66.14656829833984
108188,1901.782661,0.4750000238418579,-0.011003224179148674,0.0,0.0,0.0,66.14656829833984
108208,1901.802658,0.4750000238418579,-0.011003224179148674,0.0,0.0,0.0,66.14656829833984
108228,1901.822666,0.48500001430511475,-0.014445226639509201,0.0,0.0,0.0,68.72422790527344
108248,1901.842662,0.48500001430511475,-0.014445226639509201,0.0,0.0,0.0,68.72422790527344
108268,1901.862660,0.4960000216960907,-0.0176436398178339,0.0,0.0,0.0,71.51325225830078
108288,1901.882656,0.4960000216960907,-0.0176436398178339,0.0,0.0,0.0,71.51325225830078
108308,1901.902658,0.5200000405311584,-0.02102534845471382,0.0,0.0,0.0,78.06968688964844
108328,1901.922656,0.5200000405311584,-0.02102534845471382,0.0,0.0,0.0,78.06968688964844
108348,1901.942658,0.5430000424385071,-0.025959651917219162,0.0,0.0,0.0,84.55219268798828
108368,1901.962656,0.5430000424385071,-0.025959651917219162,0.0,0.0,0.0,84.55219268798828
108388,1901.982653,0.5710000395774841,-0.029887085780501366,0.0,0.0,0.0,92.82017517089844
108408,1902.002655,0.5710000395774841,-0.029887085780501366,0.0,0.0,0.0,92.82017517089844
108428,1902.022656,0.5870000123977661,-0.03397798538208008,0.0,0.0,0.0,97.578857421875
108448,1902.042660,0.5870000123977661,-0.03397798538208008,0.0,0.0,0.0,97.578857421875
108468,1902.062657,0.6050000190734863,-0.03818006068468094,0.0,0.0,0.0,103.05160522460938
108488,1902.082654,0.6050000190734863,-0.03818006068468094,0.0,0.0,0.0,103.05160522460938
108508,1902.102652,0.6150000095367432,-0.04215957596898079,0.0,0.0,0.0,105.94322967529297
108528,1902.122652,0.6150000095367432,-0.04215957596898079,0.0,0.0,0.0,105.94322967529297
108548,1902.142660,0.628000020980835,-0.04765227064490318,0.0,0.0,0.0,109.8955078125
108568,1902.162654,0.628000020980835,-0.04765227064490318,0.0,0.0,0.0,109.8955078125
108588,1902.182650,0.628000020980835,-0.04765227064490318,0.0,0.0,0.0,109.8955078125
108608,1902.202656,0.6360000371932983,-0.05194666609168053,0.0,0.0,0.0,112.20874786376953
108628,1902.222652,0.6360000371932983,-0.05194666609168053,0.0,0.0,0.0,112.20874786376953
108648,1902.242659,0.6370000243186951,-0.05620444566011429,0.0,0.0,0.0,112.2173843383789
108668,1902.262650,0.6370000243186951,-0.05620444566011429,0.0,0.0,0.0,112.2173843383789
108688,1902.282652,0.6440000534057617,-0.060081131756305695,0.0,0.0,0.0,114.0306167602539
108708,1902.302648,0.6440000534057617,-0.060081131756305695,0.0,0.0,0.0,114.0306167602539
108728,1902.322647,0.6450000405311584,-0.06490766257047653,0.0,0.0,0.0,113.67529296875
108748,1902.342647,0.6450000405311584,-0.06490766257047653,0.0,0.0,0.0,113.67529296875
108768,1902.362645,0.6520000100135803,-0.0686238706111908,0.0,0.0,0.0,115.40019989013672
108788,1902.382644,0.6520000100135803,-0.0686238706111908,0.0,0.0,0.0,115.40019989013672
108808,1902.402645,0.6520000100135803,-0.07263023406267166,0.0,0.0,0.0,114.99712371826172
108828,1902.422648,0.6520000100135803,-0.07263023406267166,0.0,0.0,0.0,114.99712371826172
108848,1902.442644,0.6580000519752502,-0.07727470993995667,0.0,0.0,0.0,116.39073181152344
108868,1902.462685,0.6580000519752502,-0.07727470993995667,0.0,0.0,0.0,116.39073181152344
108888,1902.482643,0.6580000519752502,-0.07727470993995667,0.0,0.0,0.0,116.39073181152344
108908,1902.502642,0.6570000052452087,-0.08142957091331482,0.0,0.0,0.0,115.71759796142578
108928,1902.522641,0.6570000052452087,-0.08142957091331482,0.0,0.0,0.0,115.71759796142578
108948,1902.542642,0.656000018119812,-0.08548867702484131,0.0,0.0,0.0,115.02130126953125
108968,1902.562641,0.656000018119812,-0.08548867702484131,0.0,0.0,0.0,115.02130126953125
108988,1902.582642,0.6570000052452087,-0.09084369242191315,0.0,0.0,0.0,114.82865142822266
109008,1902.602639,0.6570000052452087,-0.09084369242191315,0.0,0.0,0.0,114.82865142822266
109028,1902.622643,0.6550000309944153,-0.09473615884780884,0.0,0.0,0.0,113.79503631591797
109048,1902.641651,0.6550000309944153,-0.09473615884780884,0.0,0.0,0.0,113.79503631591797
109068,1902.661637,0.659000039100647,-0.09872079640626907,0.0,0.0,0.0,114.61616516113281
109088,1902.681658,0.659000039100647,-0.09872079640626907,0.0,0.0,0.0,114.61616516113281
109108,1902.701639,0.6580000519752502,-0.10356879979372025,0.0,0.0,0.0,113.92740631103516
109128,1902.721638,0.6580000519752502,-0.10356879979372025,0.0,0.0,0.0,113.92740631103516
109148,1902.741639,0.6580000519752502,-0.10356879979372025,0.0,0.0,0.0,113.92740631103516
109168,1902.761639,0.6580000519752502,-0.10744518786668777,0.0,0.0,0.0,113.51558685302734
109188,1902.781635,0.6580000519752502,-0.10744518786668777,0.0,0.0,0.0,113.51558685302734
109208,1902.801635,0.6550000309944153,-0.11089295148849487,0.0,0.0,0.0,112.10556030273438
109228,1902.821638,0.6550000309944153,-0.11089295148849487,0.0,0.0,0.0,112.10556030273438
109248,1902.841636,0.6570000052452087,-0.11419826745986938,0.0,0.0,0.0,112.12532806396484
109268,1902.861634,0.6570000052452087,-0.11419826745986938,0.0,0.0,0.0,112.12532806396484
109288,1902.881634,0.6570000052452087,-0.1184830516576767,0.0,0.0,0.0,111.36071014404297
109308,1902.901643,0.6570000052452087,-0.1184830516576767,0.0,0.0,0.0,111.36071014404297
109328,1902.921636,0.6550000309944153,-0.1220676526427269,0.0,0.0,0.0,110.32568359375
109348,1902.941636,0.6550000309944153,-0.1220676526427269,0.0,0.0,0.0,110.32568359375
109368,1902.961632,0.6610000133514404,-0.12566021084785461,0.0,0.0,0.0,111.58482360839844
109388,1902.981631,0.6610000133514404,-0.12566021084785461,0.0,0.0,0.0,111.58482360839844
109408,1903.001634,0.6610000133514404,-0.13000266253948212,0.0,0.0,0.0,111.0848617553711
109428,1903.021637,0.6610000133514404,-0.13000266253948212,0.0,0.0,0.0,111.0848617553711
109448,1903.041632,0.6610000133514404,-0.13000266253948212,0.0,0.0,0.0,111.0848617553711
109468,1903.061627,0.6580000519752502,-0.13379070162773132,0.0,0.0,0.0,109.85846710205078
109488,1903.081626,0.6580000519752502,-0.13379070162773132,0.0,0.0,0.0,109.85846710205078
109508,1903.101626,0.659000039100647,-0.13751325011253357,0.0,0.0,0.0,109.69583129882812
109528,1903.121636,0.659000039100647,-0.13751325011253357,0.0,0.0,0.0,109.69583129882812
109548,1903.141638,0.6550000309944153,-0.1411469280719757,0.0,0.0,0.0,108.19095611572266
109568,1903.161631,0.6550000309944153,-0.1411469280719757,0.0,0.0,0.0,108.19095611572266
109588,1903.181628,0.656000018119812,-0.14574645459651947,0.0,0.0,0.0,107.76725769042969
109608,1903.201625,0.656000018119812,-0.14574645459651947,0.0,0.0,0.0,107.76725769042969
109628,1903.221633,0.6550000309944153,-0.14911073446273804,0.0,0.0,0.0,107.02546691894531
109648,1903.241634,0.6550000309944153,-0.14911073446273804,0.0,0.0,0.0,107.02546691894531
109668,1903.261634,0.6550000309944153,-0.15247735381126404,0.0,0.0,0.0,106.55107879638672
109688,1903.281625,0.6550000309944153,-0.15247735381126404,0.0,0.0,0.0,106.55107879638672
109708,1903.301626,0.6600000262260437,-0.15623877942562103,0.0,0.0,0.0,107.29732513427734
109728,1903.321630,0.6600000262260437,-0.15623877942562103,0.0,0.0,0.0,107.29732513427734
109748,1903.341630,0.6600000262260437,-0.15623877942562103,0.0,0.0,0.0,107.29732513427734
109768,1903.361624,0.6570000052452087,-0.15949797630310059,0.0,0.0,0.0,106.03410339355469
109788,1903.381624,0.6570000052452087,-0.15949797630310059,0.0,0.0,0.0,106.03410339355469
109808,1903.401625,0.6540000438690186,-0.1628849059343338,0.0,0.0,0.0,104.80213165283203
109828,1903.421624,0.6540000438690186,-0.1628849059343338,0.0,0.0,0.0,104.80213165283203
109848,1903.441626,0.6510000228881836,-0.1675092875957489,0.0,0.0,0.0,103.54579162597656
109868,1903.461624,0.6510000228881836,-0.1675092875957489,0.0,0.0,0.0,103.54579162597656
109888,1903.481618,0.6540000438690186,-0.17067110538482666,0.0,0.0,0.0,103.85237121582031
109908,1903.501617,0.6540000438690186,-0.17067110538482666,0.0,0.0,0.0,103.85237121582031
109928,1903.521621,0.6530000567436218,-0.17359529435634613,0.0,0.0,0.0,103.06385040283203
109948,1903.541627,0.6530000567436218,-0.17359529435634613,0.0,0.0,0.0,103.06385040283203
109968,1903.561620,0.6550000309944153,-0.17665114998817444,0.0,0.0,0.0,102.90802764892578
109988,1903.581624,0.6550000309944153,-0.17665114998817444,0.0,0.0,0.0,102.90802764892578
110008,1903.601619,0.6550000309944153,-0.17665114998817444,0.0,0.0,0.0,102.90802764892578
110028,1903.621619,0.6570000052452087,-0.1796950399875641,0.0,0.0,0.0,102.9305419921875
110048,1903.641619,0.6570000052452087,-0.1796950399875641,0.0,0.0,0.0,102.9305419921875
110068,1903.661620,0.6580000519752502,-0.18291746079921722,0.0,0.0,0.0,102.74514770507812
110088,1903.681614,0.6580000519752502,-0.18291746079921722,0.0,0.0,0.0,102.74514770507812
110108,1903.701616,0.656000018119812,-0.18786312639713287,0.0,0.0,0.0,101.87246704101562
110128,1903.721616,0.656000018119812,-0.18786312639713287,0.0,0.0,0.0,101.87246704101562
110148,1903.741627,0.6540000438690186,-0.19139251112937927,0.0,0.0,0.0,101.07726287841797
110168,1903.761618,0.6540000438690186,-0.19139251112937927,0.0,0.0,0.0,101.07726287841797
110188,1903.781618,0.6540000438690186,-0.19496935606002808,0.0,0.0,0.0,100.79198455810547
110208,1903.801612,0.6540000438690186,-0.19496935606002808,0.0,0.0,0.0,100.79198455810547
110228,1903.821623,0.659000039100647,-0.19848202168941498,0.0,0.0,0.0,101.66287231445312
110248,1903.841655,0.659000039100647,-0.19848202168941498,0.0,0.0,0.0,101.66287231445312
110268,1903.861614,0.659000039100647,-0.19848202168941498,0.0,0.0,0.0,101.66287231445312
110288,1903.881611,0.6540000438690186,-0.20255890488624573,0.0,0.0,0.0,100.16947174072266
110308,1903.901608,0.6540000438690186,-0.20255890488624573,0.0,0.0,0.0,100.16947174072266
110328,1903.921612,0.6580000519752502,-0.206154927611351,0.0,0.0,0.0,100.80489349365234
110348,1903.941613,0.6580000519752502,-0.206154927611351,0.0,0.0,0.0,100.80489349365234
110368,1903.961627,0.6540000438690186,-0.20955125987529755,0.0,0.0,0.0,99.5569839477539
110388,1903.981612,0.6540000438690186,-0.20955125987529755,0.0,0.0,0.0,99.5569839477539
110408,1904.001612,0.6540000438690186,-0.21408618986606598,0.0,0.0,0.0,99.10873413085938
110428,1904.021610,0.6540000438690186,-0.21408618986606598,0.0,0.0,0.0,99.10873413085938
110448,1904.041617,0.6540000438690186,-0.21753574907779694,0.0,0.0,0.0,98.8009033203125
110468,1904.061618,0.6540000438690186,-0.21753574907779694,0.0,0.0,0.0,98.8009033203125
110488,1904.081607,0.6550000309944153,-0.22109673917293549,0.0,0.0,0.0,98.78192138671875
110508,1904.101610,0.6550000309944153,-0.22109673917293549,0.0,0.0,0.0,98.78192138671875
110528,1904.121609,0.6510000228881836,-0.22383522987365723,0.0,0.0,0.0,97.56719970703125
110548,1904.141608,0.6510000228881836,-0.22383522987365723,0.0,0.0,0.0,97.56719970703125
110568,1904.161616,0.6510000228881836,-0.22383522987365723,0.0,0.0,0.0,97.56719970703125
110588,1904.181622,0.659000039100647,-0.22854316234588623,0.0,0.0,0.0,99.05860900878906
110608,1904.201607,0.659000039100647,-0.22854316234588623,0.0,0.0,0.0,99.05860900878906
110628,1904.221612,0.6530000567436218,-0.23194433748722076,0.0,0.0,0.0,97.4394760131836
110648,1904.241613,0.6530000567436218,-0.23194433748722076,0.0,0.0,0.0,97.4394760131836
110668,1904.261637,0.6550000309944153,-0.23506809771060944,0.0,0.0,0.0,97.54755401611328
110688,1904.281604,0.6550000309944153,-0.23506809771060944,0.0,0.0,0.0,97.54755401611328
110708,1904.301602,0.6530000567436218,-0.23941220343112946,0.0,0.0,0.0,96.66499328613281
110728,1904.321603,0.6530000567436218,-0.23941220343112946,0.0,0.0,0.0,96.66499328613281
110748,1904.341607,0.6550000309944153,-0.24227100610733032,0.0,0.0,0.0,96.72742462158203
110768,1904.361613,0.6550000309944153,-0.24227100610733032,0.0,0.0,0.0,96.72742462158203
110788,1904.380599,0.6500000357627869,-0.24494820833206177,0.0,0.0,0.0,95.21942901611328
110808,1904.400613,0.6500000357627869,-0.24494820833206177,0.0,0.0,0.0,95.21942901611328
110828,1904.420607,0.6500000357627869,-0.24494820833206177,0.0,0.0,0.0,95.21942901611328
110848,1904.440616,0.6500000357627869,-0.2476506382226944,0.0,0.0,0.0,94.7115249633789
110868,1904.460600,0.6500000357627869,-0.2476506382226944,0.0,0.0,0.0,94.7115249633789
110888,1904.480597,0.656000018119812,-0.25054019689559937,0.0,0.0,0.0,95.61101531982422
110908,1904.500596,0.656000018119812,-0.25054019689559937,0.0,0.0,0.0,95.61101531982422
110928,1904.520604,0.6580000519752502,-0.25337329506874084,0.0,0.0,0.0,95.65592956542969
110948,1904.540598,0.6580000519752502,-0.25337329506874084,0.0,0.0,0.0,95.65592956542969
110968,1904.560597,0.6530000567436218,-0.2564103305339813,0.0,0.0,0.0,94.30810546875
110988,1904.580599,0.6530000567436218,-0.2564103305339813,0.0,0.0,0.0,94.30810546875
111008,1904.600598,0.6530000567436218,-0.2611640691757202,0.0,0.0,0.0,94.00554656982422
111028,1904.620613,0.6530000567436218,-0.2611640691757202,0.0,0.0,0.0,94.00554656982422
111048,1904.640607,0.6540000438690186,-0.2647312879562378,0.0,0.0,0.0,94.0625991821289
111068,1904.660595,0.6540000438690186,-0.2647312879562378,0.0,0.0,0.0,94.0625991821289
111088,1904.680592,0.6540000438690186,-0.26793044805526733,0.0,0.0,0.0,93.80086517333984
111108,1904.700590,0.6540000438690186,-0.26793044805526733,0.0,0.0,0.0,93.80086517333984
111128,1904.720601,0.6540000438690186,-0.26793044805526733,0.0,0.0,0.0,93.80086517333984
111148,1904.740606,0.6550000309944153,-0.2714342772960663,0.0,0.0,0.0,93.75534057617188
111168,1904.760594,0.6550000309944153,-0.2714342772960663,0.0,0.0,0.0,93.75534057617188
111188,1904.780588,0.6570000052452087,-0.2743910551071167,0.0,0.0,0.0,93.87899017333984
111208,1904.800587,0.6570000052452087,-0.2743910551071167,0.0,0.0,0.0,93.87899017333984
111228,1904.820602,0.6600000262260437,-0.27735278010368347,0.0,0.0,0.0,94.19251251220703
111248,1904.840601,0.6600000262260437,-0.27735278010368347,0.0,0.0,0.0,94.19251251220703
111268,1904.860588,0.656000018119812,-0.28146180510520935,0.0,0.0,0.0,92.99774169921875
111288,1904.880589,0.656000018119812,-0.28146180510520935,0.0,0.0,0.0,92.99774169921875
111308,1904.900586,0.6530000567436218,-0.28428885340690613,0.0,0.0,0.0,92.11193084716797
111328,1904.920593,0.6530000567436218,-0.28428885340690613,0.0,0.0,0.0,92.11193084716797
111348,1904.940611,0.6520000100135803,-0.287200003862381,0.0,0.0,0.0,91.63731384277344
111368,1904.960588,0.6520000100135803,-0.287200003862381,0.0,0.0,0.0,91.63731384277344
111388,1904.980584,0.6580000519752502,-0.2901664972305298,0.0,0.0,0.0,92.53861236572266
111408,1905.000585,0.6580000519752502,-0.2901664972305298,0.0,0.0,0.0,92.53861236572266
111428,1905.020591,0.6580000519752502,-0.2901664972305298,0.0,0.0,0.0,92.53861236572266
111448,1905.040590,0.6540000438690186,-0.29328835010528564,0.0,0.0,0.0,91.47053527832031
111468,1905.060591,0.6540000438690186,-0.29328835010528564,0.0,0.0,0.0,91.47053527832031
111488,1905.080583,0.6570000052452087,-0.29608187079429626,0.0,0.0,0.0,91.7933120727539
111508,1905.100585,0.6570000052452087,-0.29608187079429626,0.0,0.0,0.0,91.7933120727539
111528,1905.120591,0.656000018119812,-0.29894784092903137,0.0,0.0,0.0,91.33270263671875
111548,1905.140605,0.656000018119812,-0.29894784092903137,0.0,0.0,0.0,91.33270263671875
111568,1905.161580,0.6510000228881836,-0.30332931876182556,0.0,0.0,0.0,90.09164428710938
111588,1905.180581,0.6510000228881836,-0.30332931876182556,0.0,0.0,0.0,90.09164428710938
111608,1905.200578,0.6540000438690186,-0.3064238429069519,0.0,0.0,0.0,90.42606353759766
111628,1905.221580,0.6540000438690186,-0.3064238429069519,0.0,0.0,0.0,90.42606353759766
111648,1905.240583,0.6550000309944153,-0.30963990092277527,0.0,0.0,0.0,90.43924713134766
111668,1905.260587,0.6550000309944153,-0.30963990092277527,0.0,0.0,0.0,90.43924713134766
111688,1905.281582,0.6580000519752502,-0.3117330074310303,0.0,0.0,0.0,90.76002502441406
111708,1905.301582,0.6580000519752502,-0.3117330074310303,0.0,0.0,0.0,90.76002502441406
111728,1905.321576,0.6580000519752502,-0.3117330074310303,0.0,0.0,0.0,90.76002502441406
111748,1905.341583,0.6520000100135803,-0.31582197546958923,0.0,0.0,0.0,89.44718933105469
111768,1905.360579,0.6520000100135803,-0.31582197546958923,0.0,0.0,0.0,89.44718933105469
111788,1905.380576,0.6570000052452087,-0.31883397698402405,0.0,0.0,0.0,90.17002868652344
111808,1905.400574,0.6570000052452087,-0.31883397698402405,0.0,0.0,0.0,90.17002868652344
111828,1905.420580,0.6540000438690186,-0.32146283984184265,0.0,0.0,0.0,89.37075805664062
111848,1905.440581,0.6540000438690186,-0.32146283984184265,0.0,0.0,0.0,89.37075805664062
111868,1905.460581,0.6540000438690186,-0.32552334666252136,0.0,0.0,0.0,89.0566635131836
111888,1905.480581,0.6540000438690186,-0.32552334666252136,0.0,0.0,0.0,89.0566635131836
111908,1905.499573,0.6530000567436218,-0.32836857438087463,0.0,0.0,0.0,88.6701431274414
111928,1905.520579,0.6530000567436218,-0.32836857438087463,0.0,0.0,0.0,88.6701431274414
111948,1905.539577,0.6550000309944153,-0.3313106894493103,0.0,0.0,0.0,88.8505859375
111968,1905.559573,0.6550000309944153,-0.3313106894493103,0.0,0.0,0.0,88.8505859375
111988,1905.579573,0.6550000309944153,-0.3313106894493103,0.0,0.0,0.0,88.8505859375
112008,1905.599570,0.6550000309944153,-0.3341728150844574,0.0,0.0,0.0,88.61956024169922
112028,1905.619571,0.6550000309944153,-0.3341728150844574,0.0,0.0,0.0,88.61956024169922
112048,1905.639573,0.656000018119812,-0.33686670660972595,0.0,0.0,0.0,88.569580078125
112068,1905.659570,0.656000018119812,-0.33686670660972595,0.0,0.0,0.0,88.569580078125
112088,1905.679606,0.6540000438690186,-0.3397250771522522,0.0,0.0,0.0,88.02436065673828
112108,1905.699572,0.6540000438690186,-0.3397250771522522,0.0,0.0,0.0,88.02436065673828
112128,1905.719567,0.6500000357627869,-0.3438135087490082,0.0,0.0,0.0,87.04624938964844
112148,1905.739571,0.6500000357627869,-0.3438135087490082,0.0,0.0,0.0,87.04624938964844
112168,1905.759567,0.6520000100135803,-0.3466383218765259,0.0,0.0,0.0,87.21459197998047
112188,1905.779567,0.6520000100135803,-0.3466383218765259,0.0,0.0,0.0,87.21459197998047
112208,1905.799565,0.6520000100135803,-0.349464476108551,0.0,0.0,0.0,87.05736541748047
112228,1905.819533,0.6520000100135803,-0.349464476108551,0.0,0.0,0.0,87.05736541748047
112248,1905.839537,0.6520000100135803,-0.349464476108551,0.0,0.0,0.0,87.05736541748047
112268,1905.859534,0.6520000100135803,-0.3518056869506836,0.0,0.0,0.0,86.7981185913086
112288,1905.879538,0.6520000100135803,-0.3518056869506836,0.0,0.0,0.0,86.7981185913086
112308,1905.899599,0.6500000357627869,-0.35414379835128784,0.0,0.0,0.0,86.20980072021484
112328,1905.919568,0.6500000357627869,-0.35414379835128784,0.0,0.0,0.0,86.20980072021484
112348,1905.939572,0.6530000567436218,-0.35646116733551025,0.0,0.0,0.0,86.49114990234375
112368,1905.959566,0.6530000567436218,-0.35646116733551025,0.0,0.0,0.0,86.49114990234375
112388,1905.979582,0.6490000486373901,-0.358913391828537,0.0,0.0,0.0,85.57722473144531
112408,1905.999581,0.6490000486373901,-0.358913391828537,0.0,0.0,0.0,85.57722473144531
112428,1906.019580,0.656000018119812,-0.36227259039878845,0.0,0.0,0.0,86.4117202758789
112448,1906.039581,0.656000018119812,-0.36227259039878845,0.0,0.0,0.0,86.4117202758789
112468,1906.059578,0.6570000052452087,-0.36426541209220886,0.0,0.0,0.0,86.27940368652344
112488,1906.079580,0.6570000052452087,-0.36426541209220886,0.0,0.0,0.0,86.27940368652344
112508,1906.099580,0.6530000567436218,-0.36590540409088135,0.0,0.0,0.0,85.2552490234375
112528,1906.119580,0.6530000567436218,-0.36590540409088135,0.0,0.0,0.0,85.2552490234375
112548,1906.139566,0.6530000567436218,-0.36590540409088135,0.0,0.0,0.0,85.2552490234375
112568,1906.159561,0.656000018119812,-0.3669881522655487,0.0,0.0,0.0,85.31231689453125
112588,1906.179560,0.656000018119812,-0.3669881522655487,0.0,0.0,0.0,85.31231689453125
112608,1906.199560,0.6520000100135803,-0.3686942458152771,0.0,0.0,0.0,84.32010650634766
112628,1906.219557,0.6520000100135803,-0.3686942458152771,0.0,0.0,0.0,84.32010650634766
112648,1906.239559,0.6570000052452087,-0.37061697244644165,0.0,0.0,0.0,84.85494995117188
112668,1906.259559,0.6570000052452087,-0.37061697244644165,0.0,0.0,0.0,84.85494995117188
112688,1906.279574,0.6530000567436218,-0.3723108470439911,0.0,0.0,0.0,83.90776062011719
112708,1906.299555,0.6530000567436218,-0.3723108470439911,0.0,0.0,0.0,83.90776062011719
112728,1906.319559,0.6550000309944153,-0.3752784729003906,0.0,0.0,0.0,83.8715591430664
112748,1906.339558,0.6550000309944153,-0.3752784729003906,0.0,0.0,0.0,83.8715591430664
112768,1906.359553,0.6540000438690186,-0.37702250480651855,0.0,0.0,0.0,83.4021987915039
112788,1906.379553,0.6540000438690186,-0.37702250480651855,0.0,0.0,0.0,83.4021987915039
112808,1906.399551,0.6540000438690186,-0.37702250480651855,0.0,0.0,0.0,83.4021987915039
112828,1906.419553,0.6570000052452087,-0.3787713348865509,0.0,0.0,0.0,83.6182861328125
112848,1906.439555,0.6570000052452087,-0.3787713348865509,0.0,0.0,0.0,83.6182861328125
112868,1906.459551,0.6550000309944153,-0.38035309314727783,0.0,0.0,0.0,83.00062561035156
112888,1906.479552,0.6550000309944153,-0.38035309314727783,0.0,0.0,0.0,83.00062561035156
112908,1906.499549,0.6530000567436218,-0.38199546933174133,0.0,0.0,0.0,82.39483642578125
112928,1906.519550,0.6530000567436218,-0.38199546933174133,0.0,0.0,0.0,82.39483642578125
112948,1906.539558,0.659000039100647,-0.3840009868144989,0.0,0.0,0.0,83.14254760742188
112968,1906.559554,0.659000039100647,-0.3840009868144989,0.0,0.0,0.0,83.14254760742188
112988,1906.579555,0.6500000357627869,-0.38759946823120117,0.0,0.0,0.0,81.46321868896484
113008,1906.599547,0.6500000357627869,-0.38759946823120117,0.0,0.0,0.0,81.46321868896484
113028,1906.619548,0.6570000052452087,-0.3895314335823059,0.0,0.0,0.0,82.34832000732422
113048,1906.639556,0.6570000052452087,-0.3895314335823059,0.0,0.0,0.0,82.34832000732422
113068,1906.659547,0.6570000052452087,-0.3895314335823059,0.0,0.0,0.0,82.34832000732422
113088,1906.679546,0.6490000486373901,-0.3915342092514038,0.0,0.0,0.0,80.89228820800781
113108,1906.699545,0.6490000486373901,-0.3915342092514038,0.0,0.0,0.0,80.89228820800781
113128,1906.719546,0.6530000567436218,-0.3927445411682129,0.0,0.0,0.0,81.2114486694336
113148,1906.739557,0.6530000567436218,-0.3927445411682129,0.0,0.0,0.0,81.2114486694336
113168,1906.759552,0.6540000438690186,-0.3947834074497223,0.0,0.0,0.0,81.20357513427734
113188,1906.779548,0.6540000438690186,-0.3947834074497223,0.0,0.0,0.0,81.20357513427734
113208,1906.799545,0.6550000309944153,-0.3963555097579956,0.0,0.0,0.0,81.09249877929688
113228,1906.819580,0.6550000309944153,-0.3963555097579956,0.0,0.0,0.0,81.09249877929688
113248,1906.839548,0.6540000438690186,-0.3993994891643524,0.0,0.0,0.0,80.64603424072266
113268,1906.859543,0.6540000438690186,-0.3993994891643524,0.0,0.0,0.0,80.64603424072266
113288,1906.879544,0.6510000228881836,-0.4011078476905823,0.0,0.0,0.0,79.95487213134766
113308,1906.899541,0.6510000228881836,-0.4011078476905823,0.0,0.0,0.0,79.95487213134766
113328,1906.919544,0.656000018119812,-0.40286779403686523,0.0,0.0,0.0,80.52340698242188
113348,1906.939546,0.656000018119812,-0.40286779403686523,0.0,0.0,0.0,80.52340698242188
113368,1906.958544,0.656000018119812,-0.40286779403686523,0.0,0.0,0.0,80.52340698242188
113388,1906.978553,0.6490000486373901,-0.40436482429504395,0.0,0.0,0.0,79.20561981201172
113408,1906.998540,0.6490000486373901,-0.40436482429504395,0.0,0.0,0.0,79.20561981201172
113428,1907.018538,0.6540000438690186,-0.4050939083099365,0.0,0.0,0.0,79.6321792602539
113448,1907.039547,0.6540000438690186,-0.4050939083099365,0.0,0.0,0.0,79.6321792602539
113468,1907.058541,0.6550000309944153,-0.4062422215938568,0.0,0.0,0.0,79.49359130859375
113488,1907.078538,0.6550000309944153,-0.4062422215938568,0.0,0.0,0.0,79.49359130859375
113508,1907.098537,0.6520000100135803,-0.4076808989048004,0.0,0.0,0.0,78.82952880859375
113528,1907.118536,0.6520000100135803,-0.4076808989048004,0.0,0.0,0.0,78.82952880859375
113548,1907.139545,0.6520000100135803,-0.41071420907974243,0.0,0.0,0.0,78.6121597290039
113568,1907.158536,0.6520000100135803,-0.41071420907974243,0.0,0.0,0.0,78.6121597290039
113588,1907.178534,0.6480000019073486,-0.41219937801361084,0.0,0.0,0.0,77.8093032836914
113608,1907.198550,0.6480000019073486,-0.41219937801361084,0.0,0.0,0.0,77.8093032836914
113628,1907.218534,0.6520000100135803,-0.41351044178009033,0.0,0.0,0.0,78.16270446777344
113648,1907.239543,0.6520000100135803,-0.41351044178009033,0.0,0.0,0.0,78.16270446777344
113668,1907.258536,0.6520000100135803,-0.41351044178009033,0.0,0.0,0.0,78.16270446777344
113688,1907.278562,0.6510000228881836,-0.4133206903934479,0.0,0.0,0.0,77.7458724975586
113708,1907.298534,0.6510000228881836,-0.4133206903934479,0.0,0.0,0.0,77.7458724975586
113728,1907.318532,0.6520000100135803,-0.4154967665672302,0.0,0.0,0.0,77.62531280517578
113748,1907.339539,0.6520000100135803,-0.4154967665672302,0.0,0.0,0.0,77.62531280517578
113768,1907.358534,0.6500000357627869,-0.41680416464805603,0.0,0.0,0.0,77.10523223876953
113788,1907.378528,0.6500000357627869,-0.41680416464805603,0.0,0.0,0.0,77.10523223876953
113808,1907.398528,0.6500000357627869,-0.4179832339286804,0.0,0.0,0.0,76.87484741210938
113828,1907.418536,0.6500000357627869,-0.4179832339286804,0.0,0.0,0.0,76.87484741210938
113848,1907.439538,0.6480000019073486,-0.4203987717628479,0.0,0.0,0.0,76.29962158203125
113868,1907.458534,0.6480000019073486,-0.4203987717628479,0.0,0.0,0.0,76.29962158203125
113888,1907.478530,0.6460000276565552,-0.42163553833961487,0.0,0.0,0.0,75.79582214355469
113908,1907.498526,0.6460000276565552,-0.42163553833961487,0.0,0.0,0.0,75.79582214355469
113928,1907.518526,0.6460000276565552,-0.42163553833961487,0.0,0.0,0.0,75.79582214355469
113948,1907.539537,0.6510000228881836,-0.423266738653183,0.0,0.0,0.0,76.36007690429688
113968,1907.558531,0.6510000228881836,-0.423266738653183,0.0,0.0,0.0,76.36007690429688
113988,1907.578535,0.6500000357627869,-0.4235105812549591,0.0,0.0,0.0,75.89653778076172
114008,1907.598527,0.6500000357627869,-0.4235105812549591,0.0,0.0,0.0,75.89653778076172
114028,1907.618533,0.6460000276565552,-0.42477768659591675,0.0,0.0,0.0,75.11358642578125
114048,1907.639536,0.6460000276565552,-0.42477768659591675,0.0,0.0,0.0,75.11358642578125
114068,1907.658525,0.6480000019073486,-0.425998717546463,0.0,0.0,0.0,75.18978118896484
114088,1907.678523,0.6480000019073486,-0.425998717546463,0.0,0.0,0.0,75.18978118896484
114108,1907.698523,0.6440000534057617,-0.42729687690734863,0.0,0.0,0.0,74.44692993164062
114128,1907.718523,0.6440000534057617,-0.42729687690734863,0.0,0.0,0.0,74.44692993164062
114148,1907.738525,0.6480000019073486,-0.42870616912841797,0.0,0.0,0.0,74.57794952392578
114168,1907.758521,0.6480000019073486,-0.42870616912841797,0.0,0.0,0.0,74.57794952392578
114188,1907.778523,0.6510000228881836,-0.4280550479888916,0.0,0.0,0.0,74.53308868408203
114208,1907.798521,0.6510000228881836,-0.4280550479888916,0.0,0.0,0.0,74.53308868408203
114228,1907.818519,0.6510000228881836,-0.4280550479888916,0.0,0.0,0.0,74.53308868408203
114248,1907.839525,0.6520000100135803,-0.427697092294693,0.0,0.0,0.0,74.26298522949219
114268,1907.858524,0.6520000100135803,-0.427697092294693,0.0,0.0,0.0,74.26298522949219
114288,1907.878520,0.6540000438690186,-0.4276091158390045,0.0,0.0,0.0,74.23582458496094
114308,1907.898518,0.6540000438690186,-0.4276091158390045,0.0,0.0,0.0,74.23582458496094
114328,1907.918520,0.6510000228881836,-0.42837992310523987,0.0,0.0,0.0,73.586669921875
114348,1907.939515,0.6510000228881836,-0.42837992310523987,0.0,0.0,0.0,73.586669921875
114368,1907.958521,0.6520000100135803,-0.42951998114585876,0.0,0.0,0.0,73.55326080322266
114388,1907.978519,0.6520000100135803,-0.42951998114585876,0.0,0.0,0.0,73.55326080322266
114408,1907.998517,0.6570000052452087,-0.43266043066978455,0.0,0.0,0.0,74.12477111816406
114428,1908.018517,0.6570000052452087,-0.43266043066978455,0.0,0.0,0.0,74.12477111816406
114448,1908.039526,0.6510000228881836,-0.43402183055877686,0.0,0.0,0.0,73.19011688232422
114468,1908.058518,0.6510000228881836,-0.43402183055877686,0.0,0.0,0.0,73.19011688232422
114488,1908.078514,0.6510000228881836,-0.43402183055877686,0.0,0.0,0.0,73.19011688232422
114508,1908.098514,0.6520000100135803,-0.4352560043334961,0.0,0.0,0.0,73.18082427978516
114528,1908.118516,0.6520000100135803,-0.4352560043334961,0.0,0.0,0.0,73.18082427978516
114548,1908.138514,0.6550000309944153,-0.4346042573451996,0.0,0.0,0.0,73.24528503417969
114568,1908.158514,0.6550000309944153,-0.4346042573451996,0.0,0.0,0.0,73.24528503417969
114588,1908.178514,0.6510000228881836,-0.4352658689022064,0.0,0.0,0.0,72.49591064453125
114608,1908.198511,0.6510000228881836,-0.4352658689022064,0.0,0.0,0.0,72.49591064453125
114628,1908.218513,0.6510000228881836,-0.43570682406425476,0.0,0.0,0.0,72.23475646972656
114648,1908.239514,0.6510000228881836,-0.43570682406425476,0.0,0.0,0.0,72.23475646972656
114668,1908.258521,0.6530000567436218,-0.4378335773944855,0.0,0.0,0.0,72.23738098144531
114688,1908.278539,0.6530000567436218,-0.4378335773944855,0.0,0.0,0.0,72.23738098144531
114708,1908.298512,0.6500000357627869,-0.4382058084011078,0.0,0.0,0.0,71.58379364013672
114728,1908.318507,0.6500000357627869,-0.4382058084011078,0.0,0.0,0.0,71.58379364013672
114748,1908.339507,0.6500000357627869,-0.43877649307250977,0.0,0.0,0.0,71.3612060546875
114768,1908.358511,0.6500000357627869,-0.43877649307250977,0.0,0.0,0.0,71.3612060546875
114788,1908.378508,0.6500000357627869,-0.43877649307250977,0.0,0.0,0.0,71.3612060546875
114808,1908.398508,0.656000018119812,-0.43741369247436523,0.0,0.0,0.0,71.87561798095703
114828,1908.418511,0.656000018119812,-0.43741369247436523,0.0,0.0,0.0,71.87561798095703
114848,1908.438513,0.6470000147819519,-0.43875715136528015,0.0,0.0,0.0,70.47032165527344
114868,1908.458510,0.6470000147819519,-0.43875715136528015,0.0,0.0,0.0,70.47032165527344
114888,1908.478504,0.6500000357627869,-0.4390954375267029,0.0,0.0,0.0,70.61430358886719
114908,1908.498505,0.6500000357627869,-0.4390954375267029,0.0,0.0,0.0,70.61430358886719
114928,1908.517503,0.6530000567436218,-0.43958133459091187,0.0,0.0,0.0,70.80352783203125
114948,1908.537516,0.6530000567436218,-0.43958133459091187,0.0,0.0,0.0,70.80352783203125
114968,1908.557511,0.6520000100135803,-0.4417479634284973,0.0,0.0,0.0,70.4775161743164
114988,1908.577521,0.6520000100135803,-0.4417479634284973,0.0,0.0,0.0,70.4775161743164
115008,1908.597502,0.6510000228881836,-0.44211307168006897,0.0,0.0,0.0,70.13081359863281
115028,1908.617503,0.6510000228881836,-0.44211307168006897,0.0,0.0,0.0,70.13081359863281
115048,1908.637517,0.6510000228881836,-0.44211307168006897,0.0,0.0,0.0,70.13081359863281
115068,1908.657515,0.6540000438690186,-0.4422493577003479,0.0,0.0,0.0,70.26659393310547
115088,1908.677503,0.6540000438690186,-0.4422493577003479,0.0,0.0,0.0,70.26659393310547
