cf_timestamp_ms,host_monotonic_s,sensorFilter.flowRange,sensorFilter.flowLocal,sensorFilter.surfOffset,sensorFilter.surfCand,sensorFilter.surfClear
92812,1886.418015,0.703000009059906,1,0.0,0.0,0.7038413882255554
92832,1886.438022,0.7050000429153442,1,0.0,0.0,0.6986637711524963
92852,1886.458016,0.7000000476837158,1,0.0,0.0,0.6986637711524963
92872,1886.478014,0.7000000476837158,1,0.0,0.0,0.6996629238128662
92892,1886.498009,0.7000000476837158,1,0.0,0.0,0.6996629238128662
92912,1886.518011,0.7000000476837158,1,0.0,0.0,0.7027127742767334
92932,1886.538012,0.7000000476837158,1,0.0,0.0,0.7027127742767334
92952,1886.558015,0.7000000476837158,1,0.0,0.0,0.6997217535972595
92972,1886.578013,0.7010000348091125,1,0.0,0.0,0.6997217535972595
92992,1886.598006,0.7010000348091125,1,0.0,0.0,0.6997217535972595
93012,1886.618009,0.7010000348091125,1,0.0,0.0,0.6969180703163147
93032,1886.638010,0.6980000138282776,1,0.0,0.0,0.6969180703163147
93052,1886.658010,0.7000000476837158,1,0.0,0.0,0.6989132761955261
93072,1886.678008,0.7000000476837158,1,0.0,0.0,0.6989132761955261
93092,1886.697998,0.7000000476837158,1,0.0,0.0,0.6988862156867981
93112,1886.718006,0.7000000476837158,1,0.0,0.0,0.6988862156867981
93132,1886.738009,0.7000000476837158,1,0.0,0.0,0.6967413425445557
93152,1886.758034,0.7000000476837158,1,0.0,0.0,0.6967413425445557
93172,1886.778010,0.7000000476837158,1,0.0,0.0,0.6987307667732239
93192,1886.798007,0.7000000476837158,1,0.0,0.0,0.6987307667732239
93212,1886.818000,0.7000000476837158,1,0.0,0.0,0.7027376890182495
93232,1886.838009,0.7000000476837158,1,0.0,0.0,0.7027376890182495
93252,1886.858000,0.7040000557899475,1,0.0,0.0,0.6959309577941895
93272,1886.877994,0.6970000267028809,1,0.0,0.0,0.6959309577941895
93292,1886.897993,0.6970000267028809,1,0.0,0.0,0.6959309577941895
93312,1886.917997,0.6970000267028809,1,0.0,0.0,0.6959263682365417
93332,1886.938000,0.6970000267028809,1,0.0,0.0,0.6959263682365417
93352,1886.958011,0.6970000267028809,1,0.0,0.0,0.6979367136955261
93372,1886.978016,0.6990000605583191,1,0.0,0.0,0.6979367136955261
93392,1886.997997,0.6990000605583191,1,0.0,0.0,0.696847140789032
93412,1887.017998,0.6990000605583191,1,0.0,0.0,0.696847140789032
93432,1887.038000,0.6990000605583191,1,0.0,0.0,0.7016928791999817
93452,1887.057996,0.703000009059906,1,0.0,0.0,0.7016928791999817
93472,1887.077995,0.703000009059906,1,0.0,0.0,0.6976940035820007
93492,1887.097987,0.6990000605583191,1,0.0,0.0,0.6976940035820007
93512,1887.117991,0.6990000605583191,1,0.0,0.0,0.7016116380691528
93532,1887.137994,0.703000009059906,1,0.0,0.0,0.7016116380691528
93553,1887.157992,0.6990000605583191,1,0.0,0.0,0.6977514624595642
93572,1887.177978,0.6990000605583191,1,0.0,0.0,0.6977514624595642
93593,1887.198009,0.6990000605583191,1,0.0,0.0,0.6977514624595642
93612,1887.217995,0.7050000429153442,1,0.0,0.0,0.7036830186843872
93632,1887.236999,0.7050000429153442,1,0.0,0.0,0.7036830186843872
93653,1887.257993,0.6970000267028809,1,0.0,0.0,0.6956878304481506
93672,1887.277987,0.6970000267028809,1,0.0,0.0,0.6956878304481506
93693,1887.297980,0.7010000348091125,1,0.0,0.0,0.6995571255683899
93713,1887.317984,0.7010000348091125,1,0.0,0.0,0.6995571255683899
93733,1887.337988,0.7020000219345093,1,0.0,0.0,0.7005710005760193
93753,1887.357985,0.7020000219345093,1,0.0,0.0,0.7005710005760193
93773,1887.377981,0.6990000605583191,1,0.0,0.0,0.6975347399711609
93793,1887.397983,0.6990000605583191,1,0.0,0.0,0.6975347399711609
93812,1887.418008,0.6990000605583191,1,0.0,0.0,0.6975777745246887
93833,1887.437991,0.6990000605583191,1,0.0,0.0,0.6975777745246887
93852,1887.457986,0.6990000605583191,1,0.0,0.0,0.6977647542953491
93872,1887.477982,0.6990000605583191,1,0.0,0.0,0.6977647542953491
93892,1887.497982,0.6990000605583191,1,0.0,0.0,0.6977647542953491
93912,1887.517981,0.6990000605583191,1,0.0,0.0,0.696775496006012
93932,1887.537989,0.6990000605583191,1,0.0,0.0,0.696775496006012
93952,1887.557988,0.6990000605583191,1,0.0,0.0,0.6967851519584656
93972,1887.577988,0.6980000138282776,1,0.0,0.0,0.6967851519584656
93992,1887.597980,0.6980000138282776,1,0.0,0.0,0.6976195573806763
94012,1887.617984,0.6990000605583191,1,0.0,0.0,0.6976195573806763
94032,1887.637993,0.6990000605583191,1,0.0,0.0,0.6985867023468018
94053,1887.657982,0.7000000476837158,1,0.0,0.0,0.6985867023468018
94072,1887.677977,0.7000000476837158,1,0.0,0.0,0.6955772638320923
94093,1887.697979,0.6970000267028809,1,0.0,0.0,0.6955772638320923
94112,1887.717983,0.6970000267028809,1,0.0,0.0,0.696556568145752
94133,1887.737984,0.6980000138282776,1,0.0,0.0,0.696556568145752
94153,1887.757983,0.6980000138282776,1,0.0,0.0,0.696556568145752
94173,1887.777977,0.6980000138282776,1,0.0,0.0,0.7016685009002686
94193,1887.797977,0.6980000138282776,1,0.0,0.0,0.7016685009002686
94213,1887.817974,0.6980000138282776,1,0.0,0.0,0.6937041282653809
94233,1887.837979,0.6980000138282776,1,0.0,0.0,0.6937041282653809
94253,1887.857983,0.6980000138282776,1,0.0,0.0,0.6957520246505737
94273,1887.877976,0.6970000267028809,1,0.0,0.0,0.6957520246505737
94293,1887.897977,0.6970000267028809,1,0.0,0.0,0.6996073722839355
94313,1887.917979,0.7010000348091125,1,0.0,0.0,0.6996073722839355
94333,1887.937984,0.7010000348091125,1,0.0,0.0,0.6976698040962219
94353,1887.957983,0.7010000348091125,1,0.0,0.0,0.6976698040962219
94373,1887.977972,0.6960000395774841,1,0.0,0.0,0.6946740746498108
94393,1887.997969,0.6960000395774841,1,0.0,0.0,0.6946740746498108
94413,1888.017968,0.6970000267028809,1,0.0,0.0,0.6959114670753479
94433,1888.037972,0.6970000267028809,1,0.0,0.0,0.6959114670753479
94453,1888.057982,0.6970000267028809,1,0.0,0.0,0.6959114670753479
94473,1888.077972,0.6970000267028809,1,0.0,0.0,0.6959772109985352
94492,1888.096969,0.6970000267028809,1,0.0,0.0,0.6959772109985352
94513,1888.117968,0.6950000524520874,1,0.0,0.0,0.6939799785614014
94533,1888.137972,0.6950000524520874,1,0.0,0.0,0.6939799785614014
94553,1888.157973,0.6950000524520874,1,0.0,0.0,0.6939947009086609
94572,1888.176964,0.6950000524520874,1,0.0,0.0,0.6939947009086609
94593,1888.197963,0.6980000138282776,1,0.0,0.0,0.6968004703521729
94613,1888.216969,0.6980000138282776,1,0.0,0.0,0.6968004703521729
94632,1888.236968,0.6980000138282776,1,0.0,0.0,0.6927826404571533
94652,1888.256964,0.6980000138282776,1,0.0,0.0,0.6927826404571533
94673,1888.277939,0.6950000524520874,1,0.0,0.0,0.6937719583511353
94692,1888.296937,0.6950000524520874,1,0.0,0.0,0.6937719583511353
94712,1888.316939,0.6950000524520874,1,0.0,0.0,0.6937719583511353
94732,1888.336935,0.6950000524520874,1,0.0,0.0,0.6919333338737488
94752,1888.356936,0.6930000185966492,1,0.0,0.0,0.6919333338737488
94772,1888.376934,0.6930000185966492,1,0.0,0.0,0.6949312090873718
94792,1888.396932,0.6960000395774841,1,0.0,0.0,0.6949312090873718
94812,1888.416911,0.6960000395774841,1,0.0,0.0,0.6959779858589172
94832,1888.436932,0.6960000395774841,1,0.0,0.0,0.6959779858589172
94852,1888.456931,0.6960000395774841,1,0.0,0.0,0.6918036937713623
94872,1888.476933,0.6930000185966492,1,0.0,0.0,0.6918036937713623
94892,1888.496931,0.6930000185966492,1,0.0,0.0,0.6938083171844482
94912,1888.516932,0.6930000185966492,1,0.0,0.0,0.6938083171844482
94932,1888.536929,0.6930000185966492,1,0.0,0.0,0.6988503336906433
94952,1888.556930,0.6930000185966492,1,0.0,0.0,0.6988503336906433
94972,1888.576930,0.6930000185966492,1,0.0,0.0,0.6918579339981079
94992,1888.596928,0.6930000185966492,1,0.0,0.0,0.6918579339981079
95012,1888.616930,0.6930000185966492,1,0.0,0.0,0.6918579339981079
95032,1888.635959,0.690000057220459,1,0.0,0.0,0.6890963315963745
95052,1888.655958,0.690000057220459,1,0.0,0.0,0.6890963315963745
95072,1888.675972,0.7000000476837158,1,0.0,0.0,0.6990669369697571
95092,1888.695963,0.7000000476837158,1,0.0,0.0,0.6990669369697571
95112,1888.715960,0.7000000476837158,1,0.0,0.0,0.6960903406143188
95132,1888.735955,0.7000000476837158,1,0.0,0.0,0.6960903406143188
95152,1888.755956,0.7000000476837158,1,0.0,0.0,0.6948926448822021
95172,1888.775956,0.6960000395774841,1,0.0,0.0,0.6948926448822021
95192,1888.795951,0.6960000395774841,1,0.0,0.0,0.6928842663764954
95212,1888.815960,0.6960000395774841,1,0.0,0.0,0.6928842663764954
95232,1888.835951,0.6940000057220459,1,0.0,0.0,0.6968715786933899
95252,1888.855948,0.6940000057220459,1,0.0,0.0,0.6968715786933899
95272,1888.876954,0.6940000057220459,1,0.0,0.0,0.6918909549713135
95292,1888.895985,0.6930000185966492,1,0.0,0.0,0.6918909549713135
95312,1888.915952,0.6930000185966492,1,0.0,0.0,0.6918909549713135
95332,1888.935951,0.6970000267028809,1,0.0,0.0,0.6960785984992981
95352,1888.955949,0.6970000267028809,1,0.0,0.0,0.6960785984992981
95372,1888.975949,0.6970000267028809,1,0.0,0.0,0.6970424056053162
95392,1888.995952,0.6970000267028809,1,0.0,0.0,0.6970424056053162
95412,1889.015951,0.6950000524520874,1,0.0,0.0,0.6940386891365051
95432,1889.035951,0.6950000524520874,1,0.0,0.0,0.6940386891365051
95452,1889.055948,0.6950000524520874,1,0.0,0.0,0.6928982734680176
95472,1889.075947,0.6940000057220459,1,0.0,0.0,0.6928982734680176
95492,1889.095951,0.6940000057220459,1,0.0,0.0,0.6939103007316589
95512,1889.115982,0.6940000057220459,1,0.0,0.0,0.6939103007316589
95532,1889.136950,0.6970000267028809,1,0.0,0.0,0.6958770155906677
95552,1889.155948,0.6970000267028809,1,0.0,0.0,0.6958770155906677
95572,1889.175944,0.6970000267028809,1,0.0,0.0,0.6958770155906677
95592,1889.195945,0.6970000267028809,1,0.0,0.0,0.6900812387466431
95612,1889.216949,0.6970000267028809,1,0.0,0.0,0.6900812387466431
95632,1889.235945,0.6950000524520874,1,0.0,0.0,0.6941177845001221
95652,1889.255943,0.6950000524520874,1,0.0,0.0,0.6941177845001221
95673,1889.276945,0.6950000524520874,1,0.0,0.0,0.6941041350364685
95692,1889.295941,0.6950000524520874,1,0.0,0.0,0.6941041350364685
95712,1889.316015,0.6950000524520874,1,0.0,0.0,0.6951125860214233
95732,1889.335943,0.6950000524520874,1,0.0,0.0,0.6951125860214233
95752,1889.355943,0.6950000524520874,1,0.0,0.0,0.6959024667739868
95772,1889.375948,0.6950000524520874,1,0.0,0.0,0.6959024667739868
95792,1889.395938,0.6950000524520874,1,0.0,0.0,0.6939474940299988
95812,1889.415952,0.6950000524520874,1,0.0,0.0,0.6939474940299988
95832,1889.435941,0.6950000524520874,1,0.0,0.0,0.6919736266136169
95852,1889.455936,0.6930000185966492,1,0.0,0.0,0.6919736266136169
95872,1889.475938,0.6930000185966492,1,0.0,0.0,0.6919736266136169
95892,1889.495934,0.6930000185966492,1,0.0,0.0,0.6901834011077881
95912,1889.516942,0.6930000185966492,1,0.0,0.0,0.6901834011077881
95932,1889.535941,0.690000057220459,1,0.0,0.0,0.6891802549362183
95952,1889.555938,0.690000057220459,1,0.0,0.0,0.6891802549362183
95972,1889.575938,0.690000057220459,1,0.0,0.0,0.6921641826629639
95992,1889.595937,0.690000057220459,1,0.0,0.0,0.6921641826629639
96012,1889.616941,0.690000057220459,1,0.0,0.0,0.6951830983161926
96032,1889.635929,0.690000057220459,1,0.0,0.0,0.6951830983161926
96052,1889.655932,0.690000057220459,1,0.0,0.0,0.6949951648712158
96073,1889.676951,0.6960000395774841,1,0.0,0.0,0.6949951648712158
96093,1889.696935,0.6930000185966492,1,0.0,0.0,0.6920148134231567
96113,1889.716934,0.6930000185966492,1,0.0,0.0,0.6920148134231567
96134,1889.736941,0.6940000057220459,1,0.0,0.0,0.693011462688446
96153,1889.756888,0.6940000057220459,1,0.0,0.0,0.693011462688446
96172,1889.775889,0.6940000057220459,1,0.0,0.0,0.693011462688446
96193,1889.796882,0.6950000524520874,1,0.0,0.0,0.6942222714424133
96212,1889.815882,0.6950000524520874,1,0.0,0.0,0.6942222714424133
96233,1889.836882,0.6970000267028809,1,0.0,0.0,0.6962499618530273
96252,1889.855880,0.6970000267028809,1,0.0,0.0,0.6962499618530273
96272,1889.875882,0.6890000104904175,1,0.0,0.0,0.6882829666137695
96292,1889.895897,0.6890000104904175,1,0.0,0.0,0.6882829666137695
96312,1889.915896,0.6890000104904175,1,0.0,0.0,0.6940905451774597
96333,1889.935938,0.6950000524520874,1,0.0,0.0,0.6940905451774597
96352,1889.955928,0.6950000524520874,1,0.0,0.0,0.6911140084266663
96373,1889.976929,0.6920000314712524,1,0.0,0.0,0.6911140084266663
96393,1889.996927,0.6940000057220459,1,0.0,0.0,0.6931251883506775
96413,1890.016940,0.6940000057220459,1,0.0,0.0,0.6931251883506775
96432,1890.035926,0.6940000057220459,1,0.0,0.0,0.6931251883506775
96452,1890.055926,0.6940000057220459,1,0.0,0.0,0.6940969228744507
96472,1890.075929,0.6940000057220459,1,0.0,0.0,0.6940969228744507
96493,1890.095922,0.6920000314712524,1,0.0,0.0,0.6912805438041687
96513,1890.115926,0.6920000314712524,1,0.0,0.0,0.6912805438041687
96532,1890.135924,0.6930000185966492,1,0.0,0.0,0.692295491695404
96553,1890.155933,0.6930000185966492,1,0.0,0.0,0.692295491695404
96572,1890.174939,0.6930000185966492,1,0.0,0.0,0.6922985315322876
96592,1890.194925,0.6930000185966492,1,0.0,0.0,0.6922985315322876
96612,1890.215927,0.6930000185966492,1,0.0,0.0,0.6931288242340088
96632,1890.234924,0.6940000057220459,1,0.0,0.0,0.6931288242340088
96652,1890.254921,0.6940000057220459,1,0.0,0.0,0.6881157755851746
96672,1890.274942,0.6940000057220459,1,0.0,0.0,0.6881157755851746
96692,1890.294923,0.6940000057220459,1,0.0,0.0,0.6911534667015076
96712,1890.315928,0.6940000057220459,1,0.0,0.0,0.6911534667015076
96732,1890.334921,0.6920000314712524,1,0.0,0.0,0.6911534667015076
96752,1890.354920,0.6910000443458557,1,0.0,0.0,0.6903200745582581
96772,1890.374942,0.6910000443458557,1,0.0,0.0,0.6903200745582581
96792,1890.394921,0.6930000185966492,1,0.0,0.0,0.6923472881317139
96812,1890.415923,0.6930000185966492,1,0.0,0.0,0.6923472881317139
96832,1890.434918,0.6930000185966492,1,0.0,0.0,0.6913463473320007
96852,1890.454918,0.6920000314712524,1,0.0,0.0,0.6913463473320007
96872,1890.474932,0.6920000314712524,1,0.0,0.0,0.694341242313385
96892,1890.494916,0.6920000314712524,1,0.0,0.0,0.694341242313385
96912,1890.515919,0.6950000524520874,1,0.0,0.0,0.6901721954345703
96932,1890.534912,0.6910000443458557,1,0.0,0.0,0.6901721954345703
96952,1890.554913,0.6910000443458557,1,0.0,0.0,0.6881936192512512
96972,1890.574919,0.6910000443458557,1,0.0,0.0,0.6881936192512512
96992,1890.594916,0.6890000104904175,1,0.0,0.0,0.6911910772323608
97012,1890.615959,0.6920000314712524,1,0.0,0.0,0.6911910772323608
97032,1890.634861,0.6920000314712524,1,0.0,0.0,0.6911910772323608
97052,1890.654862,0.6920000314712524,1,0.0,0.0,0.6894083023071289
97072,1890.674885,0.6920000314712524,1,0.0,0.0,0.6894083023071289
97092,1890.694881,0.6920000314712524,1,0.0,0.0,0.6924392580986023
97112,1890.715884,0.6930000185966492,1,0.0,0.0,0.6924392580986023
97132,1890.734848,0.6950000524520874,1,0.0,0.0,0.6944692730903625
97152,1890.754880,0.6950000524520874,1,0.0,0.0,0.6944692730903625
97172,1890.774885,0.6950000524520874,1,0.0,0.0,0.6955174207687378
97192,1890.794914,0.6950000524520874,1,0.0,0.0,0.6955174207687378
97212,1890.815920,0.6960000395774841,1,0.0,0.0,0.6913340091705322
97232,1890.834911,0.6920000314712524,1,0.0,0.0,0.6913340091705322
97252,1890.854907,0.6920000314712524,1,0.0,0.0,0.6943272352218628
97272,1890.874907,0.6950000524520874,1,0.0,0.0,0.6943272352218628
97292,1890.894909,0.6950000524520874,1,0.0,0.0,0.6943272352218628
97312,1890.914905,0.6940000057220459,1,0.0,0.0,0.693359375
97332,1890.934907,0.6940000057220459,1,0.0,0.0,0.693359375
97352,1890.954903,0.6950000524520874,1,0.0,0.0,0.6945000290870667
97372,1890.974907,0.6950000524520874,1,0.0,0.0,0.6945000290870667
97392,1890.994918,0.6950000524520874,1,0.0,0.0,0.6925057768821716
97412,1891.014907,0.6930000185966492,1,0.0,0.0,0.6925057768821716
97432,1891.034904,0.6930000185966492,1,0.0,0.0,0.6914552450180054
97452,1891.054907,0.6920000314712524,1,0.0,0.0,0.6914552450180054
97472,1891.074903,0.6920000314712524,1,0.0,0.0,0.6871576905250549
97492,1891.094917,0.6880000233650208,1,0.0,0.0,0.6871576905250549
97512,1891.114900,0.6880000233650208,1,0.0,0.0,0.6931424736976624
97532,1891.134901,0.6940000057220459,1,0.0,0.0,0.6931424736976624
97552,1891.154906,0.6940000057220459,1,0.0,0.0,0.6920974254608154
97572,1891.174904,0.6930000185966492,1,0.0,0.0,0.6920974254608154
97592,1891.194894,0.6930000185966492,1,0.0,0.0,0.6920974254608154
97612,1891.214901,0.6930000185966492,1,0.0,0.0,0.6920365691184998
97632,1891.234903,0.6930000185966492,1,0.0,0.0,0.6920365691184998
97652,1891.254901,0.6970000267028809,1,0.0,0.0,0.6961865425109863
97672,1891.274908,0.6970000267028809,1,0.0,0.0,0.6961865425109863
97692,1891.294901,0.6970000267028809,1,0.0,0.0,0.6961783766746521
97713,1891.314895,0.6970000267028809,1,0.0,0.0,0.6961783766746521
97732,1891.334896,0.6970000267028809,1,0.0,0.0,0.6930608153343201
97752,1891.354900,0.6940000057220459,1,0.0,0.0,0.6930608153343201
97772,1891.374899,0.6960000395774841,1,0.0,0.0,0.6948390603065491
97792,1891.394893,0.6960000395774841,1,0.0,0.0,0.6948390603065491
97812,1891.413935,0.6960000395774841,1,0.0,0.0,0.6928237080574036
97832,1891.434897,0.6940000057220459,1,0.0,0.0,0.6928237080574036
97852,1891.453901,0.6940000057220459,1,0.0,0.0,0.6928237080574036
97872,1891.474899,0.6940000057220459,1,0.0,0.0,0.6918303966522217
97892,1891.494894,0.6930000185966492,1,0.0,0.0,0.6918303966522217
97912,1891.513895,0.6930000185966492,1,0.0,0.0,0.6950257420539856
97932,1891.533892,0.6930000185966492,1,0.0,0.0,0.6950257420539856
97952,1891.553899,0.6980000138282776,1,0.0,0.0,0.6970153450965881
97972,1891.573910,0.6980000138282776,1,0.0,0.0,0.6970153450965881
97992,1891.593889,0.6970000267028809,1,0.0,0.0,0.696053683757782
98012,1891.613883,0.6970000267028809,1,0.0,0.0,0.696053683757782
98032,1891.633896,0.6970000267028809,1,0.0,0.0,0.6960301995277405
98052,1891.653895,0.6970000267028809,1,0.0,0.0,0.6960301995277405
98072,1891.673896,0.6970000267028809,1,0.0,0.0,0.6968302130699158
98092,1891.693892,0.6980000138282776,1,0.0,0.0,0.6968302130699158
98112,1891.713890,0.6980000138282776,1,0.0,0.0,0.6948031783103943
98132,1891.733890,0.6960000395774841,1,0.0,0.0,0.6948031783103943
98152,1891.753898,0.6960000395774841,1,0.0,0.0,0.6948031783103943
98172,1891.773887,0.6960000395774841,1,0.0,0.0,0.6907837390899658
98192,1891.793889,0.6920000314712524,1,0.0,0.0,0.6907837390899658
98212,1891.813889,0.6920000314712524,1,0.0,0.0,0.6929203271865845
98232,1891.833949,0.6940000057220459,1,0.0,0.0,0.6929203271865845
98252,1891.853891,0.6940000057220459,1,0.0,0.0,0.6979058980941772
98272,1891.873893,0.6990000605583191,1,0.0,0.0,0.6979058980941772
98292,1891.893885,0.6990000605583191,1,0.0,0.0,0.6978793740272522
98312,1891.913887,0.6990000605583191,1,0.0,0.0,0.6978793740272522
98332,1891.933883,0.6990000605583191,1,0.0,0.0,0.692594051361084
98352,1891.953882,0.6940000057220459,1,0.0,0.0,0.692594051361084
98372,1891.973878,0.6940000057220459,1,0.0,0.0,0.6905302405357361
98392,1891.993879,0.6920000314712524,1,0.0,0.0,0.6905302405357361
98412,1892.013882,0.6920000314712524,1,0.0,0.0,0.6905302405357361
98432,1892.033920,0.6910000443458557,1,0.0,0.0,0.6895231604576111
98452,1892.053888,0.6910000443458557,1,0.0,0.0,0.6895231604576111
98472,1892.073923,0.6840000152587891,1,0.0,0.0,0.6826213002204895
98492,1892.093877,0.6840000152587891,1,0.0,0.0,0.6826213002204895
98512,1892.113884,0.6860000491142273,1,0.0,0.0,0.6845818758010864
98532,1892.133877,0.6860000491142273,1,0.0,0.0,0.6845818758010864
98552,1892.153881,0.6860000491142273,1,0.0,0.0,0.6844953298568726
98572,1892.173884,0.6860000491142273,1,0.0,0.0,0.6844953298568726
98592,1892.193875,0.6860000491142273,1,0.0,0.0,0.6872732043266296
98613,1892.214875,0.6890000104904175,1,0.0,0.0,0.6872732043266296
98632,1892.233874,0.6890000104904175,1,0.0,0.0,0.6813350915908813
98652,1892.253890,0.6830000281333923,1,0.0,0.0,0.6813350915908813
98673,1892.274879,0.6810000538825989,1,0.0,0.0,0.6793268322944641
98692,1892.293877,0.6810000538825989,1,0.0,0.0,0.6793268322944641
98713,1892.314874,0.6810000538825989,1,0.0,0.0,0.6793268322944641
98733,1892.334874,0.6780000329017639,1,0.0,0.0,0.6763123273849487
98753,1892.354877,0.6780000329017639,1,0.0,0.0,0.6763123273849487
98772,1892.373876,0.6770000457763672,1,0.0,0.0,0.6754394769668579
98793,1892.393875,0.6770000457763672,1,0.0,0.0,0.6754394769668579
98812,1892.413876,0.6770000457763672,1,0.0,0.0,0.6773748397827148
98832,1892.433876,0.6790000200271606,1,0.0,0.0,0.6773748397827148
98852,1892.453882,0.6770000457763672,1,0.0,0.0,0.6753552556037903
98872,1892.474893,0.6770000457763672,1,0.0,0.0,0.6753552556037903
98892,1892.493871,0.6770000457763672,1,0.0,0.0,0.6692226529121399
98913,1892.514872,0.6710000038146973,1,0.0,0.0,0.6692226529121399
98932,1892.533870,0.6710000038146973,1,0.0,0.0,0.6689020395278931
98952,1892.553877,0.6710000038146973,1,0.0,0.0,0.6689020395278931
98972,1892.573873,0.6710000038146973,1,0.0,0.0,0.6637749671936035
98992,1892.593869,0.6660000085830688,1,0.0,0.0,0.6637749671936035
99012,1892.613871,0.6660000085830688,1,0.0,0.0,0.6616719961166382
99032,1892.633869,0.6640000343322754,1,0.0,0.0,0.6616719961166382
99052,1892.653872,0.6640000343322754,1,0.0,0.0,0.6616719961166382
99072,1892.673876,0.6460000276565552,1,0.0,0.02538985013961792,0.6435121893882751
99092,1892.693869,0.6460000276565552,1,0.0,0.02538985013961792,0.6435121893882751
99112,1892.713871,0.6290000081062317,1,0.0,0.042253971099853516,0.6266480684280396
99132,1892.733862,0.6290000081062317,1,0.0,0.042253971099853516,0.6266480684280396
99152,1892.753870,0.6260000467300415,1,0.0,0.045360028743743896,0.6235420107841492
99172,1892.773884,0.6260000467300415,1,0.0,0.045360028743743896,0.6235420107841492
99192,1892.793860,0.6070000529289246,1,0.0,0.06437468528747559,0.6045273542404175
99212,1892.813874,0.6070000529289246,1,0.0,0.06437468528747559,0.6045273542404175
99232,1892.833863,0.6070000529289246,1,0.0,0.06843316555023193,0.6004688739776611
99252,1892.853867,0.6030000448226929,1,0.0,0.06843316555023193,0.6004688739776611
99272,1892.873873,0.6030000448226929,1,0.0,0.07758355140686035,0.5913184881210327
99292,1892.892895,0.5940000414848328,1,0.0,0.07758355140686035,0.5913184881210327
99312,1892.912863,0.5940000414848328,1,0.0,0.08280283212661743,0.5860992074012756
99332,1892.932861,0.5890000462532043,1,0.0,0.08280283212661743,0.5860992074012756
99352,1892.953867,0.5890000462532043,1,0.0,0.09283047914505005,0.576071560382843
99372,1892.972860,0.5790000557899475,1,0.0,0.09283047914505005,0.576071560382843
99392,1892.992859,0.5790000557899475,1,0.0,0.09283047914505005,0.576071560382843
99412,1893.013857,0.5800000429153442,1,0.0,0.09198576211929321,0.5769162774085999
99432,1893.033858,0.5800000429153442,1,0.0,0.09198576211929321,0.5769162774085999
99452,1893.053819,0.578000009059906,1,0.0,0.09397262334823608,0.574929416179657
99472,1893.072820,0.578000009059906,1,0.0,0.09397262334823608,0.574929416179657
99492,1893.093819,0.5750000476837158,1,0.0,0.0968402624130249,0.5720617771148682
99512,1893.112906,0.5750000476837158,1,0.0,0.0968402624130249,0.5720617771148682
99532,1893.132863,0.5750000476837158,1,0.0,0.10674035549163818,0.5621616840362549
99552,1893.152858,0.5649999976158142,1,0.0,0.10674035549163818,0.5621616840362549
99572,1893.172854,0.5649999976158142,1,0.0,0.10858196020126343,0.5603200793266296
99593,1893.193857,0.5630000233650208,1,0.0,0.10858196020126343,0.5603200793266296
99612,1893.213855,0.5610000491142273,1,0.0,0.11050307750701904,0.558398962020874
99632,1893.233853,0.5610000491142273,1,0.0,0.11050307750701904,0.558398962020874
99653,1893.253860,0.5490000247955322,1,0.0,0.1223873496055603,0.5465146899223328
99673,1893.273850,0.5490000247955322,1,0.0,0.1223873496055603,0.5465146899223328
99692,1893.293851,0.5490000247955322,1,0.0,0.1223873496055603,0.5465146899223328
99712,1893.313880,0.5590000152587891,1,0.0,0.11239081621170044,0.5565112233161926
99732,1893.332855,0.5590000152587891,1,0.0,0.11239081621170044,0.5565112233161926
99752,1893.352848,0.5460000038146973,1,0.0,0.12515413761138916,0.5437479019165039
99772,1893.372851,0.5460000038146973,1,0.0,0.12515413761138916,0.5437479019165039
99792,1893.392851,0.5460000038146973,1,0.0,0.1299939751625061,0.538908064365387
99813,1893.413850,0.5410000085830688,1,0.0,0.1299939751625061,0.538908064365387
99832,1893.432849,0.5410000085830688,1,0.0,0.1240164041519165,0.5448856353759766
99852,1893.452849,0.5470000505447388,1,0.0,0.1240164041519165,0.5448856353759766
99872,1893.472846,0.5470000505447388,1,0.0,0.1319429874420166,0.5369590520858765
99892,1893.492847,0.5390000343322754,1,0.0,0.1319429874420166,0.5369590520858765
99912,1893.512869,0.5390000343322754,1,0.0,0.1349911093711853,0.5339109301567078
99932,1893.532848,0.5360000133514404,1,0.0,0.1349911093711853,0.5339109301567078
99952,1893.552845,0.5360000133514404,1,0.0,0.14211809635162354,0.5267839431762695
99972,1893.572847,0.5290000438690186,1,0.0,0.14211809635162354,0.5267839431762695
99992,1893.592846,0.5290000438690186,1,0.0,0.14112746715545654,0.5277745723724365
100012,1893.612847,0.5300000309944153,1,0.0,0.14112746715545654,0.5277745723724365
100032,1893.632845,0.5300000309944153,1,0.0,0.14112746715545654,0.5277745723724365
100052,1893.652842,0.51500004529953,1,0.0,0.15612369775772095,0.5127783417701721
100072,1893.672843,0.51500004529953,1,0.0,0.15612369775772095,0.5127783417701721
100092,1893.692847,0.51500004529953,1,0.0,0.15710556507110596,0.5117964744567871
100112,1893.712857,0.5139999985694885,1,0.0,0.15710556507110596,0.5117964744567871
100132,1893.732891,0.503000020980835,1,0.0,0.16805052757263184,0.5008515119552612
100152,1893.752842,0.503000020980835,1,0.0,0.16805052757263184,0.5008515119552612
100172,1893.772853,0.503000020980835,1,0.0,0.1747903823852539,0.49411165714263916
100192,1893.792848,0.4960000216960907,1,0.0,0.1747903823852539,0.49411165714263916
100212,1893.812841,0.4930000305175781,1,0.0,0.17779716849327087,0.4911048710346222
100232,1893.832841,0.4930000305175781,1,0.0,0.17779716849327087,0.4911048710346222
100252,1893.852838,0.4930000305175781,1,0.0,0.1896064281463623,0.47929561138153076
100272,1893.872838,0.48100003600120544,1,0.0,0.1896064281463623,0.47929561138153076
100292,1893.892839,0.48100003600120544,1,0.0,0.1903996765613556,0.4785023629665375
100312,1893.912835,0.48100003600120544,1,0.0,0.1903996765613556,0.4785023629665375
100332,1893.932889,0.48000001907348633,1,0.0,0.1895967721939087,0.4793052673339844
100352,1893.952855,0.48100003600120544,1,0.0,0.1895967721939087,0.4793052673339844
100372,1893.972839,0.48100003600120544,1,0.0,0.19539645314216614,0.47350558638572693
100392,1893.992837,0.4750000238418579,1,0.0,0.19539645314216614,0.47350558638572693
100412,1894.012834,0.4750000238418579,1,0.0,0.19539645314216614,0.47350558638572693
100432,1894.032835,0.4740000367164612,1,0.0,0.1903996765613556,0.472606897354126
100452,1894.052834,0.4740000367164612,1,0.0,0.1903996765613556,0.472606897354126
100472,1894.072836,0.4690000116825104,1,0.0,0.2010159194469452,0.4678861200809479
100492,1894.092837,0.4690000116825104,1,0.0,0.2010159194469452,0.4678861200809479
100512,1894.112833,0.46800002455711365,1,0.0,0.2019016146659851,0.46700042486190796
100532,1894.132880,0.46800002455711365,1,0.0,0.2019016146659851,0.46700042486190796
100552,1894.152412,0.46800002455711365,1,0.0,0.2018076777458191,0.467094361782074
100572,1894.172411,0.46800002455711365,1,0.0,0.2018076777458191,0.467094361782074
100592,1894.192415,0.46800002455711365,1,0.0,0.20971137285232544,0.4591906666755676
100612,1894.212408,0.46000000834465027,1,0.0,0.20971137285232544,0.4591906666755676
100632,1894.232424,0.46000000834465027,1,0.0,0.20368030667304993,0.46522173285484314
100652,1894.252411,0.4660000205039978,1,0.0,0.20368030667304993,0.46522173285484314
100672,1894.272410,0.4660000205039978,1,0.0,0.2077603042125702,0.4611417353153229
100692,1894.292410,0.4620000123977661,1,0.0,0.2077603042125702,0.4611417353153229
100713,1894.313413,0.4620000123977661,1,0.0,0.20965033769607544,0.4592517018318176
100733,1894.333406,0.46000000834465027,1,0.0,0.20965033769607544,0.4592517018318176
100752,1894.352417,0.46000000834465027,1,0.0,0.20965033769607544,0.4592517018318176
100772,1894.372400,0.46000000834465027,1,0.0,0.20965033769607544,0.45421189069747925
100793,1894.393400,0.45500001311302185,1,0.0,0.20965033769607544,0.45421189069747925
100812,1894.412396,0.4620000123977661,1,0.0,0.2077603042125702,0.46119925379753113
100833,1894.433402,0.4620000123977661,1,0.0,0.2077603042125702,0.46119925379753113
100853,1894.453400,0.45900002121925354,1,0.0,0.20965033769607544,0.45832234621047974
100873,1894.473401,0.45900002121925354,1,0.0,0.20965033769607544,0.45832234621047974
100892,1894.492402,0.45900002121925354,1,0.0,0.21057969331741333,0.4533120393753052
100912,1894.512399,0.45900002121925354,1,0.0,0.21057969331741333,0.4533120393753052
100933,1894.533401,0.4580000340938568,1,0.0,0.21156686544418335,0.4573351740837097
100952,1894.552416,0.4580000340938568,1,0.0,0.21156686544418335,0.4573351740837097
100972,1894.572404,0.4580000340938568,1,0.0,0.21156686544418335,0.45426827669143677
100992,1894.592400,0.45500001311302185,1,0.0,0.21156686544418335,0.45426827669143677
101012,1894.612396,0.45500001311302185,1,0.0,0.21156686544418335,0.4611228406429291
101032,1894.632404,0.4620000123977661,1,0.0,0.21156686544418335,0.4611228406429291
101052,1894.652355,0.4620000123977661,1,0.0,0.21156686544418335,0.46014201641082764
101072,1894.672371,0.4610000252723694,1,0.0,0.21156686544418335,0.46014201641082764
101092,1894.692368,0.4610000252723694,1,0.0,0.21156686544418335,0.46014201641082764
101112,1894.712365,0.4610000252723694,1,0.0,0.20876002311706543,0.4611932635307312
101132,1894.732366,0.4620000123977661,1,0.0,0.20876002311706543,0.4611932635307312
101152,1894.752402,0.45600003004074097,1,0.0,0.20876002311706543,0.45523712038993835
101172,1894.772396,0.45600003004074097,1,0.0,0.20876002311706543,0.45523712038993835
101192,1894.792393,0.45600003004074097,1,0.0,0.207779198884964,0.4631730616092682
101212,1894.812394,0.45600003004074097,1,0.0,0.207779198884964,0.4631730616092682
101232,1894.832393,0.4620000123977661,1,0.0,0.20770877599716187,0.46131500601768494
101252,1894.852399,0.4620000123977661,1,0.0,0.20770877599716187,0.46131500601768494
101272,1894.872392,0.4620000123977661,1,0.0,0.20758703351020813,0.46429821848869324
101292,1894.892396,0.4650000333786011,1,0.0,0.20758703351020813,0.46429821848869324
101312,1894.912390,0.4650000333786011,1,0.0,0.20758703351020813,0.45828935503959656
101332,1894.932399,0.45900002121925354,1,0.0,0.20758703351020813,0.45828935503959656
101352,1894.952390,0.45900002121925354,1,0.0,0.20572897791862488,0.466229647397995
101372,1894.971395,0.45900002121925354,1,0.0,0.20572897791862488,0.466229647397995
101392,1894.991396,0.46700000762939453,1,0.0,0.20460382103919983,0.4660639464855194
101412,1895.011388,0.46700000762939453,1,0.0,0.20460382103919983,0.4660639464855194
101432,1895.032394,0.46700000762939453,1,0.0,0.20460382103919983,0.4620680809020996
101452,1895.051387,0.46300002932548523,1,0.0,0.20460382103919983,0.4620680809020996
101472,1895.071389,0.46300002932548523,1,0.0,0.20460382103919983,0.4620680809020996
101492,1895.091388,0.46400001645088196,1,0.0,0.2058606743812561,0.46304136514663696
101512,1895.112386,0.46400001645088196,1,0.0,0.2058606743812561,0.46304136514663696
101532,1895.131386,0.4660000205039978,1,0.0,0.0,0.46504077315330505
101552,1895.151389,0.4660000205039978,1,0.0,0.0,0.46504077315330505
101572,1895.171392,0.4660000205039978,1,0.0,0.0,0.4600335359573364
101592,1895.191391,0.4660000205039978,1,0.0,0.0,0.4600335359573364
101612,1895.211383,0.4660000205039978,1,0.0,0.0,0.4661821722984314
101632,1895.231384,0.46700000762939453,1,0.0,0.0,0.4661821722984314
101652,1895.251385,0.46700000762939453,1,0.0,0.0,0.46322381496429443
101672,1895.271383,0.46700000762939453,1,0.0,0.0,0.46322381496429443
101693,1895.292380,0.46800002455711365,1,0.0,0.0,0.46722155809402466
101713,1895.312381,0.46800002455711365,1,0.0,0.0,0.46722155809402466
101732,1895.331383,0.46800002455711365,1,0.0,0.0,0.460242360830307
101753,1895.352381,0.4610000252723694,1,0.0,0.0,0.460242360830307
101773,1895.372379,0.46300002932548523,1,0.0,0.0,0.46206045150756836
101792,1895.392384,0.46300002932548523,1,0.0,0.0,0.46206045150756836
101812,1895.411383,0.46300002932548523,1,0.0,0.0,0.4610770642757416
101833,1895.432380,0.4620000123977661,1,0.0,0.0,0.4610770642757416
101852,1895.451380,0.4620000123977661,1,0.0,0.0,0.4610770642757416
101872,1895.471384,0.4620000123977661,1,0.0,0.0,0.46304526925086975
101892,1895.491384,0.46400001645088196,1,0.0,0.0,0.46304526925086975
101912,1895.511375,0.46300002932548523,1,0.0,0.0,0.46205681562423706
101932,1895.531377,0.46300002932548523,1,0.0,0.0,0.46205681562423706
101952,1895.551375,0.46400001645088196,1,0.0,-0.0011381208896636963,0.46319493651390076
101972,1895.571380,0.46400001645088196,1,0.0,-0.0011381208896636963,0.46319493651390076
101992,1895.591380,0.46400001645088196,1,0.0,-0.007160604000091553,0.4692174196243286
102012,1895.611377,0.46400001645088196,1,0.0,-0.007160604000091553,0.4692174196243286
102032,1895.631447,0.46400001645088196,1,0.0,-0.0001658797264099121,0.462222695350647
102052,1895.651374,0.46400001645088196,1,0.0,-0.0001658797264099121,0.462222695350647
102072,1895.671375,0.46400001645088196,1,0.0,-0.00016960501670837402,0.46222642064094543
102092,1895.691383,0.46400001645088196,1,0.0,-0.00016960501670837402,0.46222642064094543
102112,1895.711375,0.46300002932548523,1,0.0,-0.00021708011627197266,0.46227389574050903
102132,1895.731374,0.46300002932548523,1,0.0,-0.00021708011627197266,0.46227389574050903
102152,1895.751324,0.46300002932548523,1,0.0,-0.00403931736946106,0.4660961329936981
102172,1895.771336,0.46700000762939453,1,0.0,-0.00403931736946106,0.4660961329936981
102192,1895.791350,0.46700000762939453,1,0.0,-0.00403931736946106,0.4660961329936981
102212,1895.811350,0.46700000762939453,1,0.0,-0.004030853509902954,0.46608766913414
102232,1895.831344,0.46700000762939453,1,0.0,-0.004030853509902954,0.46608766913414
102252,1895.851342,0.46700000762939453,1,0.0,-0.004078000783920288,0.46613481640815735
102272,1895.871342,0.46700000762939453,1,0.0,-0.004078000783920288,0.46613481640815735
102292,1895.891344,0.46700000762939453,1,0.0,0.002910226583480835,0.4591465890407562
102312,1895.911371,0.46000000834465027,1,0.0,0.002910226583480835,0.4591465890407562
102332,1895.931370,0.46000000834465027,1,0.0,0.002746403217315674,0.4593104124069214
102352,1895.951374,0.46000000834465027,1,0.0,0.002746403217315674,0.4593104124069214
102372,1895.971368,0.46000000834465027,1,0.0,0.0027531683444976807,0.4593036472797394
102392,1895.991370,0.46000000834465027,1,0.0,0.0027531683444976807,0.4593036472797394
102412,1896.011377,0.46000000834465027,1,0.0,-0.0012392103672027588,0.4632960259914398
102432,1896.031373,0.46400001645088196,1,0.0,-0.0012392103672027588,0.4632960259914398
102452,1896.051366,0.46400001645088196,1,0.0,-0.00010082125663757324,0.46215763688087463
102472,1896.071367,0.46400001645088196,1,0.0,-0.00010082125663757324,0.46215763688087463
102492,1896.091369,0.46300002932548523,1,0.0,-0.008121132850646973,0.47017794847488403
102512,1896.111366,0.46300002932548523,1,0.0,-0.008121132850646973,0.47017794847488403
102532,1896.131368,0.46300002932548523,1,0.0,-0.008121132850646973,0.47017794847488403
102552,1896.151366,0.46300002932548523,1,0.0,-0.0011222362518310547,0.4631790518760681
102572,1896.171367,0.46300002932548523,1,0.0,-0.0011222362518310547,0.4631790518760681
102592,1896.191371,0.46300002932548523,1,0.0,0.0008845925331115723,0.4611722230911255
102612,1896.211362,0.46300002932548523,1,0.0,0.0008845925331115723,0.4611722230911255
102632,1896.231417,0.46300002932548523,1,0.0,-0.004172861576080322,0.4662296772003174
102652,1896.251366,0.46300002932548523,1,0.0,-0.004172861576080322,0.4662296772003174
102672,1896.271363,0.46300002932548523,1,0.0,-0.0033255815505981445,0.4653823971748352
102692,1896.291365,0.4660000205039978,1,0.0,-0.0033255815505981445,0.4653823971748352
102712,1896.311362,0.4660000205039978,1,0.0,-0.007317572832107544,0.4693743884563446
102732,1896.331361,0.4660000205039978,1,0.0,-0.007317572832107544,0.4693743884563446
102752,1896.351359,0.4660000205039978,1,0.0,-0.002329111099243164,0.4643859267234802
102772,1896.371362,0.4660000205039978,1,0.0,-0.002329111099243164,0.4643859267234802
102792,1896.391368,0.4660000205039978,1,0.0,-0.0011941194534301758,0.46325093507766724
102812,1896.411358,0.4660000205039978,1,0.0,-0.0011941194534301758,0.46325093507766724
102833,1896.431359,0.4650000333786011,1,0.0,-0.0022001564502716064,0.46425697207450867
102852,1896.451372,0.4650000333786011,1,0.0,-0.0022001564502716064,0.46425697207450867
102872,1896.471362,0.4650000333786011,1,0.0,-0.0022001564502716064,0.46425697207450867
102892,1896.491359,0.46400001645088196,1,0.0,-0.0012178421020507812,0.46327465772628784
102912,1896.511358,0.46400001645088196,1,0.0,-0.0012178421020507812,0.46327465772628784
102933,1896.531355,0.4620000123977661,1,0.0,0.0007981359958648682,0.4612586796283722
102952,1896.550356,0.4620000123977661,1,0.0,0.0007981359958648682,0.4612586796283722
102972,1896.570361,0.4620000123977661,1,0.0,0.0006388723850250244,0.46141794323921204
102992,1896.590364,0.4620000123977661,1,0.0,0.0006388723850250244,0.46141794323921204
103012,1896.610352,0.4620000123977661,1,0.0,-0.0013706684112548828,0.46342748403549194
103032,1896.630362,0.4620000123977661,1,0.0,-0.0013706684112548828,0.46342748403549194
103052,1896.650354,0.46400001645088196,1,0.0,0.0006260275840759277,0.46143078804016113
103072,1896.670373,0.4620000123977661,1,0.0,0.0006260275840759277,0.46143078804016113
103092,1896.690352,0.4620000123977661,1,0.0,-0.001391589641571045,0.4634484052658081
103112,1896.710352,0.46400001645088196,1,0.0,-0.001391589641571045,0.4634484052658081
103132,1896.730352,0.46400001645088196,1,0.0,0.0016044974327087402,0.4604523181915283
103152,1896.750350,0.4610000252723694,1,0.0,0.0016044974327087402,0.4604523181915283
103172,1896.770355,0.4610000252723694,1,0.0,-0.003386855125427246,0.4654436707496643
103192,1896.790357,0.4660000205039978,1,0.0,-0.003386855125427246,0.4654436707496643
103212,1896.810350,0.4660000205039978,1,0.0,-0.003220468759536743,0.4652772843837738
103232,1896.830350,0.4660000205039978,1,0.0,-0.003220468759536743,0.4652772843837738
103252,1896.850347,0.4660000205039978,1,0.0,-0.003220468759536743,0.4652772843837738
103272,1896.870366,0.4660000205039978,1,0.0,-0.002238035202026367,0.4642948508262634
103292,1896.890346,0.4650000333786011,1,0.0,-0.002238035202026367,0.4642948508262634
103312,1896.910351,0.4620000123977661,1,0.0,0.0007347762584686279,0.46132203936576843
103332,1896.930346,0.4620000123977661,1,0.0,0.0007347762584686279,0.46132203936576843
103352,1896.950346,0.4620000123977661,1,0.0,0.0007311701774597168,0.46132564544677734
103372,1896.970357,0.4620000123977661,1,0.0,0.0007311701774597168,0.46132564544677734
103392,1896.990346,0.45900002121925354,1,0.0,0.0036985576152801514,0.4583582580089569
103412,1897.010342,0.45900002121925354,1,0.0,0.0036985576152801514,0.4583582580089569
103432,1897.030343,0.46800002455711365,1,0.0,-0.005440890789031982,0.46749770641326904
103452,1897.050342,0.46800002455711365,1,0.0,-0.005440890789031982,0.46749770641326904
103472,1897.070350,0.46800002455711365,1,0.0,-0.0014513134956359863,0.46350812911987305
103492,1897.090350,0.46800002455711365,1,0.0,-0.0014513134956359863,0.46350812911987305
103512,1897.110341,0.46400001645088196,1,0.0,-0.0034573376178741455,0.4655141532421112
103532,1897.130341,0.4660000205039978,1,0.0,-0.0034573376178741455,0.4655141532421112
103552,1897.150341,0.4660000205039978,1,0.0,-0.00046688318252563477,0.4625236988067627
103572,1897.170345,0.4660000205039978,1,0.0,-0.00046688318252563477,0.4625236988067627
103592,1897.190344,0.46300002932548523,1,0.0,-0.004438996315002441,0.4664958119392395
103612,1897.210338,0.46700000762939453,1,0.0,-0.004438996315002441,0.4664958119392395
103632,1897.230344,0.46700000762939453,1,0.0,-0.004438996315002441,0.4664958119392395
103652,1897.250337,0.4620000123977661,1,0.0,0.0007467269897460938,0.46131008863449097
103672,1897.270345,0.4620000123977661,1,0.0,0.0007467269897460938,0.46131008863449097
103692,1897.290338,0.4620000123977661,1,0.0,-0.003260880708694458,0.4653176963329315
103712,1897.310342,0.4620000123977661,1,0.0,-0.003260880708694458,0.4653176963329315
103732,1897.330337,0.4620000123977661,1,0.0,0.0017249882221221924,0.46033182740211487
103752,1897.350334,0.4610000252723694,1,0.0,0.0017249882221221924,0.46033182740211487
103772,1897.370341,0.4610000252723694,1,0.0,-0.0022709667682647705,0.46432778239250183
103792,1897.391341,0.4650000333786011,1,0.0,-0.0022709667682647705,0.46432778239250183
103812,1897.410333,0.4650000333786011,1,0.0,0.0035536587238311768,0.4585031569004059
103832,1897.430335,0.4650000333786011,1,0.0,0.0035536587238311768,0.4585031569004059
103852,1897.450332,0.4650000333786011,1,0.0,-0.005422711372375488,0.46747952699661255
103872,1897.470337,0.4650000333786011,1,0.0,-0.005422711372375488,0.46747952699661255
103892,1897.490340,0.46800002455711365,1,0.0,-0.005407452583312988,0.46746426820755005
103912,1897.510337,0.46800002455711365,1,0.0,-0.005407452583312988,0.46746426820755005
103932,1897.530336,0.4660000205039978,1,0.0,-0.0034263432025909424,0.465483158826828
103952,1897.550332,0.4660000205039978,1,0.0,-0.0034263432025909424,0.465483158826828
103972,1897.570337,0.4660000205039978,1,0.0,-0.003268808126449585,0.46532562375068665
103992,1897.590339,0.4660000205039978,1,0.0,-0.003268808126449585,0.46532562375068665
104012,1897.610333,0.4660000205039978,1,0.0,-0.003268808126449585,0.46532562375068665
104032,1897.630331,0.4660000205039978,1,0.0,-0.0042840540409088135,0.4663408696651459
104052,1897.650328,0.4660000205039978,1,0.0,-0.0042840540409088135,0.4663408696651459
104072,1897.670336,0.4660000205039978,1,0.0,-0.005285203456878662,0.4673420190811157
104092,1897.690339,0.4660000205039978,1,0.0,-0.005285203456878662,0.4673420190811157
104112,1897.710331,0.46800002455711365,1,0.0,-0.005297660827636719,0.4673544764518738
104132,1897.730399,0.46800002455711365,1,0.0,-0.005297660827636719,0.4673544764518738
104152,1897.750329,0.46800002455711365,1,0.0,0.0025392472743988037,0.45951756834983826
104172,1897.770334,0.46800002455711365,1,0.0,0.0025392472743988037,0.45951756834983826
104192,1897.790324,0.46800002455711365,1,0.0,-0.003446727991104126,0.4655035436153412
104212,1897.810324,0.46800002455711365,1,0.0,-0.003446727991104126,0.4655035436153412
104233,1897.830341,0.46800002455711365,1,0.0,-0.005456089973449707,0.46751290559768677
104253,1897.850327,0.46800002455711365,1,0.0,-0.005456089973449707,0.46751290559768677
104272,1897.870339,0.46800002455711365,1,0.0,-0.0024664700031280518,0.4645232856273651
104293,1897.890326,0.4650000333786011,1,0.0,-0.0024664700031280518,0.4645232856273651
104312,1897.910327,0.4650000333786011,1,0.0,-0.004446297883987427,0.4665031135082245
104332,1897.930328,0.46700000762939453,1,0.0,-0.004446297883987427,0.4665031135082245
104353,1897.951330,0.4620000123977661,1,0.0,0.0007145404815673828,0.4613422751426697
104372,1897.970335,0.4620000123977661,1,0.0,0.0007145404815673828,0.4613422751426697
104393,1897.990332,0.4620000123977661,1,0.0,0.0007145404815673828,0.4613422751426697
104413,1898.011326,0.46400001645088196,1,0.0,-0.0012944042682647705,0.46335121989250183
104433,1898.030325,0.46400001645088196,1,0.0,-0.0012944042682647705,0.46335121989250183
104453,1898.051323,0.46400001645088196,1,0.0,-0.0013104677200317383,0.4633672833442688
104472,1898.070324,0.46400001645088196,1,0.0,-0.0013104677200317383,0.4633672833442688
104493,1898.091323,0.4620000123977661,1,0.0,0.0006787478923797607,0.4613780677318573
104513,1898.110317,0.4620000123977661,1,0.0,0.0006787478923797607,0.4613780677318573
104533,1898.131318,0.4650000333786011,1,0.0,-0.00248563289642334,0.4645424485206604
104553,1898.151319,0.4650000333786011,1,0.0,-0.00248563289642334,0.4645424485206604
104573,1898.171326,0.46700000762939453,1,0.0,-0.004490017890930176,0.46654683351516724
104593,1898.190323,0.46700000762939453,1,0.0,-0.004490017890930176,0.46654683351516724
104613,1898.210318,0.46700000762939453,1,0.0,-0.005495011806488037,0.4675518274307251
104633,1898.231320,0.46800002455711365,1,0.0,-0.005495011806488037,0.4675518274307251
104653,1898.250315,0.4690000116825104,1,0.0,-0.006484180688858032,0.4685409963130951
104672,1898.270329,0.4690000116825104,1,0.0,-0.006484180688858032,0.4685409963130951
104693,1898.290316,0.4690000116825104,1,0.0,-0.00035431981086730957,0.46241113543510437
104713,1898.310314,0.4690000116825104,1,0.0,-0.00035431981086730957,0.46241113543510437
104733,1898.330315,0.46300002932548523,1,0.0,-0.00035431981086730957,0.46241113543510437
104753,1898.350316,0.4620000123977661,1,0.0,0.0006497502326965332,0.4614070653915405
104772,1898.370319,0.4620000123977661,1,0.0,0.0006497502326965332,0.4614070653915405
104793,1898.390327,0.46400001645088196,1,0.0,-0.0013704895973205566,0.4634273052215576
104813,1898.410312,0.46400001645088196,1,0.0,-0.0013704895973205566,0.4634273052215576
104833,1898.430323,0.46400001645088196,1,0.0,-0.00137290358543396,0.463429719209671
104853,1898.450310,0.46400001645088196,1,0.0,-0.00137290358543396,0.463429719209671
104873,1898.470317,0.4620000123977661,1,0.0,0.00047448277473449707,0.46158233284950256
104893,1898.490309,0.4620000123977661,1,0.0,0.00047448277473449707,0.46158233284950256
104913,1898.510311,0.45600003004074097,1,0.0,0.006476849317550659,0.4555799663066864
104933,1898.530312,0.45600003004074097,1,0.0,0.006476849317550659,0.4555799663066864
104952,1898.549311,0.45600003004074097,1,0.0,-0.0015015602111816406,0.4635583758354187
104972,1898.569310,0.46400001645088196,1,0.0,-0.0015015602111816406,0.4635583758354187
104992,1898.589309,0.46400001645088196,1,0.0,0.001492232084274292,0.46056458353996277
105012,1898.609310,0.4610000252723694,1,0.0,0.001492232084274292,0.46056458353996277
105032,1898.629312,0.4610000252723694,1,0.0,0.001492232084274292,0.46056458353996277
105052,1898.649309,0.4610000252723694,1,0.0,-0.007359445095062256,0.4694162607192993
105072,1898.669309,0.4700000286102295,1,0.0,-0.007359445095062256,0.4694162607192993
105092,1898.689305,0.4700000286102295,1,0.0,-0.001355588436126709,0.46341240406036377
105112,1898.709305,0.46400001645088196,1,0.0,-0.001355588436126709,0.46341240406036377
105132,1898.729305,0.4620000123977661,1,0.0,0.0006280243396759033,0.46142879128456116
105152,1898.749303,0.4620000123977661,1,0.0,0.0006280243396759033,0.46142879128456116
105172,1898.769306,0.4710000157356262,1,0.0,-0.008343994617462158,0.4704008102416992
105192,1898.789305,0.4710000157356262,1,0.0,-0.008343994617462158,0.4704008102416992
105212,1898.809308,0.4710000157356262,1,0.0,-0.008347690105438232,0.4704045057296753
105232,1898.829309,0.4710000157356262,1,0.0,-0.008347690105438232,0.4704045057296753
105252,1898.849304,0.46400001645088196,1,0.0,-0.0013678669929504395,0.4634246826171875
105272,1898.869302,0.46400001645088196,1,0.0,-0.0013678669929504395,0.4634246826171875
105292,1898.889305,0.46400001645088196,1,0.0,-0.0015240907669067383,0.4635809063911438
105312,1898.909314,0.46400001645088196,1,0.0,-0.0015240907669067383,0.4635809063911438
105332,1898.929304,0.46400001645088196,1,0.0,-0.001526474952697754,0.4635832905769348
105352,1898.949303,0.46400001645088196,1,0.0,-0.001526474952697754,0.4635832905769348
105372,1898.969301,0.46400001645088196,1,0.0,0.0024552643299102783,0.4596015512943268
105392,1898.989302,0.46000000834465027,1,0.0,0.0024552643299102783,0.4596015512943268
105412,1899.009300,0.46000000834465027,1,0.0,-0.0015095174312591553,0.4635663330554962
105432,1899.029347,0.46400001645088196,1,0.0,-0.0015095174312591553,0.4635663330554962
105452,1899.049319,0.46400001645088196,1,0.0,-0.0015095174312591553,0.4635663330554962
105472,1899.069298,0.46400001645088196,1,0.0,-0.0023536086082458496,0.4644104242324829
105492,1899.089303,0.4650000333786011,1,0.0,-0.0023536086082458496,0.4644104242324829
105512,1899.109294,0.4650000333786011,1,0.0,0.0006486177444458008,0.46140819787979126
105532,1899.129298,0.4650000333786011,1,0.0,0.0006486177444458008,0.46140819787979126
105552,1899.149294,0.4650000333786011,1,0.0,0.002651035785675049,0.459405779838562
105572,1899.169295,0.46000000834465027,1,0.0,0.002651035785675049,0.459405779838562
105592,1899.189293,0.46000000834465027,1,0.0,-0.00833234190940857,0.47038915753364563
105612,1899.209294,0.46000000834465027,1,0.0,-0.00833234190940857,0.47038915753364563
105632,1899.229298,0.4710000157356262,1,0.0,-0.004508942365646362,0.4665657579898834
105652,1899.249327,0.46700000762939453,1,0.0,-0.004508942365646362,0.4665657579898834
105672,1899.269294,0.46700000762939453,1,0.0,0.00046521425247192383,0.46159160137176514
105692,1899.289293,0.4620000123977661,1,0.0,0.00046521425247192383,0.46159160137176514
105712,1899.309293,0.4620000123977661,1,0.0,-0.004504889249801636,0.4665617048740387
105732,1899.329292,0.46700000762939453,1,0.0,-0.004504889249801636,0.4665617048740387
105753,1899.349292,0.4700000286102295,1,0.0,-0.007513463497161865,0.4695702791213989
105772,1899.369290,0.4700000286102295,1,0.0,-0.007513463497161865,0.4695702791213989
105792,1899.389291,0.4700000286102295,1,0.0,-0.007513463497161865,0.4695702791213989
105812,1899.409286,0.46800002455711365,1,0.0,-0.005375385284423828,0.4674322009086609
105832,1899.429290,0.46800002455711365,1,0.0,-0.005375385284423828,0.4674322009086609
105852,1899.449288,0.46800002455711365,1,0.0,-0.006367385387420654,0.4684242010116577
105872,1899.469291,0.46800002455711365,1,0.0,-0.006367385387420654,0.4684242010116577
105892,1899.488290,0.46800002455711365,1,0.0,-0.004341244697570801,0.46639806032180786
105912,1899.508287,0.46800002455711365,1,0.0,-0.004341244697570801,0.46639806032180786
105933,1899.529290,0.4620000123977661,1,0.0,0.0006658434867858887,0.46139097213745117
105952,1899.549283,0.4620000123977661,1,0.0,0.0006658434867858887,0.46139097213745117
105972,1899.568283,0.4620000123977661,1,0.0,-0.004475623369216919,0.466532438993454
105992,1899.589288,0.46700000762939453,1,0.0,-0.004475623369216919,0.466532438993454
106012,1899.608285,0.46700000762939453,1,0.0,0.0005353689193725586,0.4615214467048645
106032,1899.629288,0.4620000123977661,1,0.0,0.0005353689193725586,0.4615214467048645
106052,1899.648285,0.4620000123977661,1,0.0,-0.0004757344722747803,0.46253255009651184
106072,1899.668286,0.46300002932548523,1,0.0,-0.0004757344722747803,0.46253255009651184
106092,1899.688303,0.46300002932548523,1,0.0,-0.004474669694900513,0.4665314853191376
106112,1899.708291,0.46300002932548523,1,0.0,-0.004474669694900513,0.4665314853191376
106132,1899.729283,0.46700000762939453,1,0.0,-0.004474669694900513,0.4665314853191376
106152,1899.748279,0.46700000762939453,1,0.0,-0.0033343732357025146,0.4653911888599396
106172,1899.768280,0.46700000762939453,1,0.0,-0.0033343732357025146,0.4653911888599396
106192,1899.788286,0.46700000762939453,1,0.0,-0.004356354475021362,0.4664131700992584
106212,1899.808707,0.46700000762939453,1,0.0,-0.004356354475021362,0.4664131700992584
106232,1899.828704,0.46700000762939453,1,0.0,-0.001384824514389038,0.4634416401386261
106252,1899.848698,0.46700000762939453,1,0.0,-0.001384824514389038,0.4634416401386261
106272,1899.868695,0.4650000333786011,1,0.0,-0.0023804306983947754,0.46443724632263184
106292,1899.888710,0.4650000333786011,1,0.0,-0.0023804306983947754,0.46443724632263184
106312,1899.908700,0.46800002455711365,1,0.0,-0.005390167236328125,0.4674469828605652
106332,1899.928709,0.46800002455711365,1,0.0,-0.005390167236328125,0.4674469828605652
106352,1899.948700,0.46800002455711365,1,0.0,-0.0005622506141662598,0.4626190662384033
106372,1899.968695,0.46800002455711365,1,0.0,-0.0005622506141662598,0.4626190662384033
106392,1899.988706,0.46800002455711365,1,0.0,-0.005544900894165039,0.4676017165184021
106412,1900.008695,0.46800002455711365,1,0.0,-0.005544900894165039,0.4676017165184021
106432,1900.028704,0.46800002455711365,1,0.0,-0.0085507333278656,0.47060754895210266
106452,1900.048697,0.46800002455711365,1,0.0,-0.0085507333278656,0.47060754895210266
106472,1900.068691,0.46800002455711365,1,0.0,-0.010526984930038452,0.4725838005542755
106492,1900.088693,0.46800002455711365,1,0.0,-0.010526984930038452,0.4725838005542755
106512,1900.107698,0.46800002455711365,1,0.0,-0.010526984930038452,0.4725838005542755
106532,1900.128705,0.4690000116825104,1,0.0,-0.006385356187820435,0.4684421718120575
106552,1900.147693,0.4690000116825104,1,0.0,-0.006385356187820435,0.4684421718120575
106572,1900.167693,0.4740000367164612,1,0.0,-0.011376291513442993,0.47343310713768005
106592,1900.187697,0.4740000367164612,1,0.0,-0.011376291513442993,0.47343310713768005
106612,1900.207692,0.4740000367164612,1,0.0,-0.007397323846817017,0.4694541394710541
106632,1900.228700,0.4740000367164612,1,0.0,-0.007397323846817017,0.4694541394710541
106652,1900.247692,0.4740000367164612,1,0.0,-0.0033949315547943115,0.46545174717903137
106672,1900.268692,0.4740000367164612,1,0.0,-0.0033949315547943115,0.46545174717903137
106692,1900.287696,0.4740000367164612,1,0.0,-0.0025663673877716064,0.46462318301200867
106712,1900.308697,0.4740000367164612,1,0.0,-0.0025663673877716064,0.46462318301200867
106732,1900.328703,0.4740000367164612,1,0.0,-0.005571275949478149,0.4676280915737152
106752,1900.347690,0.4740000367164612,1,0.0,-0.005571275949478149,0.4676280915737152
106772,1900.367686,0.4740000367164612,1,0.0,-0.009573876857757568,0.47163069248199463
106792,1900.387691,0.4740000367164612,1,0.0,-0.009573876857757568,0.47163069248199463
106812,1900.407693,0.47200003266334534,1,0.0,-0.010586291551589966,0.472643107175827
106833,1900.428694,0.47300001978874207,1,0.0,-0.010586291551589966,0.472643107175827
106852,1900.447683,0.47300001978874207,1,0.0,-0.010586291551589966,0.472643107175827
106872,1900.467682,0.46300002932548523,1,0.0,-0.000441819429397583,0.46249863505363464
106892,1900.487688,0.46300002932548523,1,0.0,-0.000441819429397583,0.46249863505363464
106912,1900.507692,0.46300002932548523,1,0.0,-0.0074142515659332275,0.4694710671901703
106932,1900.527688,0.4700000286102295,1,0.0,-0.0074142515659332275,0.4694710671901703
106953,1900.548703,0.4690000116825104,1,0.0,-0.006379365921020508,0.46843618154525757
106972,1900.567684,0.4690000116825104,1,0.0,-0.006379365921020508,0.46843618154525757
106992,1900.588682,0.4700000286102295,1,0.0,-0.007318615913391113,0.4693754315376282
107012,1900.608682,0.4700000286102295,1,0.0,-0.007318615913391113,0.4693754315376282
107032,1900.627682,0.4700000286102295,1,0.0,-0.011388957500457764,0.4734457731246948
107052,1900.647678,0.4740000367164612,1,0.0,-0.011388957500457764,0.4734457731246948
107072,1900.667681,0.4740000367164612,1,0.0,-0.007355034351348877,0.46941184997558594
107092,1900.687692,0.4700000286102295,1,0.0,-0.007355034351348877,0.46941184997558594
107112,1900.707683,0.4700000286102295,1,0.0,-0.017272263765335083,0.47932907938957214
107132,1900.727678,0.4700000286102295,1,0.0,-0.017272263765335083,0.47932907938957214
107152,1900.747727,0.48000001907348633,1,0.0,-0.021233409643173218,0.4832902252674103
107172,1900.767723,0.484000027179718,1,0.0,-0.021233409643173218,0.4832902252674103
107192,1900.787634,0.484000027179718,1,0.0,-0.021233409643173218,0.4832902252674103
107212,1900.807679,0.4780000150203705,1,0.0,-0.015266895294189453,0.4773237109184265
107232,1900.827661,0.4780000150203705,1,0.0,-0.015266895294189453,0.4773237109184265
107252,1900.847660,0.47300001978874207,1,0.0,-0.010108739137649536,0.4721655547618866
107272,1900.867661,0.47300001978874207,1,0.0,-0.010108739137649536,0.4721655547618866
107292,1900.887657,0.47300001978874207,1,0.0,-0.006083846092224121,0.4681406617164612
107312,1900.907667,0.4690000116825104,1,0.0,-0.006083846092224121,0.4681406617164612
107332,1900.927658,0.4690000116825104,1,0.0,-0.005288749933242798,0.46734556555747986
107352,1900.947693,0.46800002455711365,1,0.0,-0.005288749933242798,0.46734556555747986
107372,1900.967733,0.46300002932548523,1,0.0,-0.0004602670669555664,0.4625170826911926
107392,1900.987679,0.46300002932548523,1,0.0,-0.0004602670669555664,0.4625170826911926
107412,1901.007687,0.46300002932548523,1,0.0,0.0024761557579040527,0.459580659866333
107432,1901.027673,0.46000000834465027,1,0.0,0.0024761557579040527,0.459580659866333
107452,1901.047671,0.46000000834465027,1,0.0,0.003284066915512085,0.458772748708725
107472,1901.067670,0.45900002121925354,1,0.0,0.003284066915512085,0.458772748708725
107492,1901.087672,0.45900002121925354,1,0.0,0.006260424852371216,0.45579639077186584
107512,1901.107697,0.45600003004074097,1,0.0,0.006260424852371216,0.45579639077186584
107532,1901.127671,0.45600003004074097,1,0.0,0.0031600594520568848,0.4588967561721802
107552,1901.147667,0.45600003004074097,1,0.0,0.0031600594520568848,0.4588967561721802
107572,1901.167702,0.45900002121925354,1,0.0,0.003081411123275757,0.4589754045009613
107592,1901.187677,0.45900002121925354,1,0.0,0.003081411123275757,0.4589754045009613
107612,1901.207676,0.45900002121925354,1,0.0,0.003081411123275757,0.4589754045009613
107632,1901.227668,0.4620000123977661,1,0.0,5.0902366638183594e-05,0.4620059132575989
107652,1901.247668,0.4620000123977661,1,0.0,5.0902366638183594e-05,0.4620059132575989
107672,1901.267665,0.4620000123977661,1,0.0,-0.010762512683868408,0.47281932830810547
107692,1901.287673,0.47300001978874207,1,0.0,-0.010762512683868408,0.47281932830810547
107712,1901.307697,0.47200003266334534,1,0.0,-0.009766966104507446,0.4718237817287445
107732,1901.327666,0.47200003266334534,1,0.0,-0.009766966104507446,0.4718237817287445
107752,1901.347664,0.4750000238418579,1,0.0,-0.012757748365402222,0.4748145639896393
107772,1901.367664,0.4750000238418579,1,0.0,-0.012757748365402222,0.4748145639896393
107792,1901.387680,0.4750000238418579,1,0.0,-0.010933160781860352,0.4729899764060974
107812,1901.407668,0.47300001978874207,1,0.0,-0.010933160781860352,0.4729899764060974
107833,1901.427664,0.47300001978874207,1,0.0,-0.010951310396194458,0.4730081260204315
107853,1901.447666,0.47300001978874207,1,0.0,-0.010951310396194458,0.4730081260204315
107872,1901.467663,0.4690000116825104,1,0.0,-0.006962597370147705,0.46901941299438477
107892,1901.487665,0.4690000116825104,1,0.0,-0.006962597370147705,0.46901941299438477
107913,1901.507665,0.4740000367164612,1,0.0,-0.01196637749671936,0.4740231931209564
107932,1901.527660,0.4740000367164612,1,0.0,-0.01196637749671936,0.4740231931209564
107952,1901.547660,0.4740000367164612,1,0.0,-0.01196637749671936,0.4740231931209564
107972,1901.567660,0.4660000205039978,1,0.0,-0.003973156213760376,0.46602997183799744
107992,1901.587664,0.4660000205039978,1,0.0,-0.003973156213760376,0.46602997183799744
108012,1901.607667,0.4710000157356262,1,0.0,-0.008815348148345947,0.470872163772583
108032,1901.627664,0.4710000157356262,1,0.0,-0.008815348148345947,0.470872163772583
108052,1901.647658,0.4710000157356262,1,0.0,-0.008815020322799683,0.47087183594703674
108072,1901.666659,0.4710000157356262,1,0.0,-0.008815020322799683,0.47087183594703674
108092,1901.686657,0.4710000157356262,1,0.0,-0.007809579372406006,0.46986639499664307
108112,1901.706656,0.4700000286102295,1,0.0,-0.007809579372406006,0.46986639499664307
108132,1901.726661,0.4700000286102295,1,0.0,-0.007815271615982056,0.4698720872402191
108152,1901.746654,0.4700000286102295,1,0.0,-0.007815271615982056,0.4698720872402191
108172,1901.766653,0.4700000286102295,1,0.0,-0.012967169284820557,0.4750239849090576
108192,1901.786655,0.4750000238418579,1,0.0,-0.012967169284820557,0.4750239849090576
108212,1901.806656,0.4750000238418579,1,0.0,-0.02295812964439392,0.485014945268631
108232,1901.826656,0.48500001430511475,1,0.0,-0.02295812964439392,0.485014945268631
108252,1901.846652,0.48500001430511475,1,0.0,-0.03393259644508362,0.4959894120693207
108272,1901.866651,0.4960000216960907,1,0.0,-0.03393259644508362,0.4959894120693207
108292,1901.886653,0.4960000216960907,1,0.0,-0.03393259644508362,0.4959894120693207
108312,1901.906651,0.5200000405311584,1,0.0,-0.05790841579437256,0.5199652314186096
108332,1901.926649,0.5200000405311584,1,0.0,-0.05790841579437256,0.5199652314186096
108352,1901.946649,0.5430000424385071,1,0.0,-0.08071702718734741,0.5427738428115845
108372,1901.966654,0.5430000424385071,1,0.0,-0.08071702718734741,0.5427738428115845
108392,1901.986649,0.5710000395774841,1,0.0,-0.10867935419082642,0.5707361698150635
108412,1902.006651,0.5710000395774841,1,0.0,-0.10867935419082642,0.5707361698150635
108432,1902.026654,0.5870000123977661,1,0.0,-0.12464666366577148,0.5867034792900085
108452,1902.046647,0.5870000123977661,1,0.0,-0.12464666366577148,0.5867034792900085
108472,1902.066650,0.5870000123977661,1,0.0,-0.14260488748550415,0.6046617031097412
108492,1902.086648,0.6050000190734863,1,0.0,-0.14260488748550415,0.6046617031097412
108512,1902.106649,0.6050000190734863,1,0.0,-0.15257036685943604,0.6146271824836731
108532,1902.126645,0.6150000095367432,1,0.0,-0.15257036685943604,0.6146271824836731
108552,1902.146648,0.6150000095367432,1,0.0,-0.16575700044631958,0.6278138160705566
108572,1902.166648,0.628000020980835,1,0.0,-0.16575700044631958,0.6278138160705566
108592,1902.186647,0.628000020980835,1,0.0,-0.1737474799156189,0.635804295539856
108612,1902.206646,0.6360000371932983,1,0.0,-0.1737474799156189,0.635804295539856
108632,1902.226643,0.6360000371932983,1,0.0,-0.1737474799156189,0.635804295539856
108652,1902.246693,0.6360000371932983,1,0.0,-0.17473143339157104,0.6367882490158081
108672,1902.266645,0.6370000243186951,1,0.0,-0.17473143339157104,0.6367882490158081
108692,1902.286642,0.6440000534057617,1,0.0,-0.18169230222702026,0.6437491178512573
108712,1902.306644,0.6440000534057617,1,0.0,-0.18169230222702026,0.6437491178512573
108732,1902.326642,0.6450000405311584,1,0.0,-0.18247860670089722,0.6445354223251343
108752,1902.346642,0.6450000405311584,1,0.0,-0.18247860670089722,0.6445354223251343
108772,1902.366640,0.6520000100135803,1,0.0,-0.18942546844482422,0.6514822840690613
108792,1902.386640,0.6520000100135803,1,0.0,-0.18942546844482422,0.6514822840690613
108812,1902.406639,0.6520000100135803,1,0.0,-0.18944621086120605,0.6515030264854431
108832,1902.426641,0.6520000100135803,1,0.0,-0.18944621086120605,0.6515030264854431
108852,1902.446639,0.6580000519752502,1,0.0,-0.19566494226455688,0.657721757888794
108873,1902.467652,0.6580000519752502,1,0.0,-0.19566494226455688,0.657721757888794
108893,1902.487644,0.6570000052452087,1,0.0,-0.19468092918395996,0.656737744808197
108912,1902.506638,0.6570000052452087,1,0.0,-0.19468092918395996,0.656737744808197
108933,1902.526639,0.6570000052452087,1,0.0,-0.19468092918395996,0.656737744808197
108953,1902.547637,0.656000018119812,1,0.0,-0.19368237257003784,0.6557391881942749
108972,1902.566632,0.656000018119812,1,0.0,-0.19368237257003784,0.6557391881942749
108993,1902.587639,0.6570000052452087,1,0.0,-0.19447898864746094,0.656535804271698
109013,1902.606643,0.6570000052452087,1,0.0,-0.19447898864746094,0.656535804271698
109032,1902.626632,0.6550000309944153,1,0.0,-0.19447898864746094,0.6545327305793762
109052,1902.646635,0.6550000309944153,1,0.0,-0.19447898864746094,0.6545327305793762
109072,1902.666636,0.659000039100647,1,0.0,-0.19447898864746094,0.6585244536399841
109093,1902.686638,0.659000039100647,1,0.0,-0.19447898864746094,0.6585244536399841
109113,1902.706631,0.6580000519752502,1,0.0,-0.19447898864746094,0.6577797532081604
109132,1902.726633,0.6580000519752502,1,0.0,-0.19447898864746094,0.6577797532081604
109152,1902.746630,0.6580000519752502,1,0.0,-0.1957148313522339,0.657771646976471
109172,1902.766639,0.6580000519752502,1,0.0,-0.1957148313522339,0.657771646976471
109192,1902.786631,0.6580000519752502,1,0.0,-0.1957148313522339,0.6547669768333435
109212,1902.806628,0.6550000309944153,1,0.0,-0.1957148313522339,0.6547669768333435
109232,1902.826628,0.6550000309944153,1,0.0,-0.1957148313522339,0.6547669768333435
109252,1902.846630,0.6550000309944153,1,0.0,-0.1957148313522339,0.6567413210868835
109272,1902.866627,0.6570000052452087,1,0.0,-0.1957148313522339,0.6567413210868835
109292,1902.886626,0.6570000052452087,1,0.0,-0.19468450546264648,0.6565150022506714
109312,1902.906632,0.6570000052452087,1,0.0,-0.19468450546264648,0.6565150022506714
109332,1902.926629,0.6550000309944153,1,0.0,-0.19445818662643433,0.6544908285140991
109352,1902.946628,0.6550000309944153,1,0.0,-0.19445818662643433,0.6544908285140991
109372,1902.966628,0.6550000309944153,1,0.0,-0.19844800233840942,0.6605048179626465
109392,1902.985628,0.6610000133514404,1,0.0,-0.19844800233840942,0.6605048179626465
109412,1903.006625,0.6610000133514404,1,0.0,-0.19860488176345825,0.6606616973876953
109432,1903.025624,0.6610000133514404,1,0.0,-0.19860488176345825,0.6606616973876953
109452,1903.045628,0.6610000133514404,1,0.0,-0.1955844759941101,0.6576412916183472
109472,1903.065626,0.6580000519752502,1,0.0,-0.1955844759941101,0.6576412916183472
109492,1903.085623,0.6580000519752502,1,0.0,-0.1955844759941101,0.6576412916183472
109512,1903.105622,0.659000039100647,1,0.0,-0.19643783569335938,0.6584946513175964
109532,1903.125626,0.659000039100647,1,0.0,-0.19643783569335938,0.6584946513175964
109552,1903.145623,0.6550000309944153,1,0.0,-0.19643783569335938,0.654479444026947
109572,1903.165639,0.6550000309944153,1,0.0,-0.19643783569335938,0.654479444026947
109592,1903.185625,0.6550000309944153,1,0.0,-0.1955844759941101,0.6550893187522888
109612,1903.205624,0.656000018119812,1,0.0,-0.1955844759941101,0.6550893187522888
109632,1903.225622,0.656000018119812,1,0.0,-0.19303250312805176,0.6540372371673584
109652,1903.245624,0.6550000309944153,1,0.0,-0.19303250312805176,0.6540372371673584
109672,1903.265624,0.6550000309944153,1,0.0,-0.19242262840270996,0.653952956199646
109692,1903.285624,0.6550000309944153,1,0.0,-0.19242262840270996,0.653952956199646
109712,1903.305620,0.6550000309944153,1,0.0,-0.19242262840270996,0.6590932607650757
109732,1903.325622,0.6600000262260437,1,0.0,-0.19242262840270996,0.6590932607650757
109753,1903.346618,0.6570000052452087,1,0.0,-0.19303250312805176,0.6560488343238831
109772,1903.365616,0.6570000052452087,1,0.0,-0.19303250312805176,0.6560488343238831
109792,1903.385614,0.6570000052452087,1,0.0,-0.19303250312805176,0.6560488343238831
109812,1903.405616,0.6540000438690186,1,0.0,-0.19086700677871704,0.6529238224029541
109832,1903.425621,0.6540000438690186,1,0.0,-0.19086700677871704,0.6529238224029541
109852,1903.445620,0.6540000438690186,1,0.0,-0.18775922060012817,0.6498160362243652
109872,1903.466615,0.6510000228881836,1,0.0,-0.18775922060012817,0.6498160362243652
109892,1903.486613,0.6540000438690186,1,0.0,-0.19075465202331543,0.6528114676475525
109913,1903.506614,0.6540000438690186,1,0.0,-0.19075465202331543,0.6528114676475525
109932,1903.525623,0.6540000438690186,1,0.0,-0.18964970111846924,0.6517065167427063
109952,1903.546616,0.6530000567436218,1,0.0,-0.18964970111846924,0.6517065167427063
109972,1903.565618,0.6530000567436218,1,0.0,-0.19075465202331543,0.653892457485199
109992,1903.585614,0.6550000309944153,1,0.0,-0.19075465202331543,0.653892457485199
110012,1903.605614,0.6550000309944153,1,0.0,-0.19075465202331543,0.655849814414978
110032,1903.625614,0.6550000309944153,1,0.0,-0.19075465202331543,0.655849814414978
110053,1903.646612,0.6570000052452087,1,0.0,-0.19075465202331543,0.655849814414978
110073,1903.666613,0.6580000519752502,1,0.0,-0.19183564186096191,0.6567814946174622
110092,1903.685611,0.6580000519752502,1,0.0,-0.19183564186096191,0.6567814946174622
110112,1903.705619,0.656000018119812,1,0.0,-0.19256293773651123,0.6546197533607483
110132,1903.725610,0.656000018119812,1,0.0,-0.19256293773651123,0.6546197533607483
110152,1903.745633,0.656000018119812,1,0.0,-0.19256293773651123,0.6526314616203308
110172,1903.765613,0.6540000438690186,1,0.0,-0.19256293773651123,0.6526314616203308
110192,1903.785608,0.6540000438690186,1,0.0,-0.19256293773651123,0.6526724696159363
110212,1903.805610,0.6540000438690186,1,0.0,-0.19256293773651123,0.6526724696159363
110232,1903.825611,0.6540000438690186,1,0.0,-0.19256293773651123,0.6576492786407471
110252,1903.845609,0.6540000438690186,1,0.0,-0.19256293773651123,0.6576492786407471
110272,1903.865606,0.6540000438690186,1,0.0,-0.1908624768257141,0.6529192924499512
110292,1903.885606,0.6540000438690186,1,0.0,-0.1908624768257141,0.6529192924499512
110312,1903.905606,0.6540000438690186,1,0.0,-0.1908624768257141,0.6568409204483032
110332,1903.925603,0.6540000438690186,1,0.0,-0.1908624768257141,0.6568409204483032
110352,1903.945616,0.6540000438690186,1,0.0,-0.1908624768257141,0.6568409204483032
110372,1903.965642,0.6540000438690186,1,0.0,-0.1908624768257141,0.652839720249176
110392,1903.985607,0.6540000438690186,1,0.0,-0.1908624768257141,0.652839720249176
110412,1904.005607,0.6540000438690186,1,0.0,-0.1908624768257141,0.6526080369949341
110432,1904.025604,0.6540000438690186,1,0.0,-0.1908624768257141,0.6526080369949341
110452,1904.045604,0.6540000438690186,1,0.0,-0.19078290462493896,0.6525466442108154
110472,1904.065603,0.6540000438690186,1,0.0,-0.19078290462493896,0.6525466442108154
110492,1904.085601,0.6540000438690186,1,0.0,-0.19078290462493896,0.6535908579826355
110512,1904.105602,0.6550000309944153,1,0.0,-0.19078290462493896,0.6535908579826355
110532,1904.125601,0.6550000309944153,1,0.0,-0.19055122137069702,0.6495835185050964
110552,1904.145600,0.6510000228881836,1,0.0,-0.19055122137069702,0.6495835185050964
110572,1904.165616,0.6510000228881836,1,0.0,-0.19055122137069702,0.6577372550964355
110592,1904.185609,0.659000039100647,1,0.0,-0.19055122137069702,0.6577372550964355
110612,1904.205597,0.659000039100647,1,0.0,-0.19055122137069702,0.6577372550964355
110632,1904.225599,0.659000039100647,1,0.0,-0.19048982858657837,0.6517114043235779
110652,1904.245600,0.659000039100647,1,0.0,-0.19048982858657837,0.6517114043235779
110672,1904.265598,0.6550000309944153,1,0.0,-0.19153404235839844,0.6537023186683655
110692,1904.285597,0.6550000309944153,1,0.0,-0.19153404235839844,0.6537023186683655
110712,1904.305596,0.6550000309944153,1,0.0,-0.18965458869934082,0.6514518857002258
110732,1904.325596,0.6530000567436218,1,0.0,-0.18965458869934082,0.6514518857002258
110752,1904.345596,0.6530000567436218,1,0.0,-0.1914018988609314,0.6534587144851685
110772,1904.365593,0.6530000567436218,1,0.0,-0.1914018988609314,0.6534587144851685
110792,1904.385593,0.6530000567436218,1,0.0,-0.18965458869934082,0.648354709148407
110812,1904.405598,0.6500000357627869,1,0.0,-0.18965458869934082,0.648354709148407
110832,1904.425598,0.6500000357627869,1,0.0,-0.18939507007598877,0.6485329270362854
110852,1904.445597,0.6500000357627869,1,0.0,-0.18939507007598877,0.6485329270362854
110872,1904.465594,0.6500000357627869,1,0.0,-0.18939507007598877,0.654430627822876
110892,1904.485587,0.656000018119812,1,0.0,-0.18939507007598877,0.654430627822876
110912,1904.505593,0.656000018119812,1,0.0,-0.18939507007598877,0.654430627822876
110932,1904.525592,0.656000018119812,1,0.0,-0.1914018988609314,0.6563419699668884
110952,1904.545590,0.6580000519752502,1,0.0,-0.1914018988609314,0.6563419699668884
110972,1904.564588,0.6580000519752502,1,0.0,-0.18928366899490356,0.6513404846191406
110992,1904.585590,0.6580000519752502,1,0.0,-0.18928366899490356,0.6513404846191406
111012,1904.605588,0.6580000519752502,1,0.0,-0.18928366899490356,0.651096522808075
111032,1904.625591,0.6530000567436218,1,0.0,-0.18928366899490356,0.651096522808075
111052,1904.645588,0.6530000567436218,1,0.0,-0.19013774394989014,0.6521945595741272
111072,1904.664587,0.6530000567436218,1,0.0,-0.19013774394989014,0.6521945595741272
111092,1904.685586,0.6540000438690186,1,0.0,-0.190091073513031,0.6521478891372681
111112,1904.705587,0.6540000438690186,1,0.0,-0.190091073513031,0.6521478891372681
111132,1904.724595,0.6540000438690186,1,0.0,-0.190091073513031,0.6534488201141357
111152,1904.744583,0.6550000309944153,1,0.0,-0.190091073513031,0.6534488201141357
111172,1904.764586,0.6550000309944153,1,0.0,-0.190091073513031,0.6534488201141357
111192,1904.784587,0.6570000052452087,1,0.0,-0.19013774394989014,0.6554651856422424
111212,1904.804584,0.6570000052452087,1,0.0,-0.19013774394989014,0.6554651856422424
111232,1904.824595,0.6570000052452087,1,0.0,-0.19139200448989868,0.6584309339523315
111252,1904.844591,0.6570000052452087,1,0.0,-0.19139200448989868,0.6584309339523315
111272,1904.864582,0.6600000262260437,1,0.0,-0.19216370582580566,0.6542205214500427
111292,1904.884582,0.656000018119812,1,0.0,-0.19216370582580566,0.6542205214500427
111312,1904.904584,0.656000018119812,1,0.0,-0.19216370582580566,0.6512235999107361
111332,1904.924582,0.656000018119812,1,0.0,-0.19216370582580566,0.6512235999107361
111352,1904.944582,0.6530000567436218,1,0.0,-0.19216370582580566,0.6501848101615906
111372,1904.964582,0.6530000567436218,1,0.0,-0.19216370582580566,0.6501848101615906
111392,1904.984582,0.6530000567436218,1,0.0,-0.19216370582580566,0.6561107039451599
111412,1905.004584,0.6530000567436218,1,0.0,-0.19216370582580566,0.6561107039451599
111432,1905.024587,0.6530000567436218,1,0.0,-0.1902819275856018,0.6523387432098389
111452,1905.044590,0.6530000567436218,1,0.0,-0.1902819275856018,0.6523387432098389
111472,1905.064581,0.6530000567436218,1,0.0,-0.1902819275856018,0.6523387432098389
111492,1905.084577,0.6530000567436218,1,0.0,-0.1902819275856018,0.6553964614868164
111512,1905.104577,0.6530000567436218,1,0.0,-0.1902819275856018,0.6553964614868164
111532,1905.124598,0.6530000567436218,1,0.0,-0.1922953724861145,0.6543521881103516
111552,1905.144579,0.656000018119812,1,0.0,-0.1922953724861145,0.6543521881103516
111572,1905.164577,0.6510000228881836,1,0.0,-0.1922953724861145,0.6491414308547974
111592,1905.184574,0.6510000228881836,1,0.0,-0.1922953724861145,0.6491414308547974
111612,1905.204576,0.6540000438690186,1,0.0,-0.1902819275856018,0.6521052122116089
111632,1905.224577,0.6540000438690186,1,0.0,-0.1902819275856018,0.6521052122116089
111652,1905.244577,0.6540000438690186,1,0.0,-0.19103139638900757,0.6530882120132446
111672,1905.264587,0.6540000438690186,1,0.0,-0.19103139638900757,0.6530882120132446
111692,1905.284572,0.6550000309944153,1,0.0,-0.19103139638900757,0.6560350060462952
111712,1905.304571,0.6580000519752502,1,0.0,-0.19103139638900757,0.6560350060462952
111732,1905.324575,0.6580000519752502,1,0.0,-0.19004839658737183,0.6502872109413147
111752,1905.344571,0.6520000100135803,1,0.0,-0.19004839658737183,0.6502872109413147
111772,1905.364583,0.6520000100135803,1,0.0,-0.19004839658737183,0.6502872109413147
111792,1905.384571,0.6570000052452087,1,0.0,-0.19103139638900757,0.6552406549453735
111812,1905.404573,0.6570000052452087,1,0.0,-0.19103139638900757,0.6552406549453735
111832,1905.424571,0.6570000052452087,1,0.0,-0.19103139638900757,0.6522905230522156
111852,1905.444568,0.6540000438690186,1,0.0,-0.19103139638900757,0.6522905230522156
111872,1905.464616,0.6540000438690186,1,0.0,-0.19023370742797852,0.6520516276359558
111892,1905.484576,0.6540000438690186,1,0.0,-0.19023370742797852,0.6520516276359558
111912,1905.504569,0.6540000438690186,1,0.0,-0.18999481201171875,0.6510578989982605
111932,1905.524574,0.6530000567436218,1,0.0,-0.18999481201171875,0.6510578989982605
111952,1905.544571,0.6550000309944153,1,0.0,-0.19023370742797852,0.6530660390853882
111972,1905.564573,0.6550000309944153,1,0.0,-0.19023370742797852,0.6530660390853882
111993,1905.584567,0.6550000309944153,1,0.0,-0.19023370742797852,0.6532949209213257
112012,1905.604566,0.6550000309944153,1,0.0,-0.19023370742797852,0.6532949209213257
112032,1905.624589,0.6550000309944153,1,0.0,-0.19023370742797852,0.6532949209213257
112052,1905.644596,0.6550000309944153,1,0.0,-0.19100922346115112,0.6542530059814453
112072,1905.664564,0.656000018119812,1,0.0,-0.19100922346115112,0.6542530059814453
112092,1905.684571,0.6540000438690186,1,0.0,-0.19100922346115112,0.6522352695465088
112112,1905.704567,0.6540000438690186,1,0.0,-0.19100922346115112,0.6522352695465088
112132,1905.724573,0.6540000438690186,1,0.0,-0.19100922346115112,0.6480013132095337
112152,1905.744566,0.6540000438690186,1,0.0,-0.19100922346115112,0.6480013132095337
112172,1905.764560,0.6540000438690186,1,0.0,-0.19017845392227173,0.6499747037887573
112192,1905.784560,0.6540000438690186,1,0.0,-0.19017845392227173,0.6499747037887573
112212,1905.803654,0.6520000100135803,1,0.0,-0.18797284364700317,0.6500296592712402
112232,1905.824539,0.6520000100135803,1,0.0,-0.18797284364700317,0.6500296592712402
112252,1905.844528,0.6520000100135803,1,0.0,-0.18797284364700317,0.6503111720085144
112272,1905.864524,0.6520000100135803,1,0.0,-0.18797284364700317,0.6503111720085144
112292,1905.884529,0.6520000100135803,1,0.0,-0.18791788816452026,0.6483157873153687
112312,1905.903595,0.6500000357627869,1,0.0,-0.18791788816452026,0.6483157873153687
112332,1905.923567,0.6500000357627869,1,0.0,-0.18791788816452026,0.6483157873153687
112352,1905.944561,0.6530000567436218,1,0.0,-0.18797284364700317,0.6513416171073914
112372,1905.963557,0.6530000567436218,1,0.0,-0.18797284364700317,0.6513416171073914
112392,1905.983579,0.6530000567436218,1,0.0,-0.18797284364700317,0.6472836136817932
112412,1906.003587,0.6530000567436218,1,0.0,-0.18797284364700317,0.6472836136817932
112432,1906.023576,0.6490000486373901,1,0.0,-0.18825435638427734,0.6540344953536987
112452,1906.043577,0.656000018119812,1,0.0,-0.18825435638427734,0.6540344953536987
112472,1906.063577,0.656000018119812,1,0.0,-0.1892848014831543,0.6549680233001709
112492,1906.083572,0.6570000052452087,1,0.0,-0.1892848014831543,0.6549680233001709
112512,1906.103589,0.6570000052452087,1,0.0,-0.1892848014831543,0.6509252786636353
112532,1906.123567,0.6530000567436218,1,0.0,-0.1892848014831543,0.6509252786636353
112552,1906.143556,0.6530000567436218,1,0.0,-0.19197767972946167,0.6540926098823547
112572,1906.163559,0.6530000567436218,1,0.0,-0.19197767972946167,0.6540926098823547
112592,1906.183551,0.6530000567436218,1,0.0,-0.19197767972946167,0.6540926098823547
112612,1906.203566,0.6530000567436218,1,0.0,-0.19197767972946167,0.6500359177589417
112632,1906.223553,0.6530000567436218,1,0.0,-0.19197767972946167,0.6500359177589417
112652,1906.243553,0.6530000567436218,1,0.0,-0.19203579425811768,0.655024528503418
112672,1906.263573,0.6530000567436218,1,0.0,-0.19203579425811768,0.655024528503418
112692,1906.283551,0.6570000052452087,1,0.0,-0.18902570009231567,0.6510825157165527
112712,1906.303565,0.6570000052452087,1,0.0,-0.18902570009231567,0.6510825157165527
112732,1906.323549,0.6570000052452087,1,0.0,-0.19082725048065186,0.6528840661048889
112752,1906.343550,0.6570000052452087,1,0.0,-0.19082725048065186,0.6528840661048889
112772,1906.363547,0.6550000309944153,1,0.0,-0.18972843885421753,0.6517852544784546
112792,1906.383548,0.6550000309944153,1,0.0,-0.18972843885421753,0.6517852544784546
112812,1906.403560,0.6550000309944153,1,0.0,-0.19082725048065186,0.6548009514808655
112832,1906.423550,0.6550000309944153,1,0.0,-0.19082725048065186,0.6548009514808655
112852,1906.443548,0.6550000309944153,1,0.0,-0.19082725048065186,0.653015673160553
112872,1906.463547,0.6550000309944153,1,0.0,-0.19082725048065186,0.653015673160553
112892,1906.483543,0.6550000309944153,1,0.0,-0.19082725048065186,0.653015673160553
112912,1906.503559,0.6550000309944153,1,0.0,-0.19082725048065186,0.6509912610054016
112932,1906.523543,0.6550000309944153,1,0.0,-0.19082725048065186,0.6509912610054016
112952,1906.543551,0.659000039100647,1,0.0,-0.19095885753631592,0.6570074558258057
112972,1906.563554,0.659000039100647,1,0.0,-0.19095885753631592,0.6570074558258057
112992,1906.583545,0.659000039100647,1,0.0,-0.19095885753631592,0.6477252244949341
113012,1906.603559,0.659000039100647,1,0.0,-0.19095885753631592,0.6477252244949341
113032,1906.623545,0.659000039100647,1,0.0,-0.19095885753631592,0.654707133769989
113052,1906.643546,0.6570000052452087,1,0.0,-0.19095885753631592,0.654707133769989
113072,1906.663541,0.6570000052452087,1,0.0,-0.18893444538116455,0.6467194557189941
113093,1906.684540,0.6490000486373901,1,0.0,-0.18893444538116455,0.6467194557189941
113112,1906.703554,0.6490000486373901,1,0.0,-0.1888667345046997,0.6509235501289368
113132,1906.723539,0.6490000486373901,1,0.0,-0.1888667345046997,0.6509235501289368
113153,1906.744541,0.6530000567436218,1,0.0,-0.1888667345046997,0.6509235501289368
113172,1906.763607,0.6530000567436218,1,0.0,-0.1888667345046997,0.6520054340362549
113192,1906.783542,0.6530000567436218,1,0.0,-0.1888667345046997,0.6520054340362549
113212,1906.803555,0.6530000567436218,1,0.0,-0.18994861841201782,0.6529488563537598
113233,1906.824543,0.6550000309944153,1,0.0,-0.18994861841201782,0.6529488563537598
113252,1906.843538,0.6550000309944153,1,0.0,-0.1896458864212036,0.6517027020454407
113272,1906.863538,0.6550000309944153,1,0.0,-0.1896458864212036,0.6517027020454407
113292,1906.883534,0.6550000309944153,1,0.0,-0.1896458864212036,0.6486579775810242
113312,1906.903549,0.6550000309944153,1,0.0,-0.1896458864212036,0.6486579775810242
113332,1906.923537,0.6550000309944153,1,0.0,-0.18994861841201782,0.6537066102027893
113352,1906.943535,0.6550000309944153,1,0.0,-0.18994861841201782,0.6537066102027893
113372,1906.963535,0.6550000309944153,1,0.0,-0.1896458864212036,0.6466639041900635
113392,1906.983557,0.6550000309944153,1,0.0,-0.1896458864212036,0.6466639041900635
113412,1907.003547,0.6550000309944153,1,0.0,-0.1896458864212036,0.6518632173538208
113432,1907.023533,0.6550000309944153,1,0.0,-0.1896458864212036,0.6518632173538208
113452,1907.043534,0.6540000438690186,1,0.0,-0.1896458864212036,0.6518632173538208
113472,1907.063538,0.6550000309944153,1,0.0,-0.18980640172958374,0.65284264087677
113492,1907.083530,0.6550000309944153,1,0.0,-0.18980640172958374,0.65284264087677
113512,1907.103544,0.6550000309944153,1,0.0,-0.18980640172958374,0.6499313712120056
113532,1907.123537,0.6550000309944153,1,0.0,-0.18980640172958374,0.6499313712120056
113552,1907.143535,0.6520000100135803,1,0.0,-0.18787455558776855,0.6498313546180725
113572,1907.163527,0.6520000100135803,1,0.0,-0.18787455558776855,0.6498313546180725
113592,1907.183528,0.6520000100135803,1,0.0,-0.18787455558776855,0.6458589434623718
113612,1907.203517,0.6480000019073486,1,0.0,-0.18787455558776855,0.6458589434623718
113632,1907.223527,0.6480000019073486,1,0.0,-0.1878069043159485,0.6498637199401855
113652,1907.243531,0.6480000019073486,1,0.0,-0.1878069043159485,0.6498637199401855
113672,1907.263529,0.6520000100135803,1,0.0,-0.18777453899383545,0.648959755897522
113692,1907.283530,0.6510000228881836,1,0.0,-0.18777453899383545,0.648959755897522
113712,1907.303542,0.6510000228881836,1,0.0,-0.18777453899383545,0.648959755897522
113732,1907.323530,0.6510000228881836,1,0.0,-0.18777453899383545,0.6500847935676575
113752,1907.343528,0.6520000100135803,1,0.0,-0.18777453899383545,0.6500847935676575
113772,1907.363526,0.6520000100135803,1,0.0,-0.1869029402732849,0.6480627655982971
113792,1907.383523,0.6500000357627869,1,0.0,-0.1869029402732849,0.6480627655982971
113812,1907.403539,0.6500000357627869,1,0.0,-0.1869029402732849,0.6480899453163147
113832,1907.423526,0.6500000357627869,1,0.0,-0.1869029402732849,0.6480899453163147
113852,1907.443526,0.6480000019073486,1,0.0,-0.18603312969207764,0.6459122896194458
113872,1907.462522,0.6480000019073486,1,0.0,-0.18603312969207764,0.6459122896194458
113892,1907.482520,0.6480000019073486,1,0.0,-0.18185561895370483,0.6439124345779419
113912,1907.503535,0.6460000276565552,1,0.0,-0.18185561895370483,0.6439124345779419
113932,1907.522521,0.6460000276565552,1,0.0,-0.1868906021118164,0.6489474177360535
113952,1907.542523,0.6510000228881836,1,0.0,-0.1868906021118164,0.6489474177360535
113973,1907.563519,0.6500000357627869,1,0.0,-0.18603914976119995,0.648095965385437
113992,1907.582521,0.6500000357627869,1,0.0,-0.18603914976119995,0.648095965385437
114013,1907.603535,0.6500000357627869,1,0.0,-0.18603914976119995,0.648095965385437
114032,1907.622523,0.6500000357627869,1,0.0,-0.18196505308151245,0.6440218687057495
114052,1907.642526,0.6500000357627869,1,0.0,-0.18196505308151245,0.6440218687057495
114072,1907.663521,0.6480000019073486,1,0.0,-0.1839466691017151,0.6460034847259521
114092,1907.682517,0.6480000019073486,1,0.0,-0.1839466691017151,0.6460034847259521
114113,1907.703530,0.6440000534057617,1,0.0,-0.1839466691017151,0.6420203447341919
114132,1907.722513,0.6440000534057617,1,0.0,-0.1839466691017151,0.6420203447341919
114152,1907.742519,0.6440000534057617,1,0.0,-0.18362146615982056,0.6456782817840576
114172,1907.762517,0.6440000534057617,1,0.0,-0.18362146615982056,0.6456782817840576
114192,1907.782516,0.6480000019073486,1,0.0,-0.18362146615982056,0.6486160159111023
114212,1907.802516,0.6510000228881836,1,0.0,-0.18362146615982056,0.6486160159111023
114233,1907.823518,0.6520000100135803,1,0.0,-0.1839466691017151,0.6495903134346008
114252,1907.843518,0.6520000100135803,1,0.0,-0.1839466691017151,0.6495903134346008
114272,1907.863516,0.6520000100135803,1,0.0,-0.18975985050201416,0.6518166661262512
114292,1907.882512,0.6520000100135803,1,0.0,-0.18975985050201416,0.6518166661262512
114312,1907.902513,0.6540000438690186,1,0.0,-0.18975985050201416,0.6518166661262512
114332,1907.922512,0.6510000228881836,1,0.0,-0.18676412105560303,0.6488209366798401
114352,1907.943515,0.6510000228881836,1,0.0,-0.18676412105560303,0.6488209366798401
114373,1907.963513,0.6520000100135803,1,0.0,-0.18781769275665283,0.6498745083808899
114392,1907.982508,0.6520000100135803,1,0.0,-0.18781769275665283,0.6498745083808899
114412,1908.003520,0.6520000100135803,1,0.0,-0.19269782304763794,0.654754638671875
114433,1908.023510,0.6570000052452087,1,0.0,-0.19269782304763794,0.654754638671875
114453,1908.043513,0.6510000228881836,1,0.0,-0.18781769275665283,0.6488832831382751
114472,1908.062515,0.6510000228881836,1,0.0,-0.18781769275665283,0.6488832831382751
114492,1908.083507,0.6510000228881836,1,0.0,-0.18781769275665283,0.6499457359313965
114512,1908.103521,0.6520000100135803,1,0.0,-0.18781769275665283,0.6499457359313965
114533,1908.123523,0.6520000100135803,1,0.0,-0.18788892030715942,0.653187096118927
114552,1908.143510,0.6520000100135803,1,0.0,-0.18788892030715942,0.653187096118927
114573,1908.163508,0.6550000309944153,1,0.0,-0.18788892030715942,0.653187096118927
114593,1908.183506,0.6550000309944153,1,0.0,-0.18788892030715942,0.6492592096328735
114613,1908.203518,0.6510000228881836,1,0.0,-0.18788892030715942,0.6492592096328735
114633,1908.223507,0.6510000228881836,1,0.0,-0.18720239400863647,0.6492164731025696
114652,1908.243515,0.6510000228881836,1,0.0,-0.18720239400863647,0.6492164731025696
114673,1908.263510,0.6510000228881836,1,0.0,-0.18788892030715942,0.6509816646575928
114693,1908.283508,0.6510000228881836,1,0.0,-0.18788892030715942,0.6509816646575928
114713,1908.303519,0.6500000357627869,1,0.0,-0.18720239400863647,0.647967517375946
114733,1908.323506,0.6500000357627869,1,0.0,-0.18720239400863647,0.647967517375946
114753,1908.343506,0.6500000357627869,1,0.0,-0.18715965747833252,0.6479625105857849
114773,1908.363505,0.6500000357627869,1,0.0,-0.18715965747833252,0.6479625105857849
114793,1908.383500,0.6500000357627869,1,0.0,-0.18715965747833252,0.6539894342422485
114813,1908.403513,0.656000018119812,1,0.0,-0.18715965747833252,0.6539894342422485
114833,1908.423501,0.656000018119812,1,0.0,-0.18715965747833252,0.6539894342422485
114853,1908.443511,0.656000018119812,1,0.0,-0.18591070175170898,0.6452409625053406
114873,1908.463499,0.6470000147819519,1,0.0,-0.18591070175170898,0.6452409625053406
114893,1908.482499,0.6470000147819519,1,0.0,-0.18591070175170898,0.6482009291648865
114913,1908.503511,0.6500000357627869,1,0.0,-0.18591070175170898,0.6482009291648865
114933,1908.523499,0.6530000567436218,1,0.0,-0.18614411354064941,0.651271641254425
114953,1908.542502,0.6530000567436218,1,0.0,-0.18614411354064941,0.651271641254425
114973,1908.562497,0.6530000567436218,1,0.0,-0.18804949522018433,0.6501063108444214
114993,1908.582501,0.6520000100135803,1,0.0,-0.18804949522018433,0.6501063108444214
115013,1908.602497,0.6520000100135803,1,0.0,-0.18708395957946777,0.6491407752037048
115033,1908.623509,0.6510000228881836,1,0.0,-0.18708395957946777,0.6491407752037048
115053,1908.643502,0.6540000438690186,1,0.0,-0.18804949522018433,0.6521413326263428
115073,1908.662531,0.6540000438690186,1,0.0,-0.18804949522018433,0.6521413326263428
115093,1908.682496,0.6540000438690186,1,0.0,-0.189214825630188,0.6523339152336121
